SubscriptionID,CustomerID,SignupDate,LastLoginDate,Country,Region,Plan,MonthlyRevenue,DeviceType,WatchHoursLastMonth,ChurnFlag,SupportTicketsRaised,NPS_Score,AcquisitionChannel,IsAutoRenew,CouponUsed,PaymentMethod,AgeGroup,GenreMostWatched
SUB100982,CUST20982,"December 14, 2021",2024-02-26,USA,North America,Free Trial,$0.92,Mobile,0,No,0,15,Organic,TRUE,FALSE,Google Pay,55-64,Sci-Fi
SUB101052,CUST21052,2023-06-26,21-05-2025,Canada,North America,Free Trial,0.08,smart tv,,Yes,1,-5,Paid Search,Yes,No,PayPal,13-17,Drama
SUB102096,CUST22096,03/22/2024,2026-01-22,United States,North America,PREMIUM,21.65,Game Console,59.2,,1,3,Organic,FALSE,Yes,Apple Pay,13-17,Drama
SUB102108,CUST22108,12/15/2023,2025-01-19,japan,Asia Pacific,Std,14.76,Mobile,35.6,No,2,5,Referral,TRUE,TRUE,Gift Card,13-17,Kids & Family
SUB100455,CUST20455,2025-12-28,28-02-2026,United States,North America,Basic,9.47,Desktop,46.1,N,0,6,Social Media,1,Y,Apple Pay,55-64,Comedy
SUB102246,CUST22246,"September 30, 2022","December 06, 2023",Spain,Europe,Standard,12.72,Smart TV,41.4,No,1,3,Organic,Yes,FALSE,PayPal,65+,Sci-Fi
SUB101495,CUST21495,,10 Sep 2022,united states,North America,Premium,21.26,Desktop,29.6,No,0,-5,Affiliate,,Yes,Credit Card,65+,Thriller
SUB100333,CUST20333,2022-04-23,02/27/2024,Mexico,North America,Standard,14.57,desktop,,No,1,6,Referral,TRUE,Y,Gift Card,55-64,Kids & Family
SUB102296,CUST22296,22 Jun 2023,2023-10-12,Brazil,Latin America,Standard,13.94,Tablet,,No,0,4,Referral,0,TRUE,Google Pay,35-44,Anime
SUB101649,CUST21649,06/07/2021,19-03-2023,Germany,,Free Trial,-0.8,Smart TV,,No,0,10,Email Campaign,TRUE,TRUE,Google Pay,45-54,Documentary
SUB101810,CUST21810,2024-03-07,2025-06-13,United States,North America,Standard,12.37,Smart TV,3.9,,1,3,Paid Search,0,Yes,Google Pay,45-54,Anime
SUB100769,CUST20769,2021-08-03,09-08-2021,canada,North America,Premium,19.86,Smart TV,62.3,no,0,10,Referral,0,N,Google Pay,45-54,Kids & Family
SUB101272,CUST21272,08-09-2025,2028-02-11,India,Asia Pacific,FreeTrial,1.72,mobile,64.8,Y,2,4,Email Campaign,TRUE,No,Google Pay,13-17,Anime
SUB100415,CUST20415,05/03/2026,02/25/2028,United States,North America,standard,15.86,TV,12.4,Yes,1,7,Affiliate,1,Y,Gift Card,13-17,Kids & Family
SUB102621,CUST20021,08/11/2023,07-05-2024,United Kingdom,Europe,Standard,13.42,Tablet,26.2,No,0,-5,Social Media,Yes,Y,Debit Card,35-44,Comedy
SUB102134,CUST22134,18-12-2023,2024-11-27,mexico,North America,Premium,18.1,Tablet,17.7,No,0,2,Affiliate,FALSE,,Credit Card,35-44,Drama
SUB102536,CUST22536,2025-08-08,2027-04-09,India,Asia Pacific,Std,13.01,Desktop,52.8,N,1,5,Affiliate,TRUE,FALSE,PayPal,65+,Romance
SUB100584,CUST20584,2024-05-12,2024-09-29,France,Europe,Free Trial,,Game Console,0,No,1,10,Affiliate,1,TRUE,Debit Card,25-34,Documentary
SUB100923,CUST20923,08/13/2025,2027-03-22,Australia,Asia Pacific,Basic,8.16,Mobile,31.6,No,0,6,Paid Search,TRUE,FALSE,Debit Card,13-17,Reality TV
SUB100719,CUST20719,12/13/2024,,India,Asia Pacific,Standard,12.32,Tablet,63.8,No,1,,Affiliate,FALSE,N,Apple Pay,45-54,Reality TV
SUB101348,CUST21348,12/31/2022,11/04/2023,canada,North America,Basic,8.93,console,49.1,yes,0,0,Affiliate,FALSE,Y,Gift Card,18-24,Thriller
SUB100371,CUST20371,08/15/2021,06/02/2022,United Kingdom,Europe,FreeTrial,-2.23,Desktop,37,No,0,3,Email Campaign,1,Y,Gift Card,13-17,Drama
SUB101925,CUST21925,2021-03-12,20-04-2021,france,Europe,Free Trial,-0.59,Game Console,10.8,No,0,4,Organic,No,Y,PayPal,13-17,Comedy
SUB101844,CUST21844,03/09/2021,18 Feb 2023,australia,Asia Pacific,standard,14.71,Smart TV,32.2,No,1,5,Affiliate,Yes,N,Credit Card,45-54,Drama
SUB100423,CUST20423,10/13/2021,26 Jun 2022,France,Europe,Standard,15.01,console,20.9,No,0,10,Email Campaign,No,N,PayPal,35-44,Kids & Family
SUB102747,CUST20147,05-02-2021,,Mexico,North America,Premium,20.72,Desktop,34.1,No,0,1,Affiliate,1,,Google Pay,45-54,Action
SUB100022,CUST20022,2024-01-08,04/06/2026,AUS,Asia Pacific,Free Trial,-0.8,Tablet,39.6,Yes,0,-5,Email Campaign,,TRUE,Credit Card,35-44,Action
SUB100726,CUST20726,02/13/2023,02/25/2025,India,Asia Pacific,Basic,11.75,Desktop,36.8,Y,0,8,Email Campaign,No,No,Gift Card,13-17,Romance
SUB100633,CUST20633,2023-11-08,2025-05-17,Brazil,Latin America,Basic,9.7,Mobile,65.7,No,0,4,Paid Search,0,,Apple Pay,35-44,Comedy
SUB101456,CUST21456,22-02-2022,04/06/2024,United Kingdom,Europe,Standard,12.37,iPad,28.8,0,0,7,Social Media,,Yes,Google Pay,55-64,Romance
SUB101166,CUST21166,"July 06, 2023",13-04-2025,France,Europe,Free Trial,0.97,Smart TV,,No,0,0,Affiliate,FALSE,Y,PayPal,25-34,Romance
SUB100088,CUST20088,2025-07-29,2026-06-20,United States,North America,Free Trial,0.21,Desktop,66.6,,1,10,Organic,FALSE,No,Apple Pay,25-34,Thriller
SUB102628,CUST20028,01-04-2026,"August 21, 2027",USA,North America,Premium,18.91,Mobile,41.8,No,1,10,Social Media,TRUE,Yes,PayPal,25-34,Reality TV
SUB101959,CUST21959,"May 02, 2022",16 Aug 2024,Canada,North America,Premium,20.13,Desktop,28.9,No,1,6,Referral,1,,Gift Card,18-24,Action
SUB102411,CUST22411,2024-06-22,01/06/2025,Canada,North America,Basic,6.88,Laptop,30.3,No,0,,Organic,0,FALSE,Apple Pay,13-17,Thriller
SUB100389,CUST20389,01/12/2022,09/23/2023,Canada,North America,Basic,7.43,Tablet,34,No,0,6,Paid Search,TRUE,FALSE,Debit Card,45-54,Comedy
SUB102649,CUST20049,2022-10-07,2023-07-31,United States,North America,Basic,11.02,Game Console,57,,0,0,Paid Search,FALSE,FALSE,Debit Card,13-17,Reality TV
SUB101110,CUST21110,12/20/2021,05/17/2022,India,Asia Pacific,PREMIUM,18.45,Desktop,66.7,No,0,,Paid Search,TRUE,No,Google Pay,13-17,Sci-Fi
SUB102728,CUST20128,19-06-2021,28-08-2021,Brazil,Latin America,Standard,13.34,Tablet,50.7,No,0,9,Affiliate,1,N,Apple Pay,25-34,Action
SUB100895,CUST20895,2023-01-15,02/23/2025,United Kingdom,Europe,basic,$8.31,Desktop,26.1,No,0,4,Paid Search,No,N,Apple Pay,18-24,Action
SUB102083,CUST22083,25-12-2023,03/08/2026,INDIA,Asia Pacific,Standard,16.54,tablet,55.1,,1,3,Referral,TRUE,Yes,Credit Card,18-24,Action
SUB101108,CUST21108,07/17/2022,"July 11, 2024",Mexico,North America,Premium,22.61,Tablet,40.5,No,0,8,Organic,TRUE,No,PayPal,25-34,Anime
SUB102318,CUST22318,"March 23, 2023",25 Sep 2024,Australia,Asia Pacific,Trial,1.06,Smart TV,61.1,Yes,1,5,Social Media,Yes,,PayPal,35-44,Action
SUB100934,CUST20934,10-11-2022,10-04-2025,united states,North America,standard,15.7,Tablet,2.5,No,0,7,Social Media,,,Debit Card,18-24,Thriller
SUB102785,CUST20185,,2024-08-20,france,Europe,Standard,14.27,Game Console,44.4,No,1,7,Paid Search,1,Y,Google Pay,35-44,Documentary
SUB102487,CUST22487,12/09/2022,09/09/2024,France,Europe,Standard,14.5,Mobile,18.7,No,1,6,Referral,1,N,Google Pay,13-17,Comedy
SUB101618,CUST21618,02/28/2023,"March 12, 2024",United States,North America,Basic,-9.4,Tablet,22.1,Yes,3,7,Affiliate,No,No,PayPal,25-34,Drama
SUB101036,CUST21036,2025-11-12,06-11-2026,Spain,,Basic,9.18,smart tv,55.4,0,0,4,Affiliate,,Y,Gift Card,35-44,Romance
SUB101610,CUST21610,,06/13/2026,India,Asia Pacific,basic,7.61,iPad,57.3,No,0,-5,Organic,No,N,Gift Card,35-44,Drama
SUB102759,CUST20159,2025-07-29,20-03-2026,United States,North America,Premium,20.19,Game Console,39.9,Yes,3,6,Paid Search,,TRUE,Apple Pay,,Action
SUB102142,CUST22142,01/10/2021,2022-12-18,United Kingdom,Europe,Standard,16.5,Desktop,41.7,No,0,8,Organic,FALSE,FALSE,Credit Card,45-54,Sci-Fi
SUB100552,CUST20552,08-06-2024,2024-08-04,Germany,Europe,Standard,12.36,Mobile,19.1,Yes,0,1,Email Campaign,,FALSE,Gift Card,18-24,Kids & Family
SUB102908,CUST20308,01/06/2024,"January 25, 2026",United States,North America,Standard,13.96,Phone,,No,0,15,Email Campaign,FALSE,No,Apple Pay,35-44,Reality TV
SUB102054,CUST22054,2023-01-18,2023-08-06,United Kingdom,Europe,Standard,13.07,desktop,42,Yes,1,1,Referral,,,Google Pay,55-64,Anime
SUB101374,CUST21374,2024-09-27,2026-07-29,Japan,Asia Pacific,Standard,13.35,console,52.8,No,0,7,Affiliate,TRUE,Yes,Credit Card,65+,Kids & Family
SUB102796,CUST20196,2025-05-20,21-04-2027,Japan,Asia Pacific,Basic,$10.81,Desktop,0,No,0,-5,Referral,0,No,Debit Card,45-54,Drama
SUB101366,CUST21366,"January 06, 2021",2023-04-25,France,Europe,Basic,10.25,Phone,25.6,No,0,7,Affiliate,TRUE,Y,Debit Card,55-64,Documentary
SUB100968,CUST20968,01/02/2021,2022-04-27,India,Asia Pacific,Standard,12.9,Game Console,17.6,No,1,1,Affiliate,Yes,Yes,Gift Card,25-34,Documentary
SUB102684,CUST20084,"April 15, 2021",11-09-2022,France,Europe,Standard,14.27,Game Console,58.1,No,2,8,Social Media,1,No,Google Pay,35-44,Drama
SUB102602,CUST20002,08 Jul 2022,2022-10-04,India,Asia Pacific,Basic,8.77,TV,52,No,0,9,Referral,1,Yes,Debit Card,45-54,Thriller
SUB102871,CUST20271,14-03-2025,"January 08, 2027",India,Asia Pacific,Free Trial,-1.42,Game Console,24.6,No,2,1,Social Media,No,,Gift Card,35-44,Anime
SUB101556,CUST21556,05-05-2025,2025-06-26,United Kingdom,Europe,basic,9.79,desktop,21.6,,1,7,Email Campaign,,,PayPal,45-54,Kids & Family
SUB102665,CUST20065,04/12/2025,05-01-2026,united states,North America,Free Trial,-0.66,PC,71.3,No,1,,Paid Search,0,Y,PayPal,18-24,Anime
SUB101133,CUST21133,2023-07-08,2025-10-07,Germany,Europe,Basic,,smart tv,0,No,0,15,Social Media,0,Y,Credit Card,25-34,Reality TV
SUB100853,CUST20853,"July 21, 2025",05/31/2026,USA,North America,Standard,13.85,TV,14.7,No,0,1,Email Campaign,FALSE,Yes,Google Pay,25-34,Comedy
SUB101100,CUST21100,17-04-2022,2024-02-23,AUS,Asia Pacific,Basic,10.54,Console,70.6,No,0,2,Affiliate,Yes,Y,Gift Card,25-34,Documentary
SUB100323,CUST20323,2025-05-28,2026-05-12,United States,North America,Basic,9.73,Desktop,0.4,No,0,,Email Campaign,0,,Debit Card,18-24,Documentary
SUB101644,CUST21644,23 Apr 2021,10/05/2022,Canada,North America,Standard,14.83,Tablet,14.8,No,1,9,Referral,FALSE,Yes,Debit Card,18-24,Comedy
SUB102846,CUST20246,09 Dec 2023,2024-03-01,United States,North America,Premium,21.63 USD,Tablet,35.8,Yes,1,9,Email Campaign,,No,PayPal,35-44,Thriller
SUB101866,CUST21866,02/04/2021,2021-11-03,Spain,Europe,Free Trial,-0.21,Game Console,50.2,0,0,2,Social Media,1,Y,Apple Pay,45-54,Comedy
SUB100440,CUST20440,25 Oct 2025,2027-02-11,Brazil,Latin America,Standard,15.13,Smart TV,12.8,,0,15,Referral,FALSE,N,PayPal,13-17,Anime
SUB100558,CUST20558,12/21/2023,2024-12-04,Canada,North America,Basic,9.41,Desktop,15.2,,0,1,Organic,Yes,Yes,PayPal,45-54,Romance
SUB100237,CUST20237,2023-12-01,10/24/2025,australia,Asia Pacific,Std,14.73,desktop,28.2,1,0,0,Affiliate,FALSE,,Google Pay,13-17,Comedy
SUB102389,CUST22389,2024-05-29,2025-11-23,india,Asia Pacific,Standard,$13.91,Mobile,36.3,No,0,6,Email Campaign,TRUE,N,PayPal,35-44,Thriller
SUB102089,CUST22089,2023-01-05,08/17/2024,italy,Europe,FreeTrial,-2.39,Phone,45.8,,1,3,Social Media,TRUE,Yes,Debit Card,45-54,Kids & Family
SUB102456,CUST22456,07/20/2026,06/12/2028,Brazil,Latin America,Premium,19.8,Desktop,72.8,No,1,3,Paid Search,FALSE,,Debit Card,55-64,Drama
SUB100390,CUST20390,2022-01-20,14 Aug 2022,USA,North America,Standard,$13.89,Smart TV,71,No,1,9,Referral,TRUE,Y,Gift Card,18-24,Comedy
SUB101729,CUST21729,03/05/2022,2022-08-11,japan,Asia Pacific,Standard,15.36 USD,tablet,35.4,No,0,10,Email Campaign,FALSE,TRUE,Gift Card,13-17,Romance
SUB102931,CUST20331,2022-12-03,05 Feb 2025,United States,North America,Standard,16.05,Desktop,30.2,No,0,8,Referral,0,Y,Credit Card,25-34,Comedy
SUB101496,CUST21496,2021-05-06,18-08-2023,united states,North America,Basic,9.88,desktop,82.2,No,0,6,Email Campaign,TRUE,TRUE,Credit Card,18-24,Thriller
SUB102199,CUST22199,08/13/2021,02 Oct 2023,India,Asia Pacific,Basic,7.79,PC,49.6,Yes,2,8,Email Campaign,1,Yes,Google Pay,13-17,Reality TV
SUB101232,CUST21232,18 Apr 2021,2022-07-26,canada,North America,standard,14.9,Desktop,29.4,No,0,0,Referral,TRUE,TRUE,Apple Pay,65+,Anime
SUB101121,CUST21121,2023-08-01,04/22/2025,Brazil,Latin America,Basic,10.23,Mobile,11.4,yes,1,6,Organic,1,,Google Pay,55-64,Romance
SUB102853,CUST20253,21-06-2024,12-04-2026,Mexico,North America,Standard,11.81,iPad,5,,2,15,Referral,FALSE,No,Google Pay,55-64,Thriller
SUB101008,CUST21008,2026-02-26,07/18/2026,United States,North America,Free Trial,,Desktop,39.1,N,1,5,Social Media,,No,Gift Card,25-34,Romance
SUB100071,CUST20071,16-06-2021,2023-04-03,japan,Asia Pacific,Standard,14.49,mobile,15.2,No,2,0,Organic,No,Yes,Gift Card,45-54,Action
SUB101254,CUST21254,2021-07-08,03/06/2023,India,Asia Pacific,Free Trial,-0.26,Mobile,0,No,1,8,Paid Search,No,TRUE,Google Pay,45-54,Drama
SUB101288,CUST21288,2021-12-15,2022-10-02,United States,North America,Premium,18.99,Desktop,78.2,Yes,0,10,Email Campaign,TRUE,FALSE,Credit Card,18-24,Action
SUB102429,CUST22429,2026-02-19,2027-11-11,United States,North America,Free Trial,1.42,Smart TV,46.2,No,2,5,Referral,TRUE,Y,Gift Card,13-17,Comedy
SUB100031,CUST20031,"January 06, 2021",12-04-2022,United States,North America,Standard,11.97,Desktop,28.3,No,0,7,Email Campaign,FALSE,Yes,Debit Card,65+,Action
SUB102561,CUST22561,"November 18, 2023",2025-03-13,United States,North America,Basic,9.58,Mobile,22.5,No,0,7,Email Campaign,TRUE,Y,PayPal,55-64,Anime
SUB101053,CUST21053,2025-05-09,2026-05-30,Brazil,Latin America,Basic,9.25,Desktop,50.5,Yes,2,15,Social Media,1,TRUE,Google Pay,25-34,Drama
SUB101112,CUST21112,07/20/2024,2025-12-09,Japan,Asia Pacific,Free Trial,-0.05,Tablet,33.2,No,0,,Email Campaign,FALSE,Y,Debit Card,25-34,Drama
SUB102222,CUST22222,02-10-2021,2022-12-14,United States,North America,Standard,14.35,Desktop,20,,2,9,Social Media,1,,Apple Pay,18-24,Anime
SUB100637,CUST20637,2023-01-20,10-05-2025,United States,North America,Standard,15.93,Mobile,42.3,Yes,0,7,Affiliate,,N,Google Pay,65+,Reality TV
SUB101631,CUST21631,"March 30, 2024",10/15/2024,United States,North America,Basic,9.91,Desktop,,Yes,0,10,Affiliate,TRUE,No,PayPal,35-44,Anime
SUB100978,CUST20978,04 Mar 2024,29-10-2025,Canada,North America,Standard,13.88,Smart TV,26.4,Y,1,1,Social Media,FALSE,Yes,Google Pay,13-17,Documentary
SUB100604,CUST20604,2025-10-14,2026-01-25,USA,North America,Standard,15.05,Tablet,477.7,No,2,15,Email Campaign,TRUE,Y,Apple Pay,18-24,Sci-Fi
SUB102950,CUST20350,2025-10-05,,USA,North America,Premium,20.79,Smart TV,0,No,1,2,Referral,1,FALSE,Gift Card,65+,Documentary
SUB102902,CUST20302,15-05-2026,18-11-2027,Mexico,North America,standard,14.87,mobile,54.2,No,0,3,Email Campaign,TRUE,Yes,Gift Card,55-64,Documentary
SUB102927,CUST20327,2023-05-20,08/12/2023,Spain,Europe,Std,14.68,Mobile,68.5,No,2,9,Organic,TRUE,TRUE,PayPal,35-44,Thriller
SUB102541,CUST22541,"July 06, 2022",04-10-2023,United States,North America,basic,$9.69,Console,,No,0,6,Organic,1,Y,Credit Card,65+,Romance
SUB102741,CUST20141,2022-10-02,01 Feb 2023,United Kingdom,Europe,Premium,18.8,SmartTV,48.6,,0,1,Organic,,,Credit Card,25-34,Thriller
SUB100824,CUST20824,21 Mar 2024,2026-02-25,United States,North America,premium,19.53,Mobile,30.3,No,0,0,Affiliate,0,Y,Gift Card,65+,Thriller
SUB102874,CUST20274,10 Sep 2022,12/25/2022,France,Europe,Premium,19.12,Phone,62.5,,0,2,Paid Search,TRUE,No,Google Pay,25-34,Drama
SUB100058,CUST20058,05-01-2022,12/20/2022,India,Asia Pacific,Basic,9.08,Smart TV,24.4,Yes,1,1,Social Media,No,FALSE,Debit Card,55-64,Anime
SUB100247,CUST20247,03/11/2025,2025-11-01,India,Asia Pacific,Standard,13.62,PC,53.7,,2,6,Social Media,FALSE,No,Gift Card,55-64,Romance
SUB102827,CUST20227,02/25/2025,2025-08-20,Australia,,Basic,9.78,Console,79,No,1,9,Organic,No,Y,PayPal,65+,Romance
SUB102498,CUST22498,2024-01-26,"April 05, 2026",United Kingdom,Europe,Premium,17.73,Phone,58.2,No,1,-5,Affiliate,1,FALSE,Credit Card,45-54,Kids & Family
SUB100393,CUST20393,"March 28, 2026",09/09/2026,India,Asia Pacific,Standard,13.75,Desktop,13.4,No,0,7,Referral,Yes,Yes,PayPal,65+,Anime
SUB101395,CUST21395,2024-04-08,03/18/2025,United States,North America,Basic,7.96,Smart TV,37.2,yes,1,9,Paid Search,0,Yes,Credit Card,35-44,Sci-Fi
SUB100533,CUST20533,01 Oct 2024,07 Dec 2024,Brazil,Latin America,Premium,21.72,Mobile,33.5,No,0,6,Paid Search,0,Y,Apple Pay,55-64,Romance
SUB102339,CUST22339,2021-11-27,12/04/2023,INDIA,Asia Pacific,basic,8.57,Desktop,382.8,,1,6,Paid Search,Yes,N,Google Pay,13-17,Thriller
SUB102897,CUST20297,2023-04-26,12-09-2024,Brazil,Latin America,Standard,11.62,Mobile,53.5,,0,15,Social Media,FALSE,No,Gift Card,18-24,Documentary
SUB101001,CUST21001,"January 28, 2026","January 30, 2027",United States,North America,Standard,13.98,Desktop,66.8,No,0,0,Referral,FALSE,N,Apple Pay,65+,Romance
SUB100541,CUST20541,2024-11-03,12/27/2025,India,Asia Pacific,Standard,$14.12,Mobile,26.8,No,1,0,Email Campaign,FALSE,TRUE,Credit Card,13-17,Drama
SUB101027,CUST21027,14-10-2025,09/09/2027,México,North America,Free Trial,-0.21,iPad,54.3,,0,15,Social Media,TRUE,FALSE,Google Pay,18-24,Sci-Fi
SUB101573,CUST21573,01 Oct 2025,10/24/2025,United States,North America,Free Trial,-0.77,Desktop,41.8,,0,7,Referral,1,Y,Gift Card,45-54,Thriller
SUB100251,CUST20251,24 Dec 2023,10/22/2024,Japan,Asia Pacific,basic,8.13,Smart TV,4.9,Y,1,10,Affiliate,0,TRUE,Credit Card,18-24,Reality TV
SUB100155,CUST20155,2021-08-22,08 Oct 2023,France,Europe,Standard,$15.4,Tablet,43.8,Y,0,8,Referral,0,TRUE,Apple Pay,13-17,Thriller
SUB102011,CUST22011,10/21/2025,07/10/2027,United States,North America,Standard,12.83,Smart TV,32,,1,6,Social Media,FALSE,Y,PayPal,,Thriller
SUB102606,CUST20006,02/24/2023,2024-03-07,United States,North America,Premium,21.26,Console,41.5,No,0,6,Referral,,TRUE,Apple Pay,35-44,Comedy
SUB101172,CUST21172,01/09/2021,19-05-2021,Australia,Asia Pacific,Standard,-14.17,Phone,41.5,No,0,7,Email Campaign,FALSE,N,Debit Card,45-54,Drama
SUB102476,CUST22476,2021-10-01,2023-06-20,Italy,Europe,premium,20.49,smart tv,42.8,No,0,,Social Media,1,N,Credit Card,18-24,Sci-Fi
SUB101329,CUST21329,10/23/2024,10 Jul 2026,Germany,Europe,Standard,13.43,Smart TV,44.7,,0,3,Social Media,0,Yes,Google Pay,35-44,Anime
SUB101809,CUST21809,04/13/2023,2025-05-04,United States,North America,Standard,15.59,iPad,39.7,Y,1,8,Affiliate,FALSE,FALSE,Apple Pay,13-17,Anime
SUB100060,CUST20060,2025-07-31,2027-10-29,india,Asia Pacific,standard,15.91,desktop,30.2,No,0,15,Organic,No,FALSE,PayPal,35-44,Drama
SUB100962,CUST20962,"January 27, 2021","July 15, 2021",Canada,North America,Standard,12.37,Smart TV,67.1,No,2,4,Referral,FALSE,FALSE,Apple Pay,35-44,Kids & Family
SUB102821,CUST20221,2026-05-29,06/30/2027,India,Asia Pacific,Basic,8.53,iPad,17.5,No,1,,Social Media,,N,Gift Card,18-24,Action
SUB100227,CUST20227,28-12-2023,02/10/2025,United Kingdom,Europe,Std,14.07,Smart TV,38.2,No,2,1,Email Campaign,FALSE,FALSE,Google Pay,35-44,Comedy
SUB100193,CUST20193,2022-04-22,"April 08, 2022",USA,North America,standard,14.52,mobile,45.5,,0,15,Organic,TRUE,Yes,Credit Card,65+,Documentary
SUB101407,CUST21407,,,Italy,Europe,premium,17.99,Mobile,317.7,no,0,9,Organic,Yes,FALSE,Apple Pay,25-34,Comedy
SUB102450,CUST22450,2021-05-06,2021-10-16,USA,North America,Standard,-16.07,Game Console,45.7,No,3,6,Affiliate,TRUE,N,PayPal,13-17,Anime
SUB101169,CUST21169,2024-04-27,,India,Asia Pacific,Std,14.77,mobile,47.4,Yes,0,1,Referral,1,TRUE,Apple Pay,45-54,Drama
SUB100892,CUST20892,2024-05-04,2024-12-22,United States,,Basic,9.32,Mobile,29,,0,2,Social Media,,TRUE,Gift Card,25-34,Thriller
SUB100537,CUST20537,27-06-2024,09/02/2025,United States,North America,Basic,10.57,Desktop,91.2,,0,15,Organic,1,No,PayPal,55-64,Thriller
SUB100438,CUST20438,"September 20, 2025",,India,Asia Pacific,Basic,8.72,Desktop,32.9,Y,1,0,Paid Search,Yes,TRUE,PayPal,35-44,Kids & Family
SUB100378,CUST20378,"December 21, 2024",09-07-2026,united states,North America,Trial,1.03,Smart TV,47.8,No,0,4,Referral,1,FALSE,PayPal,55-64,Reality TV
SUB101704,CUST21704,2025-08-10,11/22/2025,United States,North America,Basic,9.45,mobile,,No,0,0,Email Campaign,0,Y,Apple Pay,65+,Thriller
SUB102617,CUST20017,"May 24, 2026",01/19/2028,Mexico,North America,Basic,8.09,Mobile,52.4,No,1,10,Social Media,No,N,Apple Pay,35-44,Documentary
SUB102769,CUST20169,12-09-2025,26 Jun 2026,Germany,Europe,Free Trial,0.49,Smart TV,,No,1,8,Affiliate,FALSE,,Google Pay,18-24,Sci-Fi
SUB102818,CUST20218,03/20/2022,04/09/2022,Canada,,free trial,-1.97,Tablet,42.7,No,1,6,Email Campaign,TRUE,Yes,Apple Pay,45-54,Comedy
SUB101332,CUST21332,08/03/2025,,france,Europe,Premium,$17.86,smart tv,44.1,No,0,8,Social Media,0,Y,Credit Card,25-34,Sci-Fi
SUB102326,CUST22326,2022-05-25,07/21/2022,Canada,North America,Standard,14.11,mobile,22.5,Yes,1,15,Social Media,TRUE,Y,Debit Card,65+,Drama
SUB102010,CUST22010,2023-10-10,01-09-2025,Japan,Asia Pacific,premium,19.95,Desktop,6.1,Yes,0,15,Social Media,Yes,,Gift Card,65+,Action
SUB100348,CUST20348,"July 26, 2025",04/27/2026,United States,North America,Standard,12.83,smart tv,16.7,,2,7,Email Campaign,FALSE,Y,Debit Card,18-24,Reality TV
SUB100070,CUST20070,,2022-10-30,Brazil,Latin America,Std,16.39,smart tv,93.3,No,0,1,Social Media,FALSE,TRUE,Google Pay,45-54,Romance
SUB102567,CUST22567,13 Aug 2025,"July 10, 2026",United Kingdom,Europe,Premium,22.67,Desktop,49.5,No,0,5,Organic,1,Y,Credit Card,55-64,Documentary
SUB101818,CUST21818,10/09/2024,2024-12-10,India,Asia Pacific,Premium,20.41,Smart TV,30.3,Yes,2,5,Social Media,Yes,,PayPal,65+,Documentary
SUB100550,CUST20550,01/22/2021,02/10/2021,India,Asia Pacific,Basic,9.71,Console,45.4,No,0,15,Email Campaign,,Yes,PayPal,35-44,Sci-Fi
SUB100372,CUST20372,"April 21, 2025",2025-06-13,United States,North America,Standard,15.11,Mobile,71,No,2,4,Email Campaign,Yes,Y,Debit Card,35-44,Documentary
SUB100629,CUST20629,18-06-2025,2026-05-22,México,North America,Standard,14.11,desktop,50.9,Yes,0,5,Social Media,Yes,,Google Pay,18-24,Documentary
SUB101234,CUST21234,06/22/2022,10 Sep 2022,Italy,Europe,Free Trial,0.26,Mobile,34.3,No,0,,Affiliate,TRUE,No,Apple Pay,35-44,Romance
SUB101586,CUST21586,10/15/2024,2026-09-11,United States,,Standard,12.28,Smart TV,18.6,1,0,6,Affiliate,No,FALSE,Credit Card,35-44,Kids & Family
SUB101047,CUST21047,12/22/2021,2022-01-20,Australia,Asia Pacific,Basic,10.67,Phone,14.1,No,0,2,Affiliate,TRUE,No,PayPal,35-44,Kids & Family
SUB101978,CUST21978,2024-06-16,22 Jul 2025,United States,North America,Free Trial,0.89,mobile,50.5,No,0,2,Social Media,No,N,PayPal,55-64,Romance
SUB101073,CUST21073,,2024-10-25,mexico,North America,Basic,9.8,Mobile,20.1,yes,0,9,Affiliate,TRUE,TRUE,Debit Card,45-54,Romance
SUB101418,CUST21418,05/04/2021,09/04/2023,Deutschland,Europe,Basic,10.71,Tablet,62.4,No,0,4,Referral,TRUE,No,Debit Card,35-44,Drama
SUB100165,CUST20165,2024-02-17,2025-09-27,United States,North America,Basic,10.8,Smart TV,47.8,No,0,5,Referral,,TRUE,Apple Pay,65+,Sci-Fi
SUB102583,CUST22583,2024-10-31,02/05/2026,Brazil,Latin America,Standard,13.42,Game Console,16.3,No,0,5,Paid Search,No,No,Gift Card,45-54,Kids & Family
SUB101511,CUST21511,"June 03, 2026",04/10/2028,United Kingdom,Europe,Premium,19.9,Tablet,60.2,,0,1,Organic,TRUE,,Gift Card,35-44,Anime
SUB100603,CUST20603,03/12/2026,,Spain,Europe,premium,22.73,Smart TV,41,No,1,5,Referral,1,N,Debit Card,18-24,Romance
SUB100842,CUST20842,2025-03-03,02/03/2027,USA,North America,Free Trial,-0.64,Desktop,473.3,Yes,0,3,Affiliate,TRUE,Y,Credit Card,13-17,Reality TV
SUB102235,CUST22235,06/26/2026,"November 23, 2028",Deutschland,Europe,Basic,9.28,Smart TV,25,,1,,Affiliate,0,FALSE,Credit Card,55-64,Drama
SUB101691,CUST21691,2022-12-27,08 Feb 2023,Spain,Europe,standard,14.98,Smart TV,20.7,,0,0,Email Campaign,1,TRUE,Gift Card,55-64,Drama
SUB102965,CUST20365,14-02-2026,11 Jun 2026,United States,North America,basic,8.75,Mobile,34,No,2,1,Paid Search,FALSE,Yes,Gift Card,25-34,Sci-Fi
SUB100825,CUST20825,2024-11-14,2026-04-19,United States,North America,Standard,12.11,PC,42.8,Y,0,15,Organic,TRUE,TRUE,Google Pay,55-64,Romance
SUB102718,CUST20118,12-08-2021,08 Oct 2022,Canada,,BASIC,8.53,Game Console,40.4,1,1,,Paid Search,FALSE,No,Debit Card,65+,Drama
SUB101947,CUST21947,2026-04-04,06/30/2027,Germany,Europe,Basic,8.61,Smart TV,22,No,0,8,Email Campaign,Yes,Y,Debit Card,35-44,Kids & Family
SUB100512,CUST20512,08-07-2025,2026-02-23,United States,North America,Basic,6.37,Desktop,35.7,No,2,3,Referral,1,N,Debit Card,25-34,Action
SUB101062,CUST21062,2022-04-02,06/06/2022,Spain,Europe,Std,14.29,console,51.9,No,0,1,Affiliate,No,No,Gift Card,65+,Kids & Family
SUB102338,CUST22338,2022-01-24,2022-11-22,United States,North America,Standard,14.68,Mobile,43.4,No,0,10,Referral,Yes,FALSE,Google Pay,25-34,Romance
SUB101798,CUST21798,11 Mar 2022,2022-08-10,UK,Europe,Standard,15.02,Tablet,58.8,No,1,0,Referral,,Y,Credit Card,35-44,Drama
SUB102979,CUST20379,17 May 2023,12/29/2024,Canada,North America,basic,9.26,Mobile,33.9,No,0,,Paid Search,,TRUE,Gift Card,25-34,Reality TV
SUB101362,CUST21362,06 Jun 2026,19-05-2027,United States,North America,Standard,16.94,iPad,62.8,No,0,2,Referral,Yes,N,Credit Card,,Romance
SUB101777,CUST21777,08/21/2024,2025-05-01,United States,North America,Standard,13.26,Mobile,0,No,0,,Affiliate,TRUE,,Google Pay,25-34,Romance
SUB100655,CUST20655,2021-01-03,2022-11-17,Brasil,Latin America,Basic,9.47,Desktop,46.3,Yes,1,0,Paid Search,,,Credit Card,13-17,Anime
SUB101786,CUST21786,"February 13, 2024","April 23, 2026",United States,North America,Free Trial,2.16 USD,desktop,44,Yes,1,8,Social Media,FALSE,FALSE,Apple Pay,45-54,Drama
SUB102603,CUST20003,2024-06-13,04 Oct 2026,AUS,Asia Pacific,Basic,$8.15,Smart TV,50.8,,1,-5,Paid Search,,TRUE,Google Pay,55-64,Anime
SUB102842,CUST20242,"June 07, 2021",2022-08-03,UK,Europe,Basic,9.17,Desktop,,No,1,5,Organic,,No,Gift Card,35-44,Action
SUB101880,CUST21880,,26-04-2024,united states,North America,BASIC,9.44,Smart TV,0,No,0,15,Social Media,FALSE,N,Gift Card,18-24,Sci-Fi
SUB100319,CUST20319,2024-07-06,2024-10-13,USA,North America,Standard,14.69,Mobile,45.5,,0,4,Affiliate,FALSE,No,Gift Card,55-64,Kids & Family
SUB102913,CUST20313,"July 30, 2024",10-02-2025,U.S.A,North America,free trial,1.59,Smart TV,44.2,No,0,0,Referral,FALSE,,Credit Card,25-34,Drama
SUB100211,CUST20211,2022-01-14,"March 04, 2024",United States,North America,Basic,8.28,Laptop,5.4,No,2,-5,Organic,TRUE,Yes,Gift Card,18-24,Documentary
SUB100686,CUST20686,04/06/2025,16-12-2025,United States,North America,Standard,14.43,Game Console,,No,1,6,Paid Search,0,N,Debit Card,25-34,Action
SUB102847,CUST20247,"February 12, 2025",10/03/2026,united states,North America,Standard,13.59,Game Console,0,No,1,0,Email Campaign,FALSE,Y,Gift Card,35-44,Comedy
SUB100210,CUST20210,06 Feb 2026,2027-04-22,UK,Europe,Premium,20.1,Game Console,18.3,,0,5,Organic,No,,Gift Card,55-64,Sci-Fi
SUB101784,CUST21784,2023-09-14,2025-10-03,Canada,North America,basic,-8.03,console,24.1,No,1,6,Email Campaign,Yes,N,Credit Card,,Reality TV
SUB100662,CUST20662,2023-07-18,07/03/2025,Canada,North America,Free Trial,-1.91,Mobile,32.5,No,2,2,Paid Search,0,FALSE,Gift Card,55-64,Romance
SUB100176,CUST20176,2023-12-06,12/19/2024,India,Asia Pacific,Basic,8.3,Tablet,51.3,No,0,6,Social Media,FALSE,No,Credit Card,65+,Drama
SUB101522,CUST21522,2022-04-21,2024-02-01,United States,North America,Std,14.23,Game Console,84.4,No,0,,Referral,,No,Google Pay,18-24,Romance
SUB101417,CUST21417,"January 16, 2023",2025-04-16,India,,Basic,10.16,Tablet,31.9,,0,-5,Referral,1,TRUE,PayPal,25-34,Documentary
SUB102375,CUST22375,2025-03-28,07/12/2027,United States,North America,Basic,10.46,Smart TV,18,No,1,3,Email Campaign,1,No,Debit Card,55-64,Sci-Fi
SUB101788,CUST21788,2021-07-31,10/15/2021,Germany,Europe,premium,19.48,console,23.6,No,0,8,Organic,TRUE,N,Apple Pay,13-17,Action
SUB100585,CUST20585,07/25/2022,2024-03-28,Brazil,Latin America,Std,13.85,Tablet,15,Yes,1,4,Referral,0,TRUE,Google Pay,45-54,Romance
SUB101913,CUST21913,03 Jun 2024,08/11/2024,Japan,Asia Pacific,Standard,17.28,PC,52.3,,1,2,Email Campaign,TRUE,Yes,Apple Pay,55-64,Sci-Fi
SUB101183,CUST21183,04-08-2025,,india,Asia Pacific,Basic,8.89,Mobile,443.7,Yes,0,15,Email Campaign,TRUE,No,Gift Card,35-44,Documentary
SUB101049,CUST21049,2024-09-08,05-07-2026,india,Asia Pacific,Free Trial,0.47,Mobile,44.9,No,2,-5,Organic,TRUE,,Gift Card,45-54,Comedy
SUB101968,CUST21968,01-09-2021,28 Aug 2023,Canada,North America,Basic,8.24,Game Console,18.4,,2,6,Organic,,,Google Pay,25-34,Anime
SUB100267,CUST20267,2023-08-13,26-01-2025,U.S.A,North America,Free Trial,-1.88,Mobile,47.7,Yes,2,5,Organic,FALSE,No,Debit Card,65+,Kids & Family
SUB101202,CUST21202,09/08/2021,01/12/2024,United States,North America,Premium,20.73,PC,0,No,2,10,Email Campaign,TRUE,Yes,Credit Card,65+,Sci-Fi
SUB100351,CUST20351,25-07-2023,05 Aug 2025,Japan,Asia Pacific,PREMIUM,19.92,Mobile,56,No,2,3,Referral,Yes,,Credit Card,65+,Drama
SUB101465,CUST21465,"January 05, 2022",2022-01-11,United Kingdom,Europe,Basic,9.5,Smart TV,49.5,Yes,0,3,Social Media,,TRUE,Debit Card,45-54,Thriller
SUB100004,CUST20004,2023-04-02,2023-06-08,United States,North America,Basic,9.14,Smart TV,28.7,No,0,-5,Organic,Yes,N,PayPal,18-24,Reality TV
SUB100001,CUST20001,05/17/2022,2022-10-06,Deutschland,Europe,Basic,9.36,Smart TV,14.2,No,1,0,Referral,FALSE,N,Credit Card,18-24,Thriller
SUB100917,CUST20917,"September 17, 2023",07/21/2025,Japan,Asia Pacific,Free Trial,1.05,mobile,5.1,No,0,4,Referral,FALSE,,PayPal,45-54,Thriller
SUB101962,CUST21962,12/22/2022,2024-08-03,India,Asia Pacific,standard,15.56,Mobile,0,No,1,8,Email Campaign,Yes,,Gift Card,13-17,Sci-Fi
SUB102737,CUST20137,2026-01-27,15 Jun 2026,USA,North America,Free Trial,0.01,Game Console,4.2,No,1,5,Affiliate,FALSE,Y,Credit Card,45-54,Sci-Fi
SUB101521,CUST21521,05/16/2025,06/15/2026,India,Asia Pacific,Standard,13.61,Mobile,58.6,Yes,0,0,Social Media,TRUE,Y,Google Pay,35-44,Sci-Fi
SUB101560,CUST21560,11/27/2024,05/07/2025,Japan,Asia Pacific,Premium,20.63,PC,74.4,No,0,10,Referral,Yes,TRUE,Debit Card,35-44,Documentary
SUB100331,CUST20331,2022-03-06,06/09/2023,Canada,North America,Free Trial,$-0.41,iPad,33.4,No,1,0,Paid Search,0,Yes,Apple Pay,18-24,Action
SUB101284,CUST21284,2026-02-08,06/02/2027,United States,North America,Standard,13.89,Console,41.8,No,2,5,Paid Search,FALSE,N,Google Pay,13-17,Action
SUB101753,CUST21753,,2024-05-18,Spain,Europe,basic,$9.45,Mobile,8.5,No,2,15,Affiliate,No,Y,Debit Card,18-24,Romance
SUB102200,CUST22200,26 Nov 2021,23-12-2023,spain,Europe,Basic,9.19,Laptop,7.2,N,2,7,Paid Search,FALSE,FALSE,Debit Card,18-24,Comedy
SUB102050,CUST22050,2025-09-04,02/14/2028,Spain,Europe,Standard,14.42,Desktop,49.9,No,0,9,Organic,1,FALSE,PayPal,45-54,Anime
SUB100598,CUST20598,05/19/2021,23-04-2022,india,Asia Pacific,Basic,10.77,Tablet,13.8,No,1,8,Affiliate,TRUE,Y,PayPal,13-17,Reality TV
SUB102435,CUST22435,03/29/2023,01/17/2025,United States,North America,Standard,14.07,Smart TV,427,No,1,0,Affiliate,Yes,,Gift Card,65+,Sci-Fi
SUB101009,CUST21009,09/29/2023,2025-08-17,spain,Europe,Basic,8.42,Laptop,61.2,No,0,8,Email Campaign,No,Yes,Debit Card,35-44,Anime
SUB100470,CUST20470,11/11/2024,04-01-2026,Canada,North America,Basic,10.05,Desktop,,No,1,5,Social Media,0,No,PayPal,13-17,Action
SUB102034,CUST22034,05/21/2026,08/31/2027,Mexico,North America,Basic,9.06,Mobile,19.7,No,1,,Social Media,Yes,Y,Gift Card,55-64,Comedy
SUB102929,CUST20329,2022-06-20,,India,Asia Pacific,standard,14.05,Tablet,28.4,1,1,8,Social Media,FALSE,No,Credit Card,55-64,Action
SUB100026,CUST20026,"May 06, 2025",08/25/2026,Spain,Europe,Basic,9.34,Console,47.6,1,0,1,Social Media,Yes,N,PayPal,25-34,Sci-Fi
SUB101598,CUST21598,"April 25, 2022",08 Aug 2024,United Kingdom,Europe,Standard,14.55,Desktop,8.7,No,0,,Paid Search,TRUE,N,PayPal,,Documentary
SUB101575,CUST21575,2026-05-04,2027-07-24,Germany,Europe,Standard,12.89,Desktop,11.2,N,1,7,Email Campaign,FALSE,Yes,Gift Card,65+,Drama
SUB101999,CUST21999,2026-01-14,05-02-2027,United States,North America,PREMIUM,20.22,Desktop,42.2,No,0,,Email Campaign,Yes,TRUE,Apple Pay,55-64,Documentary
SUB102259,CUST22259,2021-11-20,05/06/2022,India,Asia Pacific,Free Trial,1.49,Game Console,37.7,Y,0,4,Referral,1,,PayPal,25-34,Action
SUB101266,CUST21266,,04/07/2026,France,Europe,Premium,19.62,Tablet,75.4,Yes,1,9,Affiliate,Yes,Y,Credit Card,35-44,Sci-Fi
SUB101577,CUST21577,03/02/2025,09/08/2025,France,Europe,Standard,15.16,Mobile,35.8,1,0,6,Email Campaign,TRUE,No,Credit Card,65+,Drama
SUB102500,CUST22500,01-06-2023,09/09/2025,United States,North America,standard,13.93,Tablet,55.3,No,1,3,Referral,0,N,Google Pay,25-34,Drama
SUB100161,CUST20161,2022-08-26,2023-02-23,United States,,Premium,21.4 USD,Desktop,50,Yes,0,0,Paid Search,1,,Debit Card,45-54,Drama
SUB100274,CUST20274,"July 25, 2024",2026-12-02,United Kingdom,Europe,Standard,14.84,Tablet,48.3,No,1,,Referral,FALSE,TRUE,Credit Card,25-34,Reality TV
SUB100730,CUST20730,2025-09-26,2027-02-16,united states,North America,Standard,15.18,Desktop,35.8,Yes,0,6,Affiliate,0,No,Debit Card,45-54,Romance
SUB102589,CUST22589,24 Apr 2022,2023-08-13,UK,Europe,Basic,8.47,smart tv,45.7,No,1,1,Email Campaign,No,TRUE,Google Pay,65+,Documentary
SUB100335,CUST20335,01 May 2023,2023-10-31,Canada,North America,Premium,20.32,Desktop,20.7,No,1,9,Email Campaign,,TRUE,Google Pay,18-24,Kids & Family
SUB102451,CUST22451,10 Jul 2024,20 Dec 2024,United Kingdom,Europe,free trial,-0.46,console,21.6,Y,0,4,Organic,,No,Gift Card,25-34,Reality TV
SUB100891,CUST20891,19-06-2025,11/14/2026,United States,North America,Standard,12,TV,34.8,Yes,1,5,Social Media,No,Yes,Debit Card,55-64,Sci-Fi
SUB102436,CUST22436,"July 16, 2023",20 Jan 2025,Australia,Asia Pacific,Standard,16.52,Mobile,59.8,No,1,7,Referral,TRUE,Y,Debit Card,25-34,Romance
SUB102365,CUST22365,2025-06-29,2025-09-29,italy,Europe,standard,17.42,Desktop,,,1,3,Affiliate,1,Yes,PayPal,35-44,Drama
SUB102748,CUST20148,02/11/2024,26-02-2026,Australia,Asia Pacific,Free Trial,0.2,Tablet,42.1,,0,,Social Media,FALSE,,Credit Card,13-17,Action
SUB102717,CUST20117,2023-02-13,"December 08, 2023",Mexico,North America,Trial,-0.57,Desktop,44.5,No,0,15,Paid Search,,Yes,PayPal,55-64,Reality TV
SUB101902,CUST21902,2022-11-06,19-10-2023,Germany,Europe,Premium,19.68,Game Console,52.1,yes,0,1,Affiliate,FALSE,TRUE,PayPal,18-24,Sci-Fi
SUB101391,CUST21391,04-08-2022,11/04/2024,France,Europe,Standard,14.66,Desktop,29.8,,1,15,Email Campaign,No,,Google Pay,45-54,Romance
SUB101987,CUST21987,16-08-2021,08/22/2023,Spain,Europe,Premium,21.2,Tablet,30.1,No,0,-5,Email Campaign,TRUE,No,Google Pay,55-64,Comedy
SUB102971,CUST20371,2023-08-07,2025-10-22,Japan,Asia Pacific,Standard,11.02,Tablet,46.4,,3,8,Referral,,No,PayPal,65+,Thriller
SUB100998,CUST20998,2021-11-26,2023-08-15,India,Asia Pacific,standard,12.66,Game Console,58.8,No,1,2,Paid Search,TRUE,,PayPal,55-64,Action
SUB100482,CUST20482,10/28/2021,2023-11-08,United States,North America,Standard,12.35,mobile,29.9,Yes,0,15,Paid Search,1,No,Debit Card,25-34,Anime
SUB102940,CUST20340,12/31/2023,2023-12-17,India,Asia Pacific,Basic,,Laptop,10.9,No,1,5,Affiliate,Yes,FALSE,Credit Card,65+,Documentary
SUB100472,CUST20472,12/29/2022,2024-01-05,France,Europe,Basic,8.56,Tablet,41.7,1,0,,Social Media,,N,PayPal,45-54,Reality TV
SUB100023,CUST20023,2023-02-16,09/20/2023,Japan,Asia Pacific,Basic,9.13,Smart TV,39.4,,1,6,Email Campaign,FALSE,No,Credit Card,18-24,Documentary
SUB102343,CUST22343,2026-06-01,2026-12-10,United States,North America,Free Trial,-0.43,Desktop,40.7,No,1,3,Organic,TRUE,FALSE,Apple Pay,65+,Documentary
SUB102166,CUST22166,2024-07-19,11/04/2025,United Kingdom,Europe,BASIC,10,Game Console,27.7,Yes,0,2,Organic,0,FALSE,PayPal,13-17,Romance
SUB102445,CUST22445,2021-09-05,2023-05-23,Spain,Europe,Premium,-20.21,Game Console,8.7,No,0,0,Email Campaign,,TRUE,Google Pay,55-64,Comedy
SUB100410,CUST20410,"July 22, 2026",09/26/2027,U.S.A,North America,Standard,15.72,Mobile,11.8,No,0,0,Affiliate,TRUE,TRUE,Apple Pay,55-64,Drama
SUB102645,CUST20045,2024-01-18,08/01/2024,United States,North America,Standard,15.94 USD,console,75.5,No,0,6,Affiliate,Yes,TRUE,Credit Card,35-44,Reality TV
SUB102181,CUST22181,"August 18, 2022",27-03-2023,United Kingdom,Europe,Premium,20.72,desktop,2.4,Yes,0,15,Referral,FALSE,,Apple Pay,13-17,Reality TV
SUB102341,CUST22341,"September 15, 2021",03 Mar 2023,United States,North America,Basic,7.93,Tablet,23.3,No,0,3,Organic,TRUE,Yes,PayPal,55-64,Anime
SUB100203,CUST20203,18-03-2021,12-04-2022,Brasil,Latin America,Basic,8.85 USD,smart tv,51.6,N,0,6,Referral,FALSE,TRUE,Apple Pay,18-24,Drama
SUB100742,CUST20742,01-05-2021,11-11-2022,Canada,North America,Free Trial,0.39,console,38.6,,1,7,Email Campaign,1,TRUE,PayPal,13-17,Drama
SUB100073,CUST20073,12/06/2025,29 Apr 2027,India,Asia Pacific,Standard,13.01,Tablet,26.7,No,2,5,Organic,TRUE,Yes,Debit Card,55-64,Romance
SUB102138,CUST22138,2024-08-04,20 Feb 2025,united states,North America,Basic,8.76,tablet,26.1,No,0,15,Email Campaign,FALSE,Yes,Debit Card,45-54,Romance
SUB102945,CUST20345,2026-02-23,20 Jan 2026,Canada,,Basic,8.7 USD,Tablet,34.6,Yes,0,3,Referral,No,Y,Google Pay,55-64,Reality TV
SUB102739,CUST20139,17-01-2025,11/07/2026,INDIA,Asia Pacific,Standard,13.51,smart tv,36.5,No,0,6,Organic,FALSE,Y,Apple Pay,55-64,Drama
SUB100563,CUST20563,10/15/2023,"December 23, 2023",United States,North America,Premium,,Desktop,0,Yes,0,5,Organic,0,Y,Google Pay,65+,Comedy
SUB102815,CUST20215,23-10-2024,03/05/2026,United States,North America,Basic,8.32,iPad,42.7,No,0,8,Referral,No,,Credit Card,35-44,Kids & Family
SUB100912,CUST20912,12-01-2024,01-11-2025,INDIA,Asia Pacific,Basic,7.65,Console,43.3,No,0,2,Organic,TRUE,Yes,Gift Card,65+,Comedy
SUB100631,CUST20631,2023-06-10,,United States,North America,Basic,8.85,Mobile,18.3,No,0,,Affiliate,0,No,Gift Card,25-34,Anime
SUB101819,CUST21819,08-12-2025,05/02/2026,Spain,Europe,Premium,22.29,Desktop,16.9,No,0,6,Social Media,No,Yes,Apple Pay,45-54,Sci-Fi
SUB102465,CUST22465,23 Jan 2025,03 Apr 2026,United States,North America,Premium,19.4,Tablet,22,Y,2,2,Email Campaign,1,Y,PayPal,25-34,Drama
SUB100545,CUST20545,2023-03-02,2025-01-13,United States,North America,Standard,14.94,Desktop,38.6,No,0,9,Affiliate,TRUE,No,Apple Pay,13-17,Comedy
SUB102383,CUST22383,2024-01-02,2025-05-18,India,Asia Pacific,Std,15.01,Game Console,26.1,No,0,3,Affiliate,0,Yes,Gift Card,18-24,Action
SUB102826,CUST20226,2021-10-24,30 May 2023,france,Europe,free trial,-0.32,Smart TV,63.7,No,1,1,Organic,TRUE,,Credit Card,35-44,Reality TV
SUB101089,CUST21089,06/01/2025,2026-07-17,India,Asia Pacific,Premium,20.86,Tablet,16.4,,1,-5,Organic,,,Apple Pay,55-64,Anime
SUB101056,CUST21056,2024-08-21,2025-04-29,United States,North America,Standard,13.96,Mobile,38.9,No,0,10,Organic,,No,Credit Card,35-44,Documentary
SUB102298,CUST22298,25 Jul 2026,2028-11-22,INDIA,Asia Pacific,free trial,0.47,mobile,24.2,Yes,0,8,Email Campaign,TRUE,N,PayPal,25-34,Romance
SUB100007,CUST20007,2025-04-18,,Brazil,Latin America,Free Trial,0.08,Game Console,57.5,No,4,3,Paid Search,FALSE,TRUE,PayPal,45-54,Documentary
SUB102661,CUST20061,14 Jun 2025,2027-08-29,USA,North America,Premium,19.47,Game Console,32.3,No,0,4,Referral,FALSE,Yes,Gift Card,45-54,Drama
SUB100039,CUST20039,2021-12-15,2022-03-05,India,Asia Pacific,Standard,13.48,Laptop,38.2,No,0,3,Referral,1,No,Apple Pay,35-44,Sci-Fi
SUB101060,CUST21060,02 Nov 2024,04/29/2025,Brazil,Latin America,Standard,,Mobile,41.5,Yes,1,6,Affiliate,,N,Gift Card,35-44,Drama
SUB102807,CUST20207,05 Dec 2025,2027-11-29,United States,North America,Standard,13.33,Game Console,31.5,Yes,0,15,Referral,1,N,PayPal,55-64,Action
SUB102194,CUST22194,"January 10, 2022",,india,Asia Pacific,Standard,$13.79,Mobile,17.7,No,1,4,Email Campaign,TRUE,No,Google Pay,65+,Sci-Fi
SUB100661,CUST20661,26-05-2025,2026-08-17,united states,North America,Standard,15.15,Tablet,40.9,No,1,1,Organic,TRUE,,Google Pay,55-64,Thriller
SUB101833,CUST21833,17 Sep 2025,11/28/2026,India,Asia Pacific,Basic,9.31,Game Console,10.7,No,0,2,Social Media,Yes,No,Google Pay,25-34,Comedy
SUB100500,CUST20500,"July 11, 2023",2024-09-18,France,Europe,Premium,19.11,SmartTV,388,Yes,0,6,Paid Search,TRUE,No,PayPal,35-44,Romance
SUB100270,CUST20270,11/09/2021,08/07/2023,Italy,Europe,Standard,11.97,Smart TV,18.5,No,0,7,Organic,1,TRUE,Credit Card,25-34,Thriller
SUB102983,CUST20383,,30-01-2027,Brazil,Latin America,Std,13.76,Tablet,43.2,Yes,0,4,Organic,No,Yes,Credit Card,13-17,Thriller
SUB102270,CUST22270,11 Apr 2026,05 Oct 2027,United States,North America,Standard,14.53,Smart TV,,No,0,15,Email Campaign,,Y,Gift Card,,Action
SUB102982,CUST20382,2026-02-25,2026-02-01,Canada,North America,PREMIUM,18.79,Tablet,6.6,yes,0,8,Paid Search,,TRUE,Credit Card,25-34,Comedy
SUB101616,CUST21616,"April 27, 2025","May 14, 2027",France,Europe,Premium,19.94,Mobile,6.9,No,0,15,Email Campaign,No,FALSE,Apple Pay,55-64,Kids & Family
SUB100694,CUST20694,05/28/2024,2024-11-04,UK,Europe,Free Trial,1.77,PC,24.1,No,0,6,Organic,TRUE,Y,Gift Card,25-34,Romance
SUB102121,CUST22121,07-10-2023,"December 19, 2025",United States,North America,Standard,13.42,Game Console,19,No,0,8,Email Campaign,0,Yes,Debit Card,45-54,Documentary
SUB101098,CUST21098,01 Jul 2022,04-12-2022,Canada,North America,Standard,14.72,console,26.3,No,0,1,Email Campaign,,Y,Apple Pay,18-24,Sci-Fi
SUB101170,CUST21170,2025-09-23,2027-04-27,Germany,Europe,Standard,13.95,Game Console,39,No,0,4,Paid Search,FALSE,No,Credit Card,13-17,Sci-Fi
SUB102597,CUST22597,2021-07-18,09-08-2021,U.K.,Europe,Basic,8.62,Mobile,52.4,No,0,2,Organic,Yes,FALSE,Credit Card,65+,Drama
SUB100326,CUST20326,2024-11-23,2025-10-14,Brazil,Latin America,BASIC,7.67,Tablet,,No,0,3,Organic,1,FALSE,Debit Card,65+,Kids & Family
SUB101163,CUST21163,27 Mar 2021,2021-08-31,Canada,North America,Free Trial,1.26,Smart TV,51.9,No,1,10,Affiliate,Yes,No,Credit Card,45-54,Drama
SUB100782,CUST20782,03/10/2021,09/25/2021,Brazil,Latin America,Basic,7.09,Desktop,35.5,Yes,1,4,Paid Search,Yes,TRUE,Credit Card,55-64,Romance
SUB102756,CUST20156,"February 05, 2026",,canada,North America,Free Trial,-1.21,Smart TV,49.4,No,1,15,Email Campaign,FALSE,No,Gift Card,55-64,Reality TV
SUB101235,CUST21235,,30 Jan 2028,United States,North America,Standard,13.87 USD,Smart TV,32.7,No,0,15,Referral,FALSE,No,Google Pay,55-64,Anime
SUB102591,CUST22591,2022-07-02,2022-11-03,germany,Europe,Premium,21.43,Smart TV,,No,1,10,Paid Search,TRUE,Yes,Apple Pay,18-24,Sci-Fi
SUB102278,CUST22278,2024-11-22,"May 08, 2025",canada,North America,Premium,20.55,Tablet,45.1,,0,,Paid Search,FALSE,TRUE,Gift Card,18-24,Anime
SUB102005,CUST22005,02 May 2023,06-09-2025,India,Asia Pacific,PREMIUM,20.69,Desktop,46.9,,0,9,Email Campaign,,Y,Debit Card,45-54,Sci-Fi
SUB102157,CUST22157,04 Sep 2023,"October 04, 2024",Australia,Asia Pacific,Free Trial,,mobile,30,No,1,6,Affiliate,No,TRUE,Credit Card,45-54,Thriller
SUB101124,CUST21124,2024-09-22,2026-01-02,France,Europe,Free Trial,-2.85,Mobile,19.3,0,0,8,Email Campaign,,FALSE,Gift Card,25-34,Comedy
SUB102053,CUST22053,2024-05-03,10/01/2026,Deutschland,Europe,Premium,18.82,desktop,55.3,No,1,-5,Paid Search,FALSE,Y,Google Pay,13-17,Kids & Family
SUB101606,CUST21606,17 Sep 2024,15-12-2025,France,Europe,basic,10.8,smart tv,13.5,,0,-5,Referral,FALSE,Y,PayPal,13-17,Romance
SUB102009,CUST22009,25-12-2022,18 Apr 2023,USA,North America,Free Trial,$0.11,Game Console,32,,0,,Email Campaign,TRUE,Y,Credit Card,65+,Documentary
SUB101145,CUST21145,2023-03-15,16-01-2024,india,Asia Pacific,Basic,$5.67,Game Console,26.3,No,0,0,Social Media,TRUE,Y,Google Pay,55-64,Drama
SUB101410,CUST21410,2024-07-02,12/18/2026,Italy,Europe,Premium,19.86,Tablet,46.1,0,2,2,Referral,Yes,Y,Debit Card,13-17,Sci-Fi
SUB100121,CUST20121,,2026-05-03,United States,North America,Standard,13.88,Mobile,0,No,1,3,Email Campaign,Yes,Y,PayPal,55-64,Comedy
SUB100174,CUST20174,12/07/2021,,United States,North America,Standard,12.09,Mobile,64.5,,0,10,Affiliate,FALSE,N,Debit Card,45-54,Sci-Fi
SUB100587,CUST20587,"July 04, 2026",2028-04-07,India,Asia Pacific,Basic,8.08,Mobile,38,Yes,3,2,Email Campaign,0,FALSE,Google Pay,13-17,Anime
SUB102371,CUST22371,2024-10-31,31 Dec 2024,UK,Europe,Premium,20.77,Desktop,30.3,1,0,5,Referral,TRUE,N,Gift Card,45-54,Reality TV
SUB102859,CUST20259,2024-04-25,01 Oct 2026,Italy,Europe,Free Trial,0.39,Laptop,0,No,1,,Paid Search,FALSE,N,Apple Pay,65+,Documentary
SUB100909,CUST20909,09 Apr 2024,07-10-2024,Spain,Europe,FreeTrial,1.03,Game Console,66.2,,1,-5,Organic,TRUE,,Apple Pay,55-64,Kids & Family
SUB100209,CUST20209,2021-11-07,2022-12-14,Spain,Europe,free trial,,desktop,62.1,No,1,-5,Affiliate,FALSE,No,Apple Pay,18-24,Action
SUB100446,CUST20446,17 Feb 2026,18-12-2027,United States,North America,Standard,14.04,Mobile,28.8,1,0,2,Paid Search,FALSE,FALSE,Gift Card,18-24,Anime
SUB102180,CUST22180,2026-02-27,2026-06-24,Canada,North America,PREMIUM,20.86,PC,405,No,0,15,Organic,FALSE,Y,Google Pay,65+,Romance
SUB100127,CUST20127,03 Jan 2023,,united states,North America,Free Trial,,Game Console,30.1,N,0,0,Affiliate,,Yes,Credit Card,25-34,Anime
SUB102088,CUST22088,08-08-2023,08/13/2025,France,Europe,Basic,9.37,Tablet,18.8,,1,7,Social Media,Yes,No,Google Pay,13-17,Reality TV
SUB101201,CUST21201,2025-06-04,2026-12-21,USA,,Standard,13.1,Smart TV,22.4,No,0,9,Organic,TRUE,,Apple Pay,55-64,Thriller
SUB100184,CUST20184,04/21/2021,2023-07-18,Canada,North America,Premium,20.23,PC,51.9,,0,2,Social Media,FALSE,TRUE,Apple Pay,25-34,Kids & Family
SUB100347,CUST20347,05 Jun 2022,11 Feb 2024,U.S.A,North America,Std,13.05,Desktop,0,Yes,1,6,Organic,FALSE,,Apple Pay,35-44,Comedy
SUB102022,CUST22022,04/08/2024,2026-07-21,Italy,Europe,Standard,13,Game Console,33.5,Yes,0,9,Paid Search,Yes,,Credit Card,25-34,Drama
SUB102727,CUST20127,,11/20/2022,United States,North America,basic,6.16,Game Console,,No,0,1,Referral,No,,Debit Card,13-17,Drama
SUB102957,CUST20357,2026-06-26,,Brazil,,Standard,12.9,Mobile,50.6,Yes,1,-5,Organic,1,No,Apple Pay,25-34,Action
SUB101477,CUST21477,2024-06-18,03/31/2026,Japan,Asia Pacific,Premium,19.93,Mobile,34.4,No,0,3,Email Campaign,No,No,Google Pay,,Sci-Fi
SUB102077,CUST22077,01 Oct 2022,"December 06, 2024",India,Asia Pacific,Std,14.39,Mobile,0,Yes,0,15,Referral,1,N,Google Pay,65+,Reality TV
SUB100605,CUST20605,"June 18, 2021",2021-04-19,United Kingdom,Europe,Basic,8.13,Game Console,0,,0,1,Social Media,1,,Google Pay,45-54,Comedy
SUB100886,CUST20886,05/25/2024,2025-07-26,USA,North America,Basic,9.96,Mobile,36.9,No,0,4,Paid Search,TRUE,,Google Pay,45-54,Documentary
SUB100803,CUST20803,2023-08-15,12-11-2024,U.S.A,North America,Basic,-8.69,Desktop,34.1,No,3,9,Email Campaign,No,TRUE,Debit Card,35-44,Romance
SUB100313,CUST20313,"May 23, 2026",2027-03-15,Canada,North America,BASIC,8.5,Tablet,62.3,No,2,-5,Referral,,Yes,Credit Card,13-17,Action
SUB100125,CUST20125,09/08/2021,24 Dec 2022,mexico,North America,PREMIUM,18.58,Smart TV,27.6,No,0,-5,Email Campaign,,N,PayPal,45-54,Kids & Family
SUB100217,CUST20217,17-03-2021,08-08-2023,United States,North America,Basic,10.1,TV,22.9,Yes,0,1,Email Campaign,TRUE,N,Apple Pay,13-17,Comedy
SUB101770,CUST21770,2021-07-14,07/05/2022,United States,North America,Basic,9.85,Mobile,,yes,0,9,Organic,Yes,FALSE,Google Pay,13-17,Sci-Fi
SUB100167,CUST20167,2026-04-24,"March 02, 2027",India,Asia Pacific,Standard,14.03,console,10.7,,1,8,Organic,TRUE,N,Google Pay,25-34,Comedy
SUB102216,CUST22216,"June 06, 2021",25 Sep 2022,Canada,North America,Basic,-8.3,Game Console,39.2,No,0,9,Paid Search,TRUE,No,Debit Card,45-54,Anime
SUB102484,CUST22484,10/25/2025,02 Oct 2027,Germany,Europe,Premium,19.63,Phone,,,0,6,Social Media,No,TRUE,Debit Card,13-17,Action
SUB100229,CUST20229,02/05/2022,03-01-2024,United States,North America,Standard,14.39,iPad,34.5,,0,15,Paid Search,0,Y,Credit Card,65+,Romance
SUB100405,CUST20405,12 Mar 2023,"July 26, 2024",India,Asia Pacific,Standard,13.3,Desktop,40.1,No,0,6,Paid Search,0,TRUE,Credit Card,25-34,Kids & Family
SUB101545,CUST21545,"August 09, 2025",2026-05-30,Italy,Europe,Standard,14.15,Smart TV,9.1,Yes,0,5,Referral,0,Y,Credit Card,18-24,Kids & Family
SUB102951,CUST20351,"January 16, 2021",,Germany,Europe,BASIC,10.46,Tablet,0,1,0,,Affiliate,FALSE,Yes,PayPal,65+,Comedy
SUB101488,CUST21488,02/24/2025,2027-02-19,U.S.A,North America,Premium,22.86,Smart TV,25.3,No,1,3,Affiliate,No,N,Debit Card,35-44,Drama
SUB100399,CUST20399,02/03/2021,12/14/2021,Spain,Europe,standard,14.04,Smart TV,18.1,No,0,6,Affiliate,0,FALSE,Apple Pay,35-44,Thriller
SUB101460,CUST21460,07/02/2026,07/23/2027,United States,North America,Standard,15.7,tablet,27,N,0,,Referral,1,N,Apple Pay,65+,Thriller
SUB102458,CUST22458,23-10-2022,"December 31, 2022",germany,Europe,Basic,10,Console,57.6,No,1,-5,Paid Search,0,FALSE,Debit Card,45-54,Reality TV
SUB101589,CUST21589,27-12-2021,2023-12-02,Australia,Asia Pacific,Premium,18.43,Tablet,30.9,No,2,15,Email Campaign,FALSE,N,Debit Card,45-54,Thriller
SUB100459,CUST20459,"November 04, 2023",10/03/2023,India,Asia Pacific,Standard,11.73,Game Console,28.6,No,1,7,Paid Search,TRUE,No,Credit Card,18-24,Kids & Family
SUB101032,CUST21032,2023-07-07,,Canada,North America,Free Trial,-1.54,Game Console,34.3,yes,0,-5,Organic,,,Gift Card,65+,Comedy
SUB101692,CUST21692,03 Oct 2025,08 Dec 2025,India,Asia Pacific,basic,-10.25,Smart TV,4.7,No,1,2,Email Campaign,No,Yes,Apple Pay,18-24,Drama
SUB100959,CUST20959,04/24/2023,02 Dec 2024,United Kingdom,Europe,Standard,$15.03,Smart TV,49.6,no,0,6,Social Media,TRUE,Y,Credit Card,35-44,Romance
SUB100303,CUST20303,2021-03-17,2022-02-22,Australia,,Free Trial,0.92,Mobile,44,No,0,3,Referral,No,,Debit Card,25-34,Thriller
SUB102993,CUST20393,05/04/2021,09 Sep 2021,india,Asia Pacific,Standard,$15.02,Game Console,0,No,0,3,Social Media,Yes,TRUE,Debit Card,55-64,Comedy
SUB101189,CUST21189,31 May 2021,02/25/2022,india,Asia Pacific,Basic,7,Desktop,41.2,,0,10,Affiliate,,FALSE,Apple Pay,18-24,Drama
SUB101370,CUST21370,2025-06-02,04-10-2025,Canada,North America,PREMIUM,21.28,tablet,11,Yes,1,9,Paid Search,,FALSE,Credit Card,18-24,Kids & Family
SUB101211,CUST21211,06/02/2026,06/09/2027,India,Asia Pacific,Standard,12.81,Game Console,40.5,No,1,5,Email Campaign,No,Y,Debit Card,35-44,Comedy
SUB101434,CUST21434,20-07-2025,2026-02-22,japan,Asia Pacific,Standard,13.99,iPad,41.1,No,1,4,Affiliate,FALSE,FALSE,Gift Card,65+,Kids & Family
SUB100087,CUST20087,2026-04-04,05/06/2026,India,Asia Pacific,Basic,7.52,Desktop,9.4,Yes,1,3,Social Media,FALSE,,Apple Pay,65+,Drama
SUB100329,CUST20329,2022-08-27,03-02-2024,USA,North America,Basic,8.6 USD,Phone,1.2,Yes,0,5,Email Campaign,No,N,Apple Pay,13-17,Sci-Fi
SUB102521,CUST22521,2024-03-22,04 Aug 2026,United Kingdom,Europe,FreeTrial,0.05,Smart TV,43.3,Yes,0,7,Social Media,,No,Debit Card,55-64,Documentary
SUB102861,CUST20261,2021-02-13,2022-05-26,india,Asia Pacific,Standard,13.28,Smart TV,73.5,No,0,,Referral,TRUE,N,Google Pay,18-24,Anime
SUB100404,CUST20404,2022-01-18,2023-11-17,Italy,Europe,Standard,14.25,smart tv,31,Y,1,6,Referral,TRUE,Yes,PayPal,13-17,Comedy
SUB100318,CUST20318,07/16/2022,2024-06-11,Japan,Asia Pacific,Standard,13.76,Tablet,,No,0,0,Social Media,,,Google Pay,13-17,Documentary
SUB102894,CUST20294,10-01-2024,14-10-2024,AUS,Asia Pacific,Standard,13.34,Phone,12.8,No,2,10,Email Campaign,,TRUE,Google Pay,65+,Thriller
SUB100473,CUST20473,2023-11-18,08/08/2024,Brazil,Latin America,Premium,16.47,Mobile,42.7,No,1,7,Paid Search,Yes,,Debit Card,25-34,Romance
SUB101207,CUST21207,2025-12-24,"August 16, 2027",United States,North America,Standard,13.97,Game Console,71.4,No,1,15,Affiliate,FALSE,TRUE,Debit Card,55-64,Romance
SUB100559,CUST20559,2025-05-20,27 Dec 2026,France,Europe,FreeTrial,0.54,Smart TV,35.1,N,0,,Email Campaign,Yes,Y,PayPal,35-44,Documentary
SUB101792,CUST21792,18-03-2021,10/10/2021,Italy,Europe,free trial,-0.08,Desktop,51.1,No,2,2,Organic,Yes,,Gift Card,35-44,Documentary
SUB101200,CUST21200,2024-12-23,06 Aug 2025,japan,Asia Pacific,Basic,10.32,Tablet,62.1,1,0,15,Organic,1,Y,Gift Card,35-44,Drama
SUB101128,CUST21128,2021-08-16,11/12/2022,United Kingdom,Europe,Free Trial,-2.22,Phone,25.9,No,1,6,Social Media,Yes,No,Gift Card,55-64,Anime
SUB101734,CUST21734,2024-10-04,30-11-2024,Australia,Asia Pacific,Standard,14.1,Game Console,30.3,No,1,10,Affiliate,,N,Debit Card,45-54,Kids & Family
SUB100698,CUST20698,23-02-2021,2022-06-16,United States,North America,Std,12.3,Desktop,58.7,Yes,1,6,Paid Search,TRUE,TRUE,Debit Card,55-64,Anime
SUB101673,CUST21673,2026-06-02,2028-09-23,japan,Asia Pacific,PREMIUM,18.45,Tablet,35.6,0,0,0,Affiliate,0,TRUE,Google Pay,45-54,Romance
SUB102140,CUST22140,10/25/2022,2022-12-05,Mexico,North America,Free Trial,-0.71,Mobile,35.2,,0,7,Referral,TRUE,Y,Credit Card,55-64,Romance
SUB102566,CUST22566,,10-04-2024,india,Asia Pacific,Free Trial,$-1.32,smart tv,55.3,Yes,1,7,Paid Search,0,,Apple Pay,25-34,Romance
SUB102148,CUST22148,2024-07-06,2026-02-27,Germany,Europe,premium,23.62,Game Console,20.7,No,1,1,Affiliate,TRUE,FALSE,Google Pay,65+,Comedy
SUB100117,CUST20117,2021-04-29,2021-07-26,U.K.,Europe,Standard,-15.44,Desktop,,No,1,15,Email Campaign,TRUE,Y,PayPal,18-24,Sci-Fi
SUB100124,CUST20124,05-08-2023,05-11-2025,India,Asia Pacific,Standard,-16.19,Mobile,93.1,No,0,3,Social Media,0,TRUE,Google Pay,18-24,Comedy
SUB101821,CUST21821,22-08-2022,04-10-2024,Germany,Europe,Standard,14.47,Game Console,26.4,No,0,6,Email Campaign,0,TRUE,Apple Pay,45-54,Kids & Family
SUB101808,CUST21808,"January 04, 2023",22 Apr 2023,India,Asia Pacific,Basic,7.44,Tablet,29.7,No,1,2,Organic,,No,Debit Card,35-44,Kids & Family
SUB101744,CUST21744,"February 02, 2021",05/14/2023,Brazil,Latin America,Standard,14.65,Smart TV,14.3,No,0,15,Affiliate,FALSE,Y,Debit Card,65+,Thriller
SUB101980,CUST21980,"May 07, 2024",2025-04-27,U.K.,Europe,Basic,8.56,Smart TV,7.6,No,1,9,Email Campaign,0,,Gift Card,45-54,Romance
SUB102522,CUST22522,02/14/2022,2022-04-27,United States,North America,Standard,14.07,Console,52,Yes,0,9,Organic,FALSE,TRUE,Apple Pay,18-24,Thriller
SUB101547,CUST21547,2023-09-08,15 Nov 2025,United Kingdom,Europe,Free Trial,1.46,Desktop,,Yes,1,6,Social Media,TRUE,FALSE,Gift Card,18-24,Reality TV
SUB101676,CUST21676,10-03-2026,"June 17, 2028",Brazil,Latin America,BASIC,$7.15,Tablet,5.5,No,1,4,Paid Search,No,N,Gift Card,35-44,Comedy
SUB100933,CUST20933,04/04/2022,2024-09-08,Mexico,North America,Standard,14.87,PC,71.2,Yes,0,1,Organic,TRUE,Y,Google Pay,45-54,Reality TV
SUB102386,CUST22386,"August 30, 2022",2023-10-20,france,Europe,Premium,21.16 USD,Desktop,25.8,No,1,5,Organic,Yes,N,Debit Card,45-54,Comedy
SUB100872,CUST20872,,10/15/2022,United States,North America,Free Trial,-0.79 USD,Smart TV,,Yes,3,7,Referral,FALSE,FALSE,Apple Pay,18-24,Thriller
SUB102399,CUST22399,06/27/2022,,U.S.A,North America,Trial,-2.27,Game Console,8.7,Yes,0,6,Email Campaign,No,Yes,Google Pay,35-44,Drama
SUB101765,CUST21765,2021-11-16,05/26/2023,USA,North America,Standard,13.1 USD,Desktop,11.3,No,0,-5,Social Media,No,FALSE,Gift Card,35-44,Kids & Family
SUB101066,CUST21066,14-05-2023,2025-08-12,United States,North America,Basic,8.13 USD,PC,21.1,No,1,0,Affiliate,1,TRUE,Debit Card,35-44,Documentary
SUB100884,CUST20884,2024-12-26,2025-05-13,United States,North America,Premium,18.37,iPad,39.2,No,1,,Organic,TRUE,Yes,Debit Card,18-24,Action
SUB101421,CUST21421,02-09-2023,2023-12-15,canada,North America,Premium,20.14,Desktop,,No,0,0,Referral,,Yes,Credit Card,55-64,Action
SUB102262,CUST22262,"February 28, 2024",2026-06-13,France,Europe,Standard,14.42,Desktop,70.6,No,1,2,Referral,FALSE,,Apple Pay,25-34,Romance
SUB101723,CUST21723,05/05/2021,11/18/2021,U.K.,Europe,Free Trial,1.63,Smart TV,0,Yes,0,6,Organic,TRUE,,PayPal,55-64,Action
SUB102991,CUST20391,2023-04-16,06/29/2024,Mexico,North America,standard,12.39,Laptop,,No,0,5,Organic,FALSE,,Credit Card,55-64,Documentary
SUB102586,CUST22586,02-12-2023,05-10-2023,India,Asia Pacific,Basic,7.79,PC,27.1,Yes,2,3,Referral,0,FALSE,Gift Card,18-24,Action
SUB102444,CUST22444,08/07/2024,07-06-2025,Mexico,North America,standard,13.59,TV,51.6,Yes,1,4,Organic,TRUE,TRUE,Apple Pay,55-64,Drama
SUB102533,CUST22533,14 Jun 2022,,India,Asia Pacific,Standard,12.76,Game Console,17.4,0,0,4,Social Media,0,,Credit Card,55-64,Kids & Family
SUB100460,CUST20460,2024-06-16,2025-12-03,India,Asia Pacific,BASIC,7.95,iPad,37.4,No,0,15,Organic,0,FALSE,Apple Pay,55-64,Documentary
SUB101383,CUST21383,,09/02/2025,mexico,North America,PREMIUM,21.8,smart tv,21.8,No,0,1,Paid Search,Yes,,Debit Card,55-64,Comedy
SUB100896,CUST20896,02/10/2026,2027-11-29,Canada,North America,Free Trial,,Tablet,43.8,No,0,8,Affiliate,0,N,Gift Card,55-64,Action
SUB102646,CUST20046,2021-09-04,"February 03, 2022",United States,North America,Basic,8.01,Console,45.5,No,1,15,Paid Search,Yes,Yes,PayPal,35-44,Romance
SUB102663,CUST20063,2022-12-19,"April 18, 2024",India,Asia Pacific,Basic,11.3,Smart TV,28.5,No,2,6,Organic,Yes,Y,Debit Card,55-64,Romance
SUB101396,CUST21396,15 Apr 2022,28 May 2024,united kingdom,Europe,Premium,22.06,Tablet,0,Yes,0,1,Affiliate,FALSE,No,Gift Card,13-17,Documentary
SUB101829,CUST21829,2022-06-25,2024-10-09,United States,North America,Free Trial,$0.73,Phone,,Yes,0,6,Paid Search,0,Yes,Gift Card,18-24,Romance
SUB101916,CUST21916,09 Feb 2022,04-12-2022,United States,North America,Standard,13.57,Tablet,36.8,No,0,1,Email Campaign,,No,Apple Pay,45-54,Thriller
SUB101533,CUST21533,"December 15, 2023",,Australia,Asia Pacific,PREMIUM,19.36,tablet,25.6,No,1,9,Social Media,FALSE,FALSE,PayPal,45-54,Sci-Fi
SUB101029,CUST21029,"February 21, 2023",02/19/2025,mexico,North America,Premium,19.75,Desktop,28.2,Yes,1,,Referral,TRUE,,Apple Pay,18-24,Reality TV
SUB101607,CUST21607,22-05-2023,09/22/2023,Germany,Europe,Premium,21.03,Smart TV,25.3,no,0,7,Email Campaign,1,FALSE,Credit Card,55-64,Reality TV
SUB101043,CUST21043,2024-07-24,2026-06-06,Japan,Asia Pacific,Std,11.82,Smart TV,65.9,Yes,1,2,Referral,No,Yes,Debit Card,13-17,Action
SUB102073,CUST22073,07/03/2025,10/09/2025,Brazil,Latin America,Standard,14.59,Game Console,56.2,No,0,3,Affiliate,Yes,TRUE,Apple Pay,13-17,Drama
SUB100066,CUST20066,2024-06-13,21-03-2025,United Kingdom,Europe,BASIC,8.52,Smart TV,7.5,No,0,15,Organic,TRUE,Y,Apple Pay,18-24,Kids & Family
SUB101796,CUST21796,2025-01-16,17-08-2025,France,Europe,Free Trial,-0.7,iPad,386,No,2,0,Organic,FALSE,No,PayPal,13-17,Drama
SUB102772,CUST20172,04 Mar 2026,13-08-2026,united states,North America,Premium,21.79,Game Console,13.9,No,1,7,Affiliate,Yes,N,Apple Pay,45-54,Reality TV
SUB102750,CUST20150,09-03-2026,25 Jun 2028,Canada,North America,Basic,6.34,Smart TV,46.3,No,1,4,Organic,Yes,Y,Apple Pay,55-64,Sci-Fi
SUB102238,CUST22238,09/03/2021,19 Apr 2022,Germany,,Standard,13.15,Game Console,,no,0,15,Social Media,FALSE,,PayPal,18-24,Action
SUB100706,CUST20706,11/28/2024,04-09-2025,Canada,North America,Premium,22.67,Desktop,54.9,yes,1,15,Organic,FALSE,FALSE,Gift Card,18-24,Comedy
SUB100006,CUST20006,02/13/2026,07/23/2028,italy,Europe,Premium,21.05,Game Console,50.6,No,0,2,Social Media,No,Y,Apple Pay,13-17,Kids & Family
SUB101012,CUST21012,21-12-2023,2024-03-25,United States,North America,Basic,9.87,Game Console,25.7,,3,3,Organic,Yes,TRUE,Gift Card,55-64,Kids & Family
SUB101028,CUST21028,"February 12, 2021",2022-03-19,United States,North America,PREMIUM,,Desktop,45.6,Yes,2,,Email Campaign,TRUE,,Google Pay,18-24,Romance
SUB101116,CUST21116,23-08-2023,08 Jan 2025,United States,North America,Premium,20.58,Game Console,22.6,No,0,,Referral,1,FALSE,Debit Card,35-44,Kids & Family
SUB102095,CUST22095,2024-11-01,2025-10-23,Canada,North America,free trial,-0.16,console,32.6,,0,10,Affiliate,TRUE,FALSE,Apple Pay,65+,Comedy
SUB101701,CUST21701,15-12-2025,02/05/2026,brazil,Latin America,Basic,9,Tablet,32.7,Yes,0,7,Paid Search,TRUE,No,Google Pay,13-17,Romance
SUB100112,CUST20112,11-07-2021,15-07-2022,mexico,North America,Standard,12.69,Smart TV,36.8,No,0,15,Organic,FALSE,No,Credit Card,,Romance
SUB100857,CUST20857,04/10/2025,2026-10-30,Australia,Asia Pacific,Standard,12.31,Tablet,21.7,No,1,2,Referral,TRUE,TRUE,PayPal,55-64,Comedy
SUB101877,CUST21877,12/09/2022,05/12/2024,United Kingdom,Europe,Standard,15.3,Game Console,16.3,No,2,10,Affiliate,TRUE,Y,PayPal,35-44,Sci-Fi
SUB102370,CUST22370,02/16/2026,24 Jun 2026,Germany,Europe,Basic,5.81,Mobile,28.2,,2,7,Referral,No,FALSE,Credit Card,55-64,Documentary
SUB101903,CUST21903,2022-10-12,12/28/2024,Canada,North America,Free Trial,0.28,Mobile,39.7,No,0,0,Affiliate,,Y,Google Pay,25-34,Action
SUB101666,CUST21666,04 May 2021,"November 17, 2021",Canada,North America,Standard,14.49,Tablet,51.5,Yes,1,8,Paid Search,TRUE,TRUE,PayPal,45-54,Drama
SUB101539,CUST21539,2025-02-06,2027-03-13,India,Asia Pacific,Basic,7.63,Tablet,61.6,,1,4,Email Campaign,TRUE,TRUE,Gift Card,18-24,Sci-Fi
SUB100548,CUST20548,06/11/2026,2028-04-28,India,Asia Pacific,Basic,10.16,Mobile,59.8,Yes,0,,Referral,1,TRUE,PayPal,65+,Comedy
SUB102795,CUST20195,"May 02, 2023",07/26/2025,france,Europe,Premium,22.29,PC,0,0,0,-5,Email Campaign,Yes,Y,Gift Card,45-54,Comedy
SUB100042,CUST20042,"July 06, 2025",2026-10-28,Spain,Europe,Basic,8.55,Smart TV,27.4,No,1,6,Affiliate,0,Y,Gift Card,25-34,Comedy
SUB101646,CUST21646,08-09-2025,15-12-2026,Germany,Europe,Standard,14.77 USD,Game Console,31.5,No,1,0,Social Media,FALSE,TRUE,Debit Card,18-24,Romance
SUB101885,CUST21885,"November 12, 2022",12/03/2022,USA,North America,BASIC,-8.42,Mobile,66,No,0,10,Email Campaign,FALSE,Yes,Gift Card,25-34,Documentary
SUB101697,CUST21697,2023-01-03,2025-04-25,Japan,Asia Pacific,Standard,14.15,Desktop,27.8,No,2,15,Affiliate,,TRUE,Credit Card,35-44,Kids & Family
SUB101106,CUST21106,"April 29, 2024",2025-05-10,Brazil,Latin America,Std,12.67,Desktop,39.7,,1,8,Organic,No,Y,Apple Pay,55-64,Thriller
SUB100302,CUST20302,16-06-2026,2027-08-19,Mexico,North America,Basic,8.23,Game Console,45.8,yes,1,5,Affiliate,1,,Google Pay,25-34,Thriller
SUB100941,CUST20941,2026-06-15,23-08-2026,Germany,Europe,Basic,$7.63,Game Console,0,No,1,,Email Campaign,0,No,PayPal,55-64,Kids & Family
SUB100868,CUST20868,03-06-2023,2025-10-05,Germany,Europe,Basic,9.8 USD,Console,19.5,Y,0,8,Paid Search,,,Google Pay,65+,Anime
SUB102300,CUST22300,08/26/2023,05/10/2025,France,Europe,Standard,12.75,Desktop,0,1,0,2,Social Media,FALSE,Y,Credit Card,35-44,Documentary
SUB101647,CUST21647,19-08-2023,"November 03, 2024",Italy,Europe,Premium,20.16,Game Console,56.7,no,1,2,Social Media,FALSE,Y,Gift Card,,Comedy
SUB102363,CUST22363,2025-01-13,2025-10-30,spain,Europe,Standard,15.02,smart tv,15.3,,1,6,Affiliate,0,,Debit Card,18-24,Comedy
SUB100693,CUST20693,2023-01-10,19 Oct 2023,United Kingdom,Europe,Free Trial,-1.1,Smart TV,21.6,No,0,,Organic,,N,Credit Card,45-54,Drama
SUB101651,CUST21651,2024-08-29,10-03-2025,U.S.A,North America,Premium,19.61,tablet,38.3,,1,2,Email Campaign,1,TRUE,Apple Pay,45-54,Anime
SUB102594,CUST22594,2024-08-19,2026-07-24,Germany,Europe,Premium,20.46,Console,55.2,Y,0,1,Referral,,N,Debit Card,65+,Thriller
SUB101839,CUST21839,2022-06-20,08/29/2023,brazil,Latin America,standard,13.79,Smart TV,13.8,0,0,6,Social Media,0,FALSE,Google Pay,25-34,Sci-Fi
SUB100212,CUST20212,2026-03-11,05/07/2027,U.S.A,North America,Premium,18.92,Mobile,27.8,No,0,,Email Campaign,Yes,TRUE,PayPal,55-64,Anime
SUB102549,CUST22549,04/01/2021,2021-02-18,India,Asia Pacific,BASIC,9,Mobile,35.3,No,2,-5,Paid Search,TRUE,Yes,Credit Card,,Sci-Fi
SUB100158,CUST20158,11/07/2024,09/26/2026,United States,North America,Standard,14.07,Smart TV,21.1,No,1,10,Affiliate,FALSE,FALSE,PayPal,35-44,Drama
SUB100157,CUST20157,"December 13, 2025",2027-05-13,United States,North America,Premium,20.98,Game Console,29.1,No,0,6,Affiliate,1,No,PayPal,45-54,Documentary
SUB101635,CUST21635,2024-10-10,2026-05-27,United States,North America,basic,$7.76,smart tv,30.7,Yes,1,-5,Paid Search,FALSE,N,Gift Card,18-24,Thriller
SUB100900,CUST20900,2024-06-04,07-09-2025,USA,North America,Standard,14.04,Game Console,54.2,N,1,7,Referral,TRUE,Yes,Google Pay,65+,Drama
SUB101572,CUST21572,09-10-2025,07/17/2027,Australia,Asia Pacific,Standard,$14.66,Tablet,48.5,0,1,4,Social Media,No,,Google Pay,45-54,Romance
SUB100411,CUST20411,,10/29/2025,United States,North America,Basic,6.45,Tablet,0,No,0,0,Paid Search,1,TRUE,Credit Card,65+,Drama
SUB101205,CUST21205,02/17/2025,09/17/2026,India,,basic,9.11,Smart TV,57.7,0,0,-5,Social Media,FALSE,FALSE,Gift Card,25-34,Comedy
SUB102703,CUST20103,10 Mar 2025,"August 25, 2027",United States,North America,standard,14.86,smart tv,496.4,No,0,15,Social Media,No,No,Google Pay,25-34,Reality TV
SUB102662,CUST20062,12-04-2026,2027-08-12,United Kingdom,Europe,Premium,19.39,Desktop,37.8,Yes,2,7,Email Campaign,FALSE,Yes,Google Pay,25-34,Reality TV
SUB102406,CUST22406,2025-02-04,08/07/2025,France,Europe,Std,12.62,Desktop,,No,3,15,Social Media,Yes,N,Debit Card,65+,Thriller
SUB102043,CUST22043,08/12/2023,09/14/2025,United States,North America,Basic,9.03,Desktop,46.2,No,1,3,Social Media,TRUE,FALSE,Gift Card,65+,Anime
SUB101742,CUST21742,05/31/2024,21-04-2026,Germany,Europe,PREMIUM,20.18,iPad,68,Yes,2,9,Email Campaign,TRUE,,Gift Card,25-34,Kids & Family
SUB100104,CUST20104,18-10-2024,11/15/2026,United States,North America,Standard,12.53,Mobile,17.4,,0,3,Paid Search,TRUE,N,Google Pay,25-34,Comedy
SUB100974,CUST20974,09/16/2022,2024-02-10,France,Europe,Standard,13.29,Desktop,38.3,Y,2,2,Organic,No,No,Gift Card,35-44,Documentary
SUB101395,CUST21395,2024-04-08,03/18/2025,United States,North America,Basic,7.96,Smart TV,37.2,yes,1,9,Paid Search,0,Yes,Credit Card,35-44,Sci-Fi
SUB101403,CUST21403,10-08-2024,11/07/2026,Italy,Europe,Basic,7.14,Tablet,,No,0,9,Email Campaign,0,Yes,Debit Card,45-54,Reality TV
SUB100530,CUST20530,03/21/2024,2026-06-23,United Kingdom,Europe,Basic,8.44,Tablet,57.6,Yes,0,5,Referral,,Yes,Gift Card,45-54,Sci-Fi
SUB100241,CUST20241,2026-06-05,2028-04-11,Deutschland,Europe,Basic,9.1,Mobile,46.6,No,0,-5,Email Campaign,Yes,TRUE,PayPal,65+,Kids & Family
SUB101560,CUST21560,11/27/2024,05/07/2025,Japan,Asia Pacific,Premium,20.63,PC,74.4,No,0,10,Referral,Yes,TRUE,Debit Card,35-44,Documentary
SUB101656,CUST21656,07/03/2024,2024-09-17,United States,North America,Basic,8.95,Mobile,0,No,0,3,Paid Search,TRUE,N,Debit Card,35-44,Drama
SUB101093,CUST21093,2021-06-06,2023-04-27,United States,North America,Basic,8.73,Smart TV,18.7,,0,6,Email Campaign,No,FALSE,Credit Card,45-54,Romance
SUB101997,CUST21997,2024-04-14,,Japan,Asia Pacific,Basic,10.8,Smart TV,54.4,No,0,0,Referral,TRUE,No,Google Pay,65+,Drama
SUB100141,CUST20141,2024-12-30,10/07/2025,United States,North America,Standard,15.1,Smart TV,44.1,No,0,10,Affiliate,,,PayPal,13-17,Kids & Family
SUB102831,CUST20231,2022-12-04,"April 01, 2024",United States,North America,basic,9.71,Phone,35.4,No,0,5,Paid Search,0,Yes,Gift Card,25-34,Sci-Fi
SUB102814,CUST20214,24-02-2025,,Germany,Europe,Basic,8.21,Desktop,45.5,No,0,3,Social Media,1,Y,Apple Pay,45-54,Documentary
SUB101509,CUST21509,22-12-2021,2022-01-03,Brazil,Latin America,basic,9.57,Desktop,37.8,No,1,7,Email Campaign,,,Credit Card,55-64,Action
SUB101524,CUST21524,13 Oct 2025,2025-11-19,France,Europe,Free Trial,0,Tablet,40.1,No,3,5,Social Media,FALSE,FALSE,Apple Pay,25-34,Documentary
SUB102554,CUST22554,10-09-2024,08/14/2026,Mexico,North America,Free Trial,-0.58,Console,56.6,No,1,7,Organic,,,Credit Card,35-44,Drama
SUB102329,CUST22329,2021-06-05,2021-12-07,Italy,Europe,Standard,12.19,Tablet,31.1,No,0,7,Social Media,FALSE,Y,Credit Card,25-34,Romance
SUB100564,CUST20564,2025-04-12,2025-11-30,Brazil,Latin America,Std,12.92,Mobile,,0,0,3,Paid Search,TRUE,Y,Apple Pay,35-44,Drama
SUB100899,CUST20899,05/02/2025,2026-08-19,France,Europe,free trial,0.57,Desktop,35,1,1,,Referral,1,N,Google Pay,45-54,Drama
SUB102312,CUST22312,03/23/2021,"May 20, 2023",Mexico,North America,Standard,13.45,Tablet,37.9,No,1,4,Referral,0,FALSE,Credit Card,13-17,Romance
SUB102292,CUST22292,2023-08-06,"December 25, 2023",India,Asia Pacific,Standard,13.19,Game Console,24,No,1,,Paid Search,TRUE,,Google Pay,18-24,Drama
SUB100911,CUST20911,2026-03-20,2026-08-17,United States,North America,Free Trial,0.9,iPad,36.1,No,1,-5,Organic,FALSE,FALSE,PayPal,55-64,Reality TV
SUB101638,CUST21638,2022-10-31,2022-11-22,Italy,Europe,Basic,9.73,Tablet,43.8,No,0,7,Email Campaign,FALSE,TRUE,Apple Pay,65+,Kids & Family
SUB101083,CUST21083,10-04-2021,2022-05-11,Canada,North America,Standard,14.71,Tablet,27.5,No,0,-5,Social Media,1,N,Credit Card,55-64,Action
SUB101837,CUST21837,2022-08-06,2023-01-01,India,Asia Pacific,Std,12.4,Laptop,60.7,No,0,1,Affiliate,Yes,TRUE,Debit Card,45-54,Kids & Family
SUB100340,CUST20340,,06 Jul 2026,United Kingdom,Europe,Standard,$14.74,Mobile,60,no,1,7,Email Campaign,No,FALSE,Google Pay,18-24,Romance
SUB101740,CUST21740,"December 31, 2025",18 Feb 2028,United States,North America,Basic,-8.7,Smart TV,61.4,,0,1,Social Media,0,N,Apple Pay,35-44,Reality TV
SUB100653,CUST20653,"January 12, 2026",2027-03-05,Brazil,Latin America,Free Trial,-0.42,Mobile,11.4,No,2,5,Referral,No,FALSE,Credit Card,35-44,Anime
SUB101390,CUST21390,21-12-2024,2026-04-16,INDIA,Asia Pacific,Premium,21.31,Tablet,48.5,No,0,2,Referral,TRUE,No,Credit Card,,Anime
SUB102245,CUST22245,,03/20/2027,United States,North America,Premium,19.64,Desktop,0.2,No,1,5,Paid Search,1,FALSE,Google Pay,13-17,Anime
SUB100195,CUST20195,2024-04-12,2025-05-22,united kingdom,Europe,Basic,$6.22,Smart TV,36.1,No,0,9,Paid Search,0,FALSE,PayPal,55-64,Reality TV
SUB100823,CUST20823,05/23/2026,2028-07-18,India,Asia Pacific,Basic,10.52,Tablet,45.7,yes,2,1,Referral,FALSE,FALSE,Debit Card,25-34,Romance
SUB100444,CUST20444,03/21/2026,11/16/2027,United States,North America,Standard,11.95,Smart TV,18.3,Y,3,,Paid Search,0,N,Debit Card,45-54,Reality TV
SUB100720,CUST20720,2021-05-05,"March 23, 2022",India,Asia Pacific,Basic,8.82,Game Console,40.8,1,1,10,Email Campaign,1,No,PayPal,18-24,Documentary
SUB100902,CUST20902,07/10/2021,2021-07-11,México,North America,Premium,20.32,Game Console,34.9,,0,2,Paid Search,1,Y,Gift Card,18-24,Reality TV
SUB101298,CUST21298,2021-03-26,07/20/2023,India,Asia Pacific,free trial,-2,Smart TV,51.5,No,0,8,Email Campaign,0,No,Debit Card,55-64,Documentary
SUB102419,CUST22419,2026-04-10,2028-04-01,United States,North America,Free Trial,0.11,Smart TV,11.2,,1,2,Organic,1,Y,Apple Pay,35-44,Documentary
SUB101071,CUST21071,,18 Apr 2024,France,Europe,basic,,PC,47,No,1,4,Organic,1,FALSE,Gift Card,13-17,Comedy
SUB102745,CUST20145,2023-02-17,2023-05-24,India,Asia Pacific,Standard,14.25 USD,Tablet,30.4,No,3,,Social Media,Yes,Y,Credit Card,13-17,Anime
SUB101979,CUST21979,07-08-2023,,Deutschland,Europe,Basic,9.38,Console,29.9,No,0,2,Paid Search,0,TRUE,Credit Card,13-17,Thriller
SUB101672,CUST21672,03/08/2022,2023-06-10,U.K.,Europe,PREMIUM,18.88,Game Console,44.7,No,1,5,Email Campaign,Yes,Yes,Gift Card,55-64,Sci-Fi
SUB101639,CUST21639,"December 01, 2021",04/04/2022,france,Europe,Premium,19.92,SmartTV,26.2,,0,,Social Media,FALSE,No,Google Pay,18-24,Sci-Fi
SUB102440,CUST22440,2023-06-23,2025-10-28,Italy,Europe,Standard,,Game Console,13.2,No,1,4,Organic,TRUE,No,Apple Pay,35-44,Kids & Family
SUB101198,CUST21198,2024-07-12,2025-06-11,INDIA,Asia Pacific,Premium,18.91,desktop,66.5,Yes,0,0,Social Media,0,Y,Google Pay,18-24,Thriller
SUB101684,CUST21684,"July 25, 2021",12/04/2022,united kingdom,Europe,Premium,19.39,Smart TV,,Yes,1,15,Social Media,TRUE,No,Gift Card,45-54,Comedy
SUB100035,CUST20035,06-02-2024,05/11/2024,France,Europe,Standard,15.02,Mobile,31.2,No,2,2,Affiliate,1,,Apple Pay,18-24,Comedy
SUB100518,CUST20518,2021-09-10,30-07-2023,Spain,Europe,Basic,9.96,Tablet,48.5,Yes,0,1,Affiliate,1,,Gift Card,65+,Romance
SUB100967,CUST20967,23-02-2021,2023-07-21,Brazil,Latin America,Basic,6.83,Mobile,,No,1,5,Referral,FALSE,TRUE,Apple Pay,18-24,Action
SUB100271,CUST20271,02/15/2024,02/07/2026,Canada,North America,Basic,9.29,Desktop,31.4,no,0,-5,Organic,Yes,TRUE,Apple Pay,45-54,Romance
SUB102671,CUST20071,2024-01-07,05/02/2026,United States,North America,Standard,13.69,Tablet,54.8,,1,5,Email Campaign,,FALSE,Gift Card,35-44,Comedy
SUB102495,CUST22495,2023-08-20,02/28/2025,United Kingdom,Europe,Basic,7.74 USD,Mobile,26.5,yes,0,3,Organic,1,No,PayPal,55-64,Sci-Fi
SUB102809,CUST20209,2026-03-08,11/21/2026,United States,North America,premium,20,Smart TV,38.4,,2,1,Social Media,Yes,TRUE,Gift Card,25-34,Kids & Family
SUB102819,CUST20219,09 Dec 2025,12/23/2025,India,Asia Pacific,Standard,14.27,Mobile,52,,0,7,Social Media,1,Y,Google Pay,45-54,Comedy
SUB101502,CUST21502,09/13/2022,"February 26, 2025",United States,North America,Trial,1.8,Desktop,43,No,0,7,Paid Search,FALSE,,Google Pay,55-64,Documentary
SUB100363,CUST20363,31-03-2023,2023-06-24,INDIA,Asia Pacific,Basic,9.91,desktop,12.2,No,0,15,Referral,1,TRUE,Gift Card,45-54,Documentary
SUB101352,CUST21352,"August 07, 2023",2025-03-01,U.K.,Europe,Premium,21.24,smart tv,13.3,1,0,6,Referral,Yes,,Gift Card,55-64,Comedy
SUB100750,CUST20750,10-10-2024,11/02/2026,Germany,Europe,Basic,$8.74,Phone,45,Yes,1,2,Social Media,TRUE,N,Credit Card,65+,Action
SUB102932,CUST20332,2025-05-19,2027-07-08,United Kingdom,Europe,Std,14.05,Game Console,17.7,No,0,3,Organic,TRUE,No,PayPal,35-44,Anime
SUB101158,CUST21158,2025-10-15,11/11/2027,Canada,North America,Basic,9.19,Smart TV,55,No,0,8,Social Media,No,TRUE,PayPal,55-64,Documentary
SUB102119,CUST22119,11-01-2024,2025-08-21,Canada,North America,Basic,10.33,Desktop,25.7,0,0,,Social Media,FALSE,,PayPal,35-44,Sci-Fi
SUB102472,CUST22472,07/04/2026,2026-11-09,United Kingdom,Europe,premium,20.66,Mobile,57.5,Yes,0,0,Referral,FALSE,N,Credit Card,25-34,Thriller
SUB100696,CUST20696,26-05-2025,,Germany,Europe,PREMIUM,22.22,Smart TV,47.1,No,0,9,Paid Search,,FALSE,Gift Card,45-54,Sci-Fi
SUB101349,CUST21349,28-10-2024,2027-04-07,india,Asia Pacific,Free Trial,-0.09,Game Console,12.2,,0,8,Paid Search,No,Yes,Credit Card,18-24,Action
SUB102695,CUST20095,,08/30/2025,united states,North America,Premium,19.17,Mobile,37,,0,9,Paid Search,Yes,Yes,Credit Card,18-24,Anime
SUB100132,CUST20132,2021-06-01,22 Nov 2021,U.S.A,North America,Standard,14.56,Mobile,55.3,,0,,Organic,Yes,TRUE,Google Pay,55-64,Reality TV
SUB101786,CUST21786,"February 13, 2024","April 23, 2026",United States,North America,Free Trial,2.16 USD,desktop,44,Yes,1,8,Social Media,FALSE,FALSE,Apple Pay,45-54,Drama
SUB102045,CUST22045,03/24/2022,24-04-2023,Brazil,Latin America,Standard,14.65,Desktop,18.8,No,2,6,Email Campaign,Yes,TRUE,Apple Pay,13-17,Documentary
SUB101727,CUST21727,21-05-2026,09/14/2027,United States,North America,Standard,12.42 USD,Smart TV,47.2,No,1,9,Email Campaign,TRUE,Yes,PayPal,55-64,Romance
SUB102675,CUST20075,11/17/2022,2024-07-16,United States,North America,Free Trial,,Game Console,29.7,No,1,6,Social Media,FALSE,Yes,Credit Card,,Documentary
SUB102788,CUST20188,12-08-2025,"January 30, 2027",australia,Asia Pacific,Basic,9.92,Console,27.2,Yes,0,9,Email Campaign,1,Yes,Debit Card,13-17,Action
SUB101785,CUST21785,02/03/2022,,Mexico,North America,Basic,8.93,Game Console,61.9,,1,6,Affiliate,,Y,Credit Card,55-64,Action
SUB101585,CUST21585,2026-05-18,07/25/2027,Japan,Asia Pacific,Premium,19.56,Game Console,7.8,No,0,0,Referral,FALSE,No,Debit Card,18-24,Romance
SUB101957,CUST21957,25-09-2025,09/25/2027,India,Asia Pacific,standard,,TV,44.4,No,1,2,Affiliate,FALSE,N,Google Pay,25-34,Kids & Family
SUB102543,CUST22543,23 Jun 2022,"September 11, 2024",U.K.,,Basic,9.77,Desktop,38.4,No,1,7,Organic,FALSE,No,Credit Card,25-34,Drama
SUB100929,CUST20929,05/17/2023,2024-05-06,Canada,North America,Premium,19.55,Smart TV,39.7,No,0,3,Paid Search,0,Yes,Google Pay,55-64,Kids & Family
SUB101137,CUST21137,02/10/2021,"June 25, 2023",India,Asia Pacific,Free Trial,0.84,Tablet,80.5,No,0,,Referral,1,FALSE,Gift Card,55-64,Romance
SUB100264,CUST20264,2023-12-08,2024-06-01,United States,North America,Standard,$14.3,Game Console,66.3,0,0,15,Paid Search,FALSE,Yes,Debit Card,65+,Reality TV
SUB101722,CUST21722,03/19/2025,2027-08-21,Germany,Europe,Premium,20.58,tablet,76.3,Yes,0,2,Affiliate,TRUE,Y,Google Pay,55-64,Thriller
SUB101834,CUST21834,05-04-2022,2024-02-18,United Kingdom,Europe,Free Trial,0.51,Mobile,,No,1,,Organic,0,TRUE,Google Pay,55-64,Documentary
SUB100294,CUST20294,16-06-2022,,U.S.A,North America,Basic,$9.27,Game Console,67.2,No,0,-5,Paid Search,Yes,Yes,Google Pay,65+,Drama
SUB100618,CUST20618,2024-12-28,2027-06-06,United States,North America,BASIC,10.85,Desktop,60.5,Yes,0,4,Paid Search,0,Y,Google Pay,45-54,Reality TV
SUB100592,CUST20592,"September 08, 2023",2024-02-27,United States,North America,Free Trial,-0.38,Smart TV,42.3,No,0,0,Affiliate,0,Y,PayPal,25-34,Action
SUB102177,CUST22177,"June 16, 2025",2027-05-02,Japan,Asia Pacific,Premium,19.42,Game Console,8.5,No,1,0,Referral,TRUE,TRUE,Gift Card,45-54,Thriller
SUB101569,CUST21569,2022-03-20,,India,Asia Pacific,Basic,12.2,Desktop,29.7,Yes,0,0,Affiliate,,TRUE,Credit Card,13-17,Documentary
SUB102873,CUST20273,2026-04-25,13-02-2028,Canada,North America,Basic,9.63,Game Console,16.8,No,1,1,Social Media,0,FALSE,Credit Card,45-54,Comedy
SUB100915,CUST20915,31-05-2021,"May 24, 2022",India,Asia Pacific,basic,10.76,Laptop,17,No,0,0,Paid Search,0,FALSE,Debit Card,18-24,Sci-Fi
SUB100304,CUST20304,2025-09-20,2026-06-12,Italy,Europe,Basic,6.97,Mobile,45.8,Yes,0,,Email Campaign,TRUE,No,Apple Pay,18-24,Romance
SUB102213,CUST22213,"December 12, 2023",2024-05-28,France,Europe,Standard,12.38,console,43.1,N,0,5,Email Campaign,,,Apple Pay,65+,Anime
SUB102553,CUST22553,,2026-04-05,India,Asia Pacific,FreeTrial,-0.22,Tablet,0,,1,8,Email Campaign,FALSE,,Credit Card,65+,Anime
SUB101923,CUST21923,,12-08-2022,Brazil,Latin America,Premium,20.37,Smart TV,46.3,No,0,2,Affiliate,Yes,Yes,Debit Card,45-54,Documentary
SUB102878,CUST20278,11-05-2026,2026-08-25,United States,North America,standard,16.72,Tablet,348,No,1,9,Affiliate,1,No,Apple Pay,35-44,Romance
SUB102124,CUST22124,10-11-2021,08-11-2022,india,Asia Pacific,Basic,,Desktop,42.9,No,1,-5,Referral,TRUE,No,PayPal,45-54,Thriller
SUB100392,CUST20392,,22-06-2027,India,Asia Pacific,Premium,20.29,Game Console,35.9,No,0,10,Social Media,FALSE,N,PayPal,65+,Comedy
SUB102459,CUST22459,01/20/2021,2022-07-11,spain,Europe,Premium,18.99,Mobile,33.5,Yes,0,-5,Affiliate,Yes,Yes,Google Pay,18-24,Romance
SUB102962,CUST20362,2024-10-08,2025-10-23,Australia,Asia Pacific,Premium,19.03,Mobile,33.3,yes,0,,Organic,,FALSE,Gift Card,,Drama
SUB100362,CUST20362,2023-10-02,2025-03-20,Germany,Europe,Standard,15.74,Console,40.7,No,0,10,Referral,FALSE,Y,Debit Card,35-44,Comedy
SUB100357,CUST20357,2026-07-10,01-08-2026,japan,Asia Pacific,PREMIUM,18.53,Smart TV,3.7,yes,1,6,Paid Search,No,TRUE,Google Pay,55-64,Action
SUB100092,CUST20092,"October 20, 2023",2025-08-20,United Kingdom,Europe,Standard,15.32,Desktop,43.6,No,2,7,Email Campaign,TRUE,TRUE,Credit Card,65+,Comedy
SUB101168,CUST21168,"May 25, 2022",2023-10-22,Brazil,Latin America,Basic,10.79,Smart TV,50,No,0,0,Social Media,0,,Credit Card,13-17,Thriller
SUB102685,CUST20085,05/17/2024,2025-11-20,France,Europe,Standard,12.09,tablet,,No,1,3,Referral,TRUE,TRUE,Gift Card,45-54,Romance
SUB100074,CUST20074,,11/11/2022,Australia,Asia Pacific,Standard,13.26,Tablet,32.2,no,1,,Social Media,FALSE,N,Apple Pay,45-54,Drama
SUB100230,CUST20230,2022-04-27,04/15/2024,United States,North America,Basic,9.37,Phone,18.3,No,1,-5,Social Media,TRUE,No,Debit Card,,Drama
SUB101195,CUST21195,17-05-2024,2025-09-29,Italy,Europe,Premium,18.95,Desktop,2.1,No,1,2,Paid Search,Yes,Yes,Debit Card,35-44,Action
SUB102237,CUST22237,2022-12-04,02-05-2023,India,Asia Pacific,Standard,12.42,Mobile,50.9,No,3,,Referral,0,,Credit Card,18-24,Thriller
SUB101304,CUST21304,2022-08-13,,Japan,Asia Pacific,PREMIUM,21.83,Game Console,39.2,No,1,1,Affiliate,1,No,PayPal,13-17,Action
SUB100083,CUST20083,06-03-2026,10-02-2028,India,Asia Pacific,Basic,10,Game Console,16.9,No,1,2,Email Campaign,TRUE,No,Debit Card,55-64,Anime
SUB102494,CUST22494,12/29/2022,2024-06-26,USA,North America,Trial,1.31,Game Console,27,No,1,6,Social Media,No,TRUE,PayPal,45-54,Sci-Fi
SUB102337,CUST22337,03 Apr 2024,10/17/2024,United States,North America,Standard,,Game Console,49.5,Yes,1,5,Organic,TRUE,No,Google Pay,45-54,Sci-Fi
SUB100273,CUST20273,10/30/2022,02/13/2024,United States,North America,BASIC,9.23,Console,14.8,Yes,0,,Affiliate,TRUE,Yes,Google Pay,45-54,Sci-Fi
SUB102227,CUST22227,"June 26, 2023",2024-05-10,United States,North America,standard,14.25,Mobile,482.5,No,1,0,Social Media,0,N,PayPal,13-17,Anime
SUB101921,CUST21921,2023-08-24,2024-04-18,Japan,Asia Pacific,Premium,21.96,Tablet,497.8,No,0,2,Social Media,No,N,Gift Card,45-54,Reality TV
SUB102030,CUST22030,03/04/2026,2027-12-11,United States,North America,Standard,14.08,TV,27.6,No,0,8,Affiliate,Yes,Yes,Google Pay,65+,Kids & Family
SUB101822,CUST21822,,2025-12-16,brazil,Latin America,Basic,9.37,Console,31.6,Yes,3,4,Social Media,TRUE,No,Apple Pay,18-24,Sci-Fi
SUB101953,CUST21953,09/17/2021,10/28/2022,India,Asia Pacific,basic,7.27,smart tv,19.9,Yes,1,-5,Paid Search,TRUE,Y,PayPal,65+,Kids & Family
SUB101371,CUST21371,19-02-2021,07/03/2023,France,Europe,Premium,20.76,console,41.6,No,0,7,Referral,FALSE,Yes,Gift Card,65+,Anime
SUB100903,CUST20903,12/23/2021,01-06-2024,United States,North America,FreeTrial,0.2,Game Console,25.8,,0,10,Paid Search,Yes,N,Credit Card,13-17,Thriller
SUB100447,CUST20447,17 Jan 2026,"July 02, 2028",India,Asia Pacific,FreeTrial,1.26,Desktop,21.5,No,0,15,Referral,FALSE,N,Debit Card,45-54,Documentary
SUB101779,CUST21779,2026-01-20,2025-12-03,United States,North America,Basic,9.66,Game Console,8.2,No,2,,Organic,FALSE,TRUE,PayPal,65+,Sci-Fi
SUB101611,CUST21611,"March 28, 2026",26-10-2027,Spain,Europe,Standard,12.97,smart tv,40.2,No,1,1,Referral,0,TRUE,Google Pay,55-64,Reality TV
SUB102580,CUST22580,2021-12-04,07/24/2022,Canada,North America,Standard,$15.11,Tablet,36.4,No,0,15,Email Campaign,Yes,TRUE,Credit Card,65+,Comedy
SUB102385,CUST22385,2025-01-16,02-02-2027,United States,North America,Std,14.64,SmartTV,34.7,No,0,8,Organic,TRUE,No,Credit Card,55-64,Comedy
SUB100017,CUST20017,01/16/2023,03/28/2023,France,Europe,Free Trial,-0.61,Desktop,18.7,Yes,0,4,Email Campaign,1,TRUE,Debit Card,25-34,Thriller
SUB101755,CUST21755,06 Oct 2025,2025-12-10,Italy,Europe,FreeTrial,1.87,Smart TV,31.3,yes,0,3,Affiliate,FALSE,FALSE,Apple Pay,35-44,Documentary
SUB102726,CUST20126,12/28/2023,"June 13, 2026",India,Asia Pacific,Basic,8.12,Mobile,29.9,yes,0,8,Paid Search,TRUE,FALSE,Gift Card,13-17,Kids & Family
SUB102743,CUST20143,2023-01-06,2024-05-25,India,Asia Pacific,Premium,$21.01,Mobile,31.8,,0,6,Social Media,FALSE,N,Gift Card,45-54,Comedy
SUB101131,CUST21131,,11/15/2023,brazil,Latin America,free trial,0.15,Game Console,0,No,1,8,Organic,,No,Google Pay,65+,Romance
SUB102697,CUST20097,2024-05-14,18-09-2026,Brasil,Latin America,Basic,7.18 USD,Desktop,41.3,No,1,10,Referral,FALSE,Yes,Apple Pay,18-24,Anime
SUB100111,CUST20111,2025-08-17,"January 05, 2027",Brazil,Latin America,Standard,14.28,Tablet,38.5,No,0,7,Paid Search,TRUE,Y,Gift Card,55-64,Action
SUB102074,CUST22074,05/04/2021,2021-12-23,United States,North America,Trial,0.73,Smart TV,36.5,Yes,1,2,Organic,Yes,No,Gift Card,55-64,Anime
SUB101042,CUST21042,2022-10-16,20 Oct 2023,United Kingdom,Europe,Premium,$21.03,Smart TV,18.9,No,1,0,Organic,Yes,N,Debit Card,35-44,Action
SUB101875,CUST21875,"February 26, 2026",08/12/2028,Australia,Asia Pacific,Free Trial,,Smart TV,8.1,No,0,2,Affiliate,TRUE,Yes,Google Pay,65+,Romance
SUB102424,CUST22424,06/01/2022,2022-06-28,Brazil,Latin America,Basic,7.67,Tablet,24.2,No,0,6,Social Media,,TRUE,PayPal,13-17,Action
SUB102890,CUST20290,2021-10-17,,Brazil,Latin America,Std,12.39,Desktop,37.9,Yes,2,9,Email Campaign,TRUE,TRUE,Credit Card,55-64,Anime
SUB101264,CUST21264,05/22/2025,2026-05-06,India,Asia Pacific,Basic,8.61,mobile,50.7,No,1,6,Paid Search,FALSE,No,PayPal,18-24,Sci-Fi
SUB100449,CUST20449,02/16/2023,05/10/2024,India,Asia Pacific,premium,18.15,Tablet,42.8,No,1,7,Social Media,TRUE,,Credit Card,55-64,Documentary
SUB100213,CUST20213,"December 03, 2023",,india,Asia Pacific,standard,14.95,Mobile,69.4,No,2,0,Organic,,,PayPal,13-17,Reality TV
SUB101208,CUST21208,09-03-2022,01/31/2024,France,Europe,Free Trial,-1.83,Desktop,55.6,1,2,8,Affiliate,No,FALSE,Gift Card,18-24,Drama
SUB100878,CUST20878,2021-09-28,2024-01-07,Canada,North America,BASIC,7.73,Tablet,32.1,No,0,1,Affiliate,1,FALSE,Apple Pay,13-17,Comedy
SUB102403,CUST22403,,2023-08-10,France,Europe,Standard,12.77,Tablet,59,No,0,9,Paid Search,0,TRUE,Gift Card,18-24,Action
SUB101751,CUST21751,25 Jun 2022,06/04/2024,Germany,Europe,Premium,19.62,Smart TV,3.3,No,0,1,Paid Search,0,TRUE,Debit Card,65+,Romance
SUB102843,CUST20243,02/28/2023,"January 17, 2025",United States,North America,Premium,17.94,Console,24.1,,0,0,Affiliate,0,,PayPal,13-17,Thriller
SUB100809,CUST20809,2023-03-05,"June 12, 2023",United Kingdom,Europe,Basic,10.4,Smart TV,38.8,No,1,4,Social Media,Yes,,Gift Card,65+,Drama
SUB101350,CUST21350,09 Mar 2021,04-03-2023,United States,North America,Standard,13.82,Mobile,36.4,No,1,3,Email Campaign,TRUE,N,Credit Card,45-54,Documentary
SUB102791,CUST20191,"August 25, 2022",2022-10-30,Canada,North America,FreeTrial,3.04,Game Console,398.6,No,1,15,Social Media,0,Y,Credit Card,35-44,Reality TV
SUB101327,CUST21327,23 Oct 2023,2025-02-24,France,Europe,Standard,13.97,Smart TV,21.9,No,1,3,Referral,1,Yes,Apple Pay,65+,Sci-Fi
SUB101653,CUST21653,2023-07-19,2024-03-02,India,Asia Pacific,Standard,14.33,Smart TV,46.7,,2,,Organic,TRUE,Y,PayPal,65+,Drama
SUB100731,CUST20731,2021-01-11,,México,North America,Free Trial,-1.54,Smart TV,7.8,No,0,15,Organic,Yes,N,Credit Card,25-34,Reality TV
SUB101864,CUST21864,"June 11, 2026",2027-02-17,United States,North America,Standard,13.12,Tablet,61,No,1,-5,Referral,Yes,Y,Credit Card,55-64,Documentary
SUB102368,CUST22368,28 Feb 2024,05-07-2024,Germany,Europe,Standard,$15.26,Desktop,5,No,0,-5,Social Media,FALSE,Y,PayPal,55-64,Action
SUB100441,CUST20441,05/22/2025,08/29/2027,United States,North America,Basic,$7.58,Smart TV,13.1,1,0,2,Affiliate,Yes,Y,Credit Card,45-54,Reality TV
SUB102152,CUST22152,2025-01-03,2026-02-27,Canada,North America,PREMIUM,20.67,Smart TV,0,No,1,9,Email Campaign,FALSE,FALSE,Credit Card,45-54,Romance
SUB101944,CUST21944,22 Aug 2024,25 Mar 2025,Spain,Europe,Premium,,Desktop,83.4,No,0,1,Organic,,TRUE,Credit Card,13-17,Anime
SUB102696,CUST20096,12/14/2023,11/07/2023,Spain,Europe,Standard,15.2,Desktop,80.7,Yes,0,,Email Campaign,1,FALSE,Credit Card,65+,Romance
SUB102916,CUST20316,2023-04-26,"June 27, 2024",Italy,Europe,Standard,14.02,console,9.4,No,1,,Referral,No,TRUE,PayPal,18-24,Comedy
SUB102638,CUST20038,2024-12-28,2027-04-23,Canada,North America,Free Trial,-1.24,Smart TV,44.8,Yes,3,5,Social Media,No,No,Credit Card,65+,Action
SUB101929,CUST21929,12-10-2023,2024-07-09,USA,North America,Premium,19.4,Game Console,63.1,,0,-5,Email Campaign,,,PayPal,55-64,Anime
SUB102694,CUST20094,03/30/2026,,United States,North America,Premium,$20.85,Mobile,22.5,,0,8,Affiliate,TRUE,TRUE,Google Pay,35-44,Thriller
SUB100408,CUST20408,2023-07-10,"August 13, 2023",United States,North America,Standard,14.28,Mobile,40.5,,0,8,Referral,,Y,Debit Card,13-17,Drama
SUB101945,CUST21945,2022-11-08,01/26/2025,Italy,Europe,premium,19.42,Console,8.6,No,1,0,Social Media,Yes,Y,Google Pay,25-34,Reality TV
SUB101401,CUST21401,,2021-12-17,United States,North America,Basic,7.24,Smart TV,50.6,No,0,15,Email Campaign,Yes,FALSE,Gift Card,13-17,Kids & Family
SUB101541,CUST21541,03/29/2025,12/20/2026,germany,Europe,Basic,$9.7,Tablet,14.7,,1,15,Organic,TRUE,FALSE,Credit Card,45-54,Romance
SUB101412,CUST21412,2025-11-28,10/16/2027,United States,North America,Basic,-9.08,Mobile,31.6,No,0,,Paid Search,TRUE,TRUE,Credit Card,18-24,Action
SUB102781,CUST20181,,09 Mar 2026,Deutschland,Europe,Basic,11.02,Game Console,61.8,N,1,10,Paid Search,FALSE,Y,Credit Card,45-54,Sci-Fi
SUB102754,CUST20154,13-04-2026,"July 30, 2026",USA,North America,basic,10.99,Tablet,69.3,No,0,-5,Organic,No,No,PayPal,35-44,Documentary
SUB102295,CUST22295,21 Nov 2021,25-10-2023,India,Asia Pacific,Free Trial,0.71,Smart TV,12.9,,1,10,Affiliate,FALSE,Y,Debit Card,35-44,Romance
SUB101123,CUST21123,12 Jul 2022,29 Aug 2022,AUS,Asia Pacific,Standard,15.29,Mobile,46,No,0,9,Paid Search,,No,Google Pay,13-17,Documentary
SUB101841,CUST21841,"July 28, 2024",2025-04-16,United Kingdom,Europe,Basic,7.92,Desktop,20.2,No,0,6,Referral,FALSE,Yes,Credit Card,65+,Anime
SUB101512,CUST21512,2024-08-24,2025-02-02,United Kingdom,Europe,Basic,8.85,Mobile,17.2,Yes,0,-5,Organic,Yes,,PayPal,55-64,Documentary
SUB102378,CUST22378,10/21/2025,,India,Asia Pacific,Standard,14,Smart TV,74.6,No,1,4,Social Media,No,,PayPal,45-54,Drama
SUB100286,CUST20286,2022-06-04,02/28/2024,france,Europe,PREMIUM,20.3,Mobile,17,,0,,Referral,TRUE,Yes,Credit Card,18-24,Kids & Family
SUB102206,CUST22206,2025-11-21,02/11/2027,United States,,Basic,7.31,Tablet,15.8,Yes,2,,Email Campaign,FALSE,,Google Pay,13-17,Sci-Fi
SUB100593,CUST20593,15 Apr 2022,28 Feb 2023,Japan,Asia Pacific,Basic,9.73 USD,desktop,32.2,No,0,2,Affiliate,No,No,Credit Card,45-54,Romance
SUB101775,CUST21775,2024-01-24,"September 04, 2025",Canada,North America,Basic,9.86,Desktop,50.7,Yes,0,6,Social Media,Yes,,Apple Pay,45-54,Comedy
SUB101175,CUST21175,"June 02, 2025",2027-02-10,Deutschland,Europe,Premium,19.57,Smart TV,44.6,Yes,0,7,Organic,No,,Google Pay,18-24,Sci-Fi
SUB102409,CUST22409,2026-07-22,11/07/2027,Italy,Europe,Premium,20.02,Tablet,28.6,Yes,0,5,Organic,No,Yes,PayPal,18-24,Action
SUB101353,CUST21353,29-07-2025,2026-03-08,UK,Europe,Free Trial,0.21,Tablet,60.8,N,0,5,Paid Search,,Yes,Apple Pay,65+,Thriller
SUB100839,CUST20839,17 Mar 2021,,India,Asia Pacific,Standard,13.22,Tablet,47.8,No,2,1,Referral,,,Gift Card,65+,Reality TV
SUB102544,CUST22544,07/15/2021,2023-01-19,France,Europe,Basic,7.28,Smart TV,28.4,yes,0,10,Referral,1,Y,Gift Card,55-64,Romance
SUB102201,CUST22201,04-12-2021,2023-09-28,Germany,Europe,Standard,13.76,Tablet,5.1,No,1,15,Referral,TRUE,No,Gift Card,65+,Comedy
SUB101505,CUST21505,03/02/2025,06/22/2025,Spain,Europe,Basic,7.36,SmartTV,18.2,0,0,6,Referral,1,Y,Credit Card,13-17,Comedy
SUB101562,CUST21562,,2024-09-10,united states,North America,Premium,19.72,Tablet,40.1,No,1,6,Email Campaign,,No,Credit Card,35-44,Anime
SUB100350,CUST20350,2025-06-05,09/12/2025,australia,Asia Pacific,Basic,8.7,Game Console,14.4,,0,4,Email Campaign,Yes,FALSE,Gift Card,13-17,Romance
SUB102751,CUST20151,26-02-2023,2023-06-26,INDIA,Asia Pacific,Basic,7.54,Smart TV,37.7,no,1,,Paid Search,Yes,N,Credit Card,65+,Reality TV
SUB102805,CUST20205,08/07/2025,05 Nov 2026,India,Asia Pacific,Basic,9.46,Game Console,6.4,No,0,-5,Organic,TRUE,Yes,Gift Card,18-24,Anime
SUB102990,CUST20390,2026-02-03,2026-03-21,United States,North America,Standard,13.81,Tablet,47.3,Yes,0,5,Affiliate,FALSE,No,Google Pay,25-34,Comedy
SUB101803,CUST21803,,2023-09-23,india,Asia Pacific,Free Trial,2.43,Mobile,35.9,No,0,-5,Organic,0,Y,Apple Pay,45-54,Documentary
SUB102345,CUST22345,2023-12-12,18-01-2025,united states,North America,Standard,12.9,Game Console,34,No,0,8,Referral,FALSE,Y,Google Pay,55-64,Anime
SUB101568,CUST21568,2022-05-20,"July 14, 2024",Germany,,Free Trial,-0.73,Smart TV,19.5,No,1,1,Referral,,,Google Pay,45-54,Drama
SUB100893,CUST20893,02/18/2025,12/15/2025,United States,North America,Standard,11.77,tablet,28.5,No,2,0,Organic,,Y,Debit Card,35-44,Documentary
SUB101548,CUST21548,2025-06-07,02-05-2027,Germany,Europe,Standard,14.93,Laptop,357.7,No,0,5,Organic,,Y,Apple Pay,45-54,Drama
SUB102122,CUST22122,2023-02-01,2023-09-09,India,Asia Pacific,Basic,9.4,Desktop,58.2,,0,5,Organic,FALSE,Yes,Apple Pay,55-64,Anime
SUB101970,CUST21970,2025-10-11,2026-03-19,Italy,Europe,Basic,-9.61,Mobile,25.9,No,1,4,Social Media,TRUE,N,Apple Pay,55-64,Anime
SUB101657,CUST21657,2021-12-13,23 Apr 2024,France,Europe,Standard,13.51,Tablet,36.1,,1,0,Paid Search,FALSE,Yes,Google Pay,45-54,Drama
SUB102687,CUST20087,"September 12, 2021",2024-01-03,United States,North America,Standard,14.92,Game Console,60.7,No,1,7,Referral,TRUE,Y,Debit Card,18-24,Kids & Family
SUB102381,CUST22381,17-08-2021,2023-05-24,France,,FreeTrial,-0.12,Desktop,57.8,Yes,1,-5,Organic,TRUE,N,Debit Card,35-44,Documentary
SUB101445,CUST21445,"August 05, 2022",2023-10-20,India,Asia Pacific,Standard,15.36,Game Console,35.4,No,0,6,Affiliate,TRUE,Y,Credit Card,45-54,Romance
SUB101754,CUST21754,26-03-2024,08/31/2026,Australia,Asia Pacific,Standard,12.14,Desktop,32.8,No,1,10,Social Media,No,No,Gift Card,18-24,Comedy
SUB101594,CUST21594,02/28/2025,,UK,Europe,Standard,14.37,Desktop,55.4,No,0,5,Social Media,FALSE,No,Google Pay,45-54,Kids & Family
SUB102658,CUST20058,29 Mar 2026,2028-01-02,spain,Europe,free trial,,Mobile,18.5,no,0,10,Paid Search,0,N,Google Pay,13-17,Drama
SUB102656,CUST20056,07 May 2024,11/29/2024,japan,Asia Pacific,Premium,21.71,Laptop,325.7,yes,2,15,Referral,TRUE,FALSE,Google Pay,13-17,Kids & Family
SUB102632,CUST20032,2022-02-21,2023-06-28,USA,North America,Standard,14.47,console,19.7,1,0,-5,Affiliate,TRUE,,Apple Pay,35-44,Documentary
SUB100851,CUST20851,10/03/2023,2025-04-02,U.K.,Europe,Free Trial,-0.2,Mobile,23.4,Yes,0,-5,Email Campaign,TRUE,No,Gift Card,65+,Action
SUB100320,CUST20320,21-02-2026,2027-03-14,India,Asia Pacific,basic,7.2,Mobile,49,,2,7,Affiliate,1,,Gift Card,45-54,Anime
SUB100516,CUST20516,2021-12-08,2022-05-19,India,Asia Pacific,Premium,19.36,Game Console,35,0,0,2,Organic,,FALSE,Gift Card,18-24,Sci-Fi
SUB102478,CUST22478,2026-02-03,,United Kingdom,Europe,Premium,20.98,SmartTV,3.8,No,1,9,Social Media,FALSE,Yes,Credit Card,45-54,Sci-Fi
SUB100511,CUST20511,08/19/2021,07 Dec 2022,México,North America,Basic,6.46,Mobile,27.7,No,1,10,Paid Search,1,No,Gift Card,65+,Anime
SUB100992,CUST20992,23-08-2023,01/26/2026,United States,North America,Basic,9.46,Smart TV,41.1,No,0,0,Social Media,FALSE,Y,PayPal,65+,Romance
SUB102047,CUST22047,23-11-2022,"July 05, 2024",India,Asia Pacific,Premium,21.16,iPad,20.9,No,1,0,Affiliate,Yes,FALSE,Apple Pay,13-17,Drama
SUB101280,CUST21280,2023-10-06,"May 29, 2024",Germany,Europe,Basic,8.9,desktop,42.6,No,0,2,Paid Search,FALSE,No,Credit Card,18-24,Kids & Family
SUB101178,CUST21178,16-09-2024,23-05-2026,Spain,Europe,Basic,9.94 USD,Smart TV,,No,0,7,Email Campaign,1,,Debit Card,45-54,Sci-Fi
SUB102163,CUST22163,2022-03-25,03-10-2023,France,Europe,Basic,8.75,PC,12,Yes,1,7,Paid Search,0,,PayPal,55-64,Drama
SUB100627,CUST20627,10/07/2023,,INDIA,Asia Pacific,Basic,$8.94,Smart TV,69.8,Yes,0,6,Social Media,FALSE,No,Google Pay,25-34,Comedy
SUB101709,CUST21709,05/26/2024,,India,Asia Pacific,Std,13.21,Game Console,37,No,0,8,Affiliate,No,FALSE,Apple Pay,35-44,Kids & Family
SUB101771,CUST21771,09/17/2024,07-08-2026,Canada,North America,Free Trial,-1.51,Desktop,31.6,No,1,10,Social Media,0,No,Credit Card,13-17,Sci-Fi
SUB101776,CUST21776,02-12-2021,"February 08, 2023",United States,North America,Free Trial,0.44,Game Console,33.6,N,0,6,Organic,,Yes,Debit Card,13-17,Reality TV
SUB101853,CUST21853,04/14/2021,,United Kingdom,Europe,Basic,9.26,Tablet,47.6,No,0,7,Email Campaign,1,No,Apple Pay,45-54,Comedy
SUB100356,CUST20356,11-05-2024,03/23/2025,United States,North America,Premium,19.98,Phone,30.8,No,0,10,Social Media,Yes,Yes,Google Pay,65+,Action
SUB100298,CUST20298,11/17/2021,2023-04-04,Germany,Europe,Basic,8.37,Desktop,51.3,No,2,0,Affiliate,0,Yes,Debit Card,18-24,Kids & Family
SUB100051,CUST20051,2025-03-26,2025-05-15,United States,North America,Basic,8.54,desktop,61,No,0,4,Organic,No,Y,Apple Pay,18-24,Sci-Fi
SUB102320,CUST22320,2024-11-25,07-04-2027,United States,North America,PREMIUM,19.05,Smart TV,0,No,1,10,Affiliate,FALSE,N,PayPal,18-24,Romance
SUB101293,CUST21293,05/10/2023,02-03-2024,India,Asia Pacific,Basic,$8.34,Smart TV,63.2,No,0,6,Social Media,Yes,Yes,Debit Card,25-34,Drama
SUB100063,CUST20063,19-05-2021,11/27/2022,Germany,Europe,Basic,9.99,Smart TV,42.1,No,1,10,Email Campaign,0,Yes,PayPal,25-34,Reality TV
SUB102480,CUST22480,2022-11-12,22 Oct 2022,U.S.A,North America,Standard,13.18,Smart TV,43.6,,1,6,Referral,FALSE,No,Gift Card,25-34,Drama
SUB100062,CUST20062,17 May 2023,07/19/2025,INDIA,Asia Pacific,Premium,20.25,Game Console,62.2,Y,2,7,Affiliate,FALSE,FALSE,PayPal,35-44,Action
SUB101188,CUST21188,"June 06, 2026",03/08/2028,canada,North America,Standard,11.64,Smart TV,49.1,Yes,1,8,Email Campaign,TRUE,TRUE,Google Pay,65+,Thriller
SUB101773,CUST21773,05/23/2026,12 Jul 2026,india,Asia Pacific,Standard,14.85,console,11.2,No,2,4,Paid Search,FALSE,Yes,Credit Card,45-54,Drama
SUB102321,CUST22321,21-06-2021,07/22/2022,India,Asia Pacific,Basic,8.45,Mobile,46.2,,0,4,Affiliate,0,TRUE,Apple Pay,13-17,Kids & Family
SUB101393,CUST21393,2021-06-11,2023-03-01,México,North America,Standard,13.68,Desktop,54.4,No,0,,Email Campaign,TRUE,TRUE,Credit Card,25-34,Drama
SUB102988,CUST20388,09 May 2026,01/05/2027,India,Asia Pacific,Standard,15.27,Mobile,31.7,yes,1,2,Paid Search,0,N,Google Pay,45-54,Action
SUB100935,CUST20935,02/15/2026,2027-07-04,Italy,Europe,Premium,20.86,PC,63.4,,1,15,Paid Search,TRUE,No,Debit Card,13-17,Romance
SUB100616,CUST20616,2021-03-16,2021-02-21,United Kingdom,Europe,Standard,$13.04,Mobile,35.5,No,0,0,Affiliate,Yes,Y,Apple Pay,25-34,Comedy
SUB101748,CUST21748,,2023-01-24,France,Europe,Premium,20.53,Smart TV,,yes,1,5,Email Campaign,TRUE,Yes,PayPal,18-24,Sci-Fi
SUB102186,CUST22186,12/09/2025,22-10-2026,USA,North America,Standard,12.77,Smart TV,9.7,N,1,3,Organic,FALSE,N,Debit Card,25-34,Reality TV
SUB100413,CUST20413,2024-07-28,"June 12, 2026",Japan,Asia Pacific,Premium,19.85,iPad,59.3,,0,15,Email Campaign,Yes,N,Debit Card,13-17,Kids & Family
SUB102118,CUST22118,2021-11-17,05-08-2022,Germany,Europe,Standard,13.55,Tablet,40.8,No,1,6,Email Campaign,FALSE,FALSE,Debit Card,25-34,Action
SUB101943,CUST21943,2023-06-27,2023-10-13,India,Asia Pacific,Standard,12.74,Mobile,5.1,Y,2,10,Email Campaign,TRUE,Y,PayPal,55-64,Romance
SUB102160,CUST22160,15-05-2025,2027-04-25,brazil,Latin America,Standard,13.32,Mobile,42.2,No,2,5,Paid Search,1,Y,Credit Card,18-24,Drama
SUB102537,CUST22537,11/20/2021,15-10-2022,Mexico,North America,PREMIUM,19.53,Desktop,29.8,No,1,9,Email Campaign,TRUE,,Debit Card,65+,Thriller
SUB101142,CUST21142,"September 15, 2023",2023-10-18,United States,North America,Standard,17.08,Desktop,20,1,1,5,Paid Search,No,No,PayPal,25-34,Sci-Fi
SUB100591,CUST20591,16-07-2022,2024-07-17,United States,North America,standard,13.98,Tablet,7.5,Yes,0,9,Organic,FALSE,No,Credit Card,25-34,Documentary
SUB101746,CUST21746,2025-07-04,"July 30, 2025",France,Europe,standard,13.24,Game Console,56.5,No,1,9,Organic,TRUE,FALSE,Apple Pay,13-17,Comedy
SUB102716,CUST20116,12/10/2025,2027-09-05,Mexico,North America,standard,15.1,Smart TV,29.1,Yes,0,,Paid Search,TRUE,No,Gift Card,13-17,Documentary
SUB101747,CUST21747,06 Jun 2025,"February 06, 2027",Germany,Europe,Premium,20.42,Tablet,28.9,No,1,10,Organic,No,Y,Credit Card,65+,Kids & Family
SUB100084,CUST20084,18 Dec 2023,03/06/2024,Japan,Asia Pacific,Basic,-10.11,Tablet,42.7,No,0,8,Organic,TRUE,Yes,Credit Card,45-54,Thriller
SUB100829,CUST20829,,2026-02-10,India,Asia Pacific,Basic,11.15,Game Console,58.8,No,1,7,Organic,0,FALSE,Debit Card,13-17,Kids & Family
SUB102091,CUST22091,"October 24, 2022","November 04, 2022",Brasil,Latin America,Premium,19.68,Game Console,35.2,No,0,15,Email Campaign,0,,Google Pay,65+,Sci-Fi
SUB101213,CUST21213,10/28/2024,2026-11-12,United Kingdom,Europe,FreeTrial,,Smart TV,46.4,1,1,6,Social Media,FALSE,N,Debit Card,18-24,Sci-Fi
SUB102135,CUST22135,04/17/2024,29-12-2025,U.S.A,North America,Standard,15.53,Tablet,36.5,1,2,,Social Media,FALSE,Y,Debit Card,35-44,Drama
SUB101193,CUST21193,21 Oct 2023,"January 16, 2024",France,Europe,basic,8.45,Game Console,54.6,Y,0,-5,Email Campaign,,TRUE,Debit Card,,Sci-Fi
SUB100670,CUST20670,08/17/2025,2025-07-28,AUS,Asia Pacific,Premium,19.36,SmartTV,14.4,No,0,9,Social Media,FALSE,No,Gift Card,25-34,Sci-Fi
SUB101922,CUST21922,2023-06-14,08/30/2024,India,Asia Pacific,Premium,20.49,Desktop,68.3,No,1,,Social Media,No,Y,Apple Pay,13-17,Thriller
SUB101661,CUST21661,"June 18, 2026",10/26/2026,Canada,North America,Premium,20.91,Tablet,68.8,No,0,5,Organic,,Yes,Apple Pay,18-24,Drama
SUB100401,CUST20401,04 Feb 2024,"May 31, 2024",Japan,Asia Pacific,Basic,9.45,tablet,60.7,,0,-5,Email Campaign,,Y,Debit Card,,Thriller
SUB102778,CUST20178,2023-09-01,2024-06-30,United States,North America,Standard,14.54,Tablet,41.4,No,3,8,Referral,FALSE,FALSE,PayPal,25-34,Romance
SUB102854,CUST20254,2025-10-16,20 Sep 2027,Canada,North America,Basic,8.11,iPad,32.4,No,1,4,Organic,TRUE,Y,PayPal,13-17,Action
SUB100614,CUST20614,11 Aug 2023,14-12-2023,India,Asia Pacific,Premium,18.64,Game Console,11.3,Yes,1,2,Paid Search,FALSE,,Debit Card,18-24,Reality TV
SUB102297,CUST22297,"March 30, 2025",06/15/2027,India,Asia Pacific,Basic,-10.01,Smart TV,71.8,yes,0,6,Paid Search,0,N,Credit Card,55-64,Kids & Family
SUB101301,CUST21301,06/04/2026,2027-06-06,AUS,Asia Pacific,Free Trial,-0.01,Phone,53.6,0,0,6,Organic,No,Y,Credit Card,55-64,Comedy
SUB101228,CUST21228,21-10-2022,2025-03-26,germany,Europe,Free Trial,-0.55,tablet,26.3,No,1,2,Paid Search,1,TRUE,Google Pay,13-17,Documentary
SUB101265,CUST21265,,13-12-2024,japan,Asia Pacific,Premium,19.94,Smart TV,,No,1,0,Organic,FALSE,,Apple Pay,25-34,Action
SUB102941,CUST20341,27-06-2025,08/24/2025,Italy,Europe,Basic,7.48 USD,Desktop,15.9,No,1,,Affiliate,TRUE,Y,PayPal,18-24,Anime
SUB100246,CUST20246,"November 04, 2024","March 28, 2026",United States,North America,Basic,8.65,Desktop,44.1,No,1,6,Paid Search,0,,Credit Card,55-64,Kids & Family
SUB100223,CUST20223,11-08-2025,07/04/2027,U.K.,Europe,Std,15.27,Mobile,28.4,,1,1,Paid Search,1,Y,Apple Pay,55-64,Documentary
SUB100612,CUST20612,24-04-2025,2027-03-04,United States,,Free Trial,-0.69,smart tv,46.2,No,0,1,Organic,,,Credit Card,55-64,Sci-Fi
SUB101015,CUST21015,2021-08-21,2022-01-17,U.S.A,North America,Premium,20.78,Mobile,73.3,,0,5,Email Campaign,TRUE,Y,Google Pay,13-17,Documentary
SUB102547,CUST22547,"August 04, 2025",2027-10-05,India,Asia Pacific,Basic,10.64,smart tv,40.3,No,1,4,Paid Search,Yes,FALSE,Gift Card,35-44,Comedy
SUB100375,CUST20375,04/27/2025,2026-04-01,United States,North America,Basic,8.63,Game Console,14.7,No,0,-5,Email Campaign,1,N,Debit Card,35-44,Comedy
SUB100838,CUST20838,12/15/2025,03-01-2027,United Kingdom,Europe,Premium,19.34,Tablet,59.6,No,2,1,Email Campaign,TRUE,No,Debit Card,25-34,Romance
SUB101355,CUST21355,2024-10-15,2025-05-11,AUS,Asia Pacific,Basic,8.29,Tablet,27.6,No,0,5,Email Campaign,No,N,Gift Card,55-64,Romance
SUB100815,CUST20815,2022-12-31,11/03/2023,Brazil,Latin America,Premium,21.29,Mobile,0,0,0,9,Paid Search,TRUE,Yes,Google Pay,65+,Reality TV
SUB101700,CUST21700,11-10-2025,04-06-2026,United States,North America,Basic,9.15,Desktop,59.6,No,0,-5,Affiliate,,Y,Google Pay,25-34,Anime
SUB101904,CUST21904,2024-02-06,2026-03-20,Australia,Asia Pacific,Premium,18.64,smart tv,15.7,,0,-5,Email Campaign,1,TRUE,PayPal,35-44,Anime
SUB100647,CUST20647,24 May 2023,2023-07-06,india,Asia Pacific,Basic,8.2,desktop,11.9,No,1,,Social Media,FALSE,FALSE,PayPal,25-34,Drama
SUB101504,CUST21504,2023-03-01,02/22/2024,INDIA,Asia Pacific,Basic,9.01,Mobile,49.7,No,1,15,Email Campaign,FALSE,FALSE,Credit Card,35-44,Reality TV
SUB101323,CUST21323,2022-11-16,,United States,North America,Basic,7.78,Mobile,21,,0,,Organic,TRUE,FALSE,Credit Card,35-44,Sci-Fi
SUB101941,CUST21941,02 Sep 2025,2026-03-10,U.S.A,North America,BASIC,7.05,Smart TV,83.9,,1,0,Email Campaign,0,TRUE,PayPal,35-44,Anime
SUB101831,CUST21831,"December 09, 2025",03/28/2026,Mexico,North America,Standard,14.66,Tablet,37.7,,0,0,Affiliate,0,TRUE,Credit Card,,Reality TV
SUB101204,CUST21204,"June 06, 2022","September 04, 2024",India,Asia Pacific,Free Trial,1.86,Phone,26.3,No,2,1,Referral,,Y,Google Pay,55-64,Romance
SUB101972,CUST21972,15-05-2021,02-08-2021,Italy,Europe,PREMIUM,18.8,Desktop,14.1,No,0,3,Social Media,1,No,PayPal,35-44,Thriller
SUB102899,CUST20299,2021-04-29,19 Feb 2022,INDIA,Asia Pacific,Basic,7.28,iPad,23.4,,0,6,Social Media,FALSE,,Gift Card,65+,Action
SUB101509,CUST21509,22-12-2021,2022-01-03,Brazil,Latin America,basic,9.57,Desktop,37.8,No,1,7,Email Campaign,,,Credit Card,55-64,Action
SUB100786,CUST20786,2025-07-30,,Australia,Asia Pacific,Standard,15.22,Smart TV,0,Yes,2,2,Paid Search,1,No,Gift Card,18-24,Action
SUB102742,CUST20142,10-03-2021,07/24/2021,France,Europe,Premium,20.76,SmartTV,18.9,yes,0,1,Affiliate,Yes,,Credit Card,55-64,Action
SUB101757,CUST21757,2025-04-05,08/16/2026,Canada,North America,premium,20.56,Desktop,8.3,No,0,5,Email Campaign,TRUE,N,PayPal,18-24,Anime
SUB102892,CUST20292,06-05-2026,2027-11-19,UK,Europe,Standard,14.6,Phone,54.3,No,0,7,Referral,TRUE,FALSE,Apple Pay,25-34,Thriller
SUB101669,CUST21669,2025-04-21,04/20/2027,United States,North America,Premium,19.36,Smart TV,14.6,No,1,9,Referral,1,FALSE,Gift Card,65+,Reality TV
SUB102928,CUST20328,03/25/2023,27 Jun 2024,France,Europe,Standard,14.51,console,44.1,No,0,7,Organic,FALSE,FALSE,Credit Card,18-24,Documentary
SUB102212,CUST22212,19-10-2023,"March 14, 2025",mexico,North America,Premium,19.07,Tablet,30.1,N,0,5,Social Media,,Y,Credit Card,45-54,Kids & Family
SUB102693,CUST20093,2024-06-28,2024-09-24,Brazil,Latin America,Standard,13.78,smart tv,34.2,No,0,6,Email Campaign,0,Yes,PayPal,18-24,Kids & Family
SUB102417,CUST22417,"July 27, 2021",12/02/2023,United States,North America,Basic,9.09,Smart TV,17,No,0,3,Social Media,0,,Debit Card,55-64,Comedy
SUB100752,CUST20752,2023-08-20,,France,Europe,Premium,$22.39,Mobile,37.6,,0,3,Social Media,TRUE,Yes,Apple Pay,65+,Documentary
SUB100871,CUST20871,"November 19, 2021",,Canada,North America,Basic,8.06,Smart TV,22.6,No,1,0,Email Campaign,TRUE,Y,Gift Card,45-54,Reality TV
SUB101463,CUST21463,07/11/2022,03/20/2024,Spain,Europe,Std,13.64,Desktop,32.4,,2,-5,Affiliate,0,Y,Apple Pay,55-64,Documentary
SUB100606,CUST20606,"March 07, 2021",2023-07-27,India,Asia Pacific,Basic,7.34,Smart TV,0,,1,4,Email Campaign,,No,Debit Card,13-17,Anime
SUB100491,CUST20491,10/01/2025,2027-11-16,Canada,North America,Basic,9.87,Desktop,42.5,No,1,5,Social Media,FALSE,FALSE,PayPal,55-64,Kids & Family
SUB100290,CUST20290,04/25/2026,2026-09-04,Germany,Europe,free trial,$-2.89,TV,11.9,Yes,1,1,Referral,,Y,Google Pay,55-64,Action
SUB100465,CUST20465,01/06/2021,08/15/2021,Germany,Europe,Standard,14.53,Laptop,58.3,,1,5,Organic,TRUE,N,Gift Card,25-34,Sci-Fi
SUB101513,CUST21513,"November 15, 2021","December 12, 2023",Germany,Europe,Basic,8.4,Desktop,39,No,0,,Paid Search,0,Y,Gift Card,18-24,Thriller
SUB100567,CUST20567,2024-03-06,,United Kingdom,Europe,Basic,9.06,Desktop,35.7,No,1,15,Referral,,TRUE,Google Pay,18-24,Comedy
SUB102657,CUST20057,"December 08, 2022",2024-06-03,India,Asia Pacific,Standard,13.31,desktop,40.9,No,1,15,Social Media,FALSE,N,Credit Card,45-54,Reality TV
SUB101318,CUST21318,"October 25, 2025",12/24/2026,United States,North America,Standard,12.72,Desktop,0,no,1,2,Affiliate,1,TRUE,Gift Card,55-64,Drama
SUB101289,CUST21289,"May 04, 2025","December 09, 2026",Canada,,Standard,14.55,Tablet,49.3,No,0,4,Referral,Yes,No,Google Pay,25-34,Reality TV
SUB101010,CUST21010,02/24/2023,2024-01-31,United States,North America,Standard,13.4,SmartTV,48.2,no,0,7,Social Media,Yes,N,Credit Card,13-17,Sci-Fi
SUB102845,CUST20245,,,Australia,Asia Pacific,Basic,6.4,Tablet,35.6,Yes,0,10,Referral,No,No,Credit Card,55-64,Drama
SUB102649,CUST20049,2022-10-07,2023-07-31,United States,North America,Basic,11.02,Game Console,57,,0,0,Paid Search,FALSE,FALSE,Debit Card,13-17,Reality TV
SUB102588,CUST22588,07 Jun 2026,08-11-2028,Germany,Europe,Free Trial,0.89,Mobile,24,No,0,1,Email Campaign,Yes,FALSE,Apple Pay,65+,Thriller
SUB102984,CUST20384,07/15/2024,2025-03-18,spain,Europe,Standard,12.02,Tablet,49.1,Yes,0,-5,Paid Search,FALSE,No,Debit Card,18-24,Documentary
SUB101045,CUST21045,16-08-2021,02/03/2023,México,North America,Premium,19.13,Smart TV,50.4,No,0,4,Referral,FALSE,Yes,Credit Card,55-64,Sci-Fi
SUB102215,CUST22215,2022-02-18,2023-03-07,Brazil,Latin America,Standard,13.24,smart tv,29.6,No,0,6,Social Media,,No,Credit Card,65+,Thriller
SUB101033,CUST21033,2024-09-09,18-03-2026,India,Asia Pacific,standard,14.05,desktop,0,No,1,-5,Social Media,0,Y,Gift Card,35-44,Reality TV
SUB102280,CUST22280,10/25/2023,,France,Europe,Standard,13.44,console,52,No,1,15,Referral,TRUE,TRUE,Gift Card,25-34,Sci-Fi
SUB102173,CUST22173,"December 09, 2024",2026-10-21,Australia,Asia Pacific,Standard,$12.12,Tablet,23.2,No,0,,Organic,FALSE,FALSE,Apple Pay,35-44,Thriller
SUB101958,CUST21958,"May 31, 2026",2028-10-24,Germany,Europe,Basic,9.07,Desktop,64.6,No,1,15,Paid Search,TRUE,FALSE,PayPal,,Romance
SUB101489,CUST21489,2021-03-24,"November 14, 2022",India,Asia Pacific,Premium,19.07,Mobile,10.8,Yes,0,4,Email Campaign,TRUE,N,Gift Card,35-44,Thriller
SUB102179,CUST22179,10/10/2023,2026-01-06,brazil,Latin America,Premium,20.56,Phone,21.2,Yes,0,5,Email Campaign,TRUE,N,Apple Pay,35-44,Reality TV
SUB101599,CUST21599,2022-05-17,04/02/2023,India,Asia Pacific,Basic,10.44,Tablet,79.7,No,1,10,Affiliate,1,No,Credit Card,45-54,Kids & Family
SUB100725,CUST20725,09/05/2022,"August 30, 2024",United States,North America,Standard,15.75,Smart TV,32.7,No,1,7,Referral,0,Y,Apple Pay,35-44,Thriller
SUB102114,CUST22114,04/07/2024,09-04-2025,United Kingdom,Europe,Standard,13.47,Smart TV,44.6,No,0,0,Organic,TRUE,,Apple Pay,18-24,Kids & Family
SUB101702,CUST21702,2026-01-08,07/20/2027,Mexico,North America,Premium,21.27,Mobile,15.4,No,0,8,Organic,TRUE,,Debit Card,18-24,Action
SUB101967,CUST21967,2025-05-24,11/09/2027,USA,North America,Free Trial,-0.91,Game Console,54.7,Yes,1,5,Paid Search,0,FALSE,Apple Pay,18-24,Drama
SUB101928,CUST21928,2022-03-02,"January 23, 2022",Germany,Europe,Free Trial,-1.56,Tablet,40.9,No,1,10,Affiliate,0,N,Apple Pay,45-54,Reality TV
SUB102545,CUST22545,"May 17, 2021",02/07/2022,United States,North America,Basic,8.89,Mobile,24.8,No,3,,Affiliate,TRUE,FALSE,Debit Card,55-64,Anime
SUB100801,CUST20801,13-02-2026,"August 13, 2026",India,Asia Pacific,Std,,Game Console,30.6,no,0,0,Affiliate,FALSE,N,Google Pay,25-34,Action
SUB102702,CUST20102,2021-12-03,2022-02-22,U.K.,Europe,Premium,19.98,Desktop,8.4,No,2,0,Referral,,FALSE,PayPal,25-34,Reality TV
SUB100555,CUST20555,2024-03-11,03/25/2026,france,Europe,Standard,12.61,mobile,30.2,No,0,7,Organic,No,TRUE,Gift Card,18-24,Thriller
SUB102340,CUST22340,2021-05-14,02-10-2023,canada,North America,Basic,9.5,PC,418.7,No,0,15,Social Media,Yes,Y,Debit Card,18-24,Romance
SUB100638,CUST20638,01-07-2025,11/03/2025,United States,North America,Basic,8.73,Smart TV,58.9,,0,0,Social Media,1,FALSE,Apple Pay,35-44,Sci-Fi
SUB101886,CUST21886,2021-08-18,"September 24, 2022",Australia,Asia Pacific,Standard,13.54,smart tv,,No,0,7,Referral,0,Yes,Google Pay,55-64,Sci-Fi
SUB102446,CUST22446,2025-07-30,2027-11-28,Canada,North America,Standard,12.29,Game Console,57.5,,0,0,Organic,,FALSE,Debit Card,25-34,Kids & Family
SUB102577,CUST22577,,2025-04-03,Germany,Europe,Free Trial,-1.25,PC,37.1,No,0,4,Referral,Yes,FALSE,Credit Card,55-64,Documentary
SUB101118,CUST21118,09/25/2022,11/01/2023,United Kingdom,Europe,Standard,13.92,Tablet,58.3,No,0,2,Referral,TRUE,,Gift Card,25-34,Kids & Family
SUB101503,CUST21503,2026-01-25,24-02-2028,Canada,North America,Basic,8.08,Smart TV,31.6,No,0,1,Social Media,Yes,TRUE,Google Pay,55-64,Kids & Family
SUB101457,CUST21457,2025-02-17,07/30/2026,United States,North America,Standard,13.09,iPad,319.6,,0,2,Social Media,FALSE,TRUE,Debit Card,35-44,Drama
SUB102786,CUST20186,08/12/2025,03/03/2027,Canada,North America,PREMIUM,21.1,Tablet,21.2,,1,,Social Media,1,TRUE,Google Pay,45-54,Kids & Family
SUB101021,CUST21021,12/04/2021,04/11/2022,United Kingdom,Europe,Standard,17.42,Mobile,42.3,No,0,8,Social Media,FALSE,Y,Apple Pay,65+,Action
SUB102352,CUST22352,12/09/2022,"November 07, 2024",united states,North America,Basic,8.99,Desktop,19.4,Yes,0,-5,Affiliate,TRUE,Yes,Apple Pay,55-64,Kids & Family
SUB101590,CUST21590,15 Nov 2022,10/29/2024,United States,North America,Free Trial,1.23,Tablet,,No,0,,Email Campaign,0,No,Credit Card,13-17,Romance
SUB101415,CUST21415,04/29/2024,2026-08-22,United States,North America,standard,12.74 USD,Smart TV,23.6,,0,-5,Affiliate,TRUE,,Credit Card,55-64,Kids & Family
SUB102104,CUST22104,02/20/2025,01-08-2026,United States,North America,Standard,14.84,Desktop,15.8,No,0,8,Affiliate,,FALSE,Apple Pay,55-64,Documentary
SUB102972,CUST20372,"January 02, 2026",,United Kingdom,Europe,Basic,8.8,Tablet,25.4,No,0,8,Referral,No,Y,Gift Card,25-34,Action
SUB102686,CUST20086,09/02/2023,2024-02-23,italy,Europe,Std,12.69 USD,Mobile,45.1,No,2,0,Social Media,FALSE,Yes,Apple Pay,18-24,Reality TV
SUB100916,CUST20916,10 Aug 2022,23 Jul 2022,Japan,Asia Pacific,Std,13.29,tablet,35.2,No,0,2,Email Campaign,0,Y,Credit Card,55-64,Reality TV
SUB100082,CUST20082,2025-08-21,"January 30, 2027",Germany,Europe,Standard,16.54,iPad,18.6,No,0,3,Referral,1,No,Google Pay,55-64,Comedy
SUB102154,CUST22154,"April 11, 2021","July 18, 2022",Canada,North America,Premium,21.82,iPad,55.4,No,2,8,Social Media,Yes,,PayPal,35-44,Drama
SUB101730,CUST21730,01/30/2023,01/04/2023,japan,Asia Pacific,Std,13.39,Game Console,52.8,No,0,2,Organic,FALSE,N,Apple Pay,65+,Documentary
SUB100650,CUST20650,17-12-2024,16-09-2026,Brazil,Latin America,Standard,14.89,Game Console,30,,0,10,Affiliate,No,TRUE,PayPal,65+,Romance
SUB101344,CUST21344,2021-06-09,11/10/2022,united kingdom,Europe,Standard,14.99,Game Console,58.7,No,0,7,Social Media,Yes,No,PayPal,65+,Documentary
SUB100494,CUST20494,12/03/2022,15-10-2023,INDIA,Asia Pacific,Standard,13.41,Mobile,52.4,Yes,0,3,Social Media,Yes,No,Google Pay,55-64,Drama
SUB102422,CUST22422,"September 23, 2021",12/20/2023,India,Asia Pacific,premium,19.46,Game Console,53.7,No,0,6,Affiliate,TRUE,Yes,Gift Card,35-44,Sci-Fi
SUB101070,CUST21070,2023-08-22,2024-11-03,japan,Asia Pacific,Basic,7.97,Game Console,13.5,No,0,4,Email Campaign,TRUE,Yes,Debit Card,13-17,Thriller
SUB101637,CUST21637,09/20/2025,11/16/2026,india,Asia Pacific,Premium,20.65,Phone,23.3,N,1,3,Social Media,0,Y,Apple Pay,35-44,Kids & Family
SUB100107,CUST20107,2023-11-02,2025-03-22,U.S.A,North America,Premium,19.41,Game Console,28.4,No,0,9,Affiliate,FALSE,Yes,Credit Card,25-34,Reality TV
SUB102264,CUST22264,04/19/2023,2023-07-13,Spain,Europe,Standard,14.54,smart tv,50.8,No,1,0,Social Media,1,Yes,Credit Card,55-64,Reality TV
SUB100764,CUST20764,11-02-2022,01 Sep 2022,India,Asia Pacific,Basic,7.59,Mobile,75.2,No,1,,Referral,TRUE,,Google Pay,18-24,Action
SUB102548,CUST22548,08/15/2025,"July 19, 2027",Japan,Asia Pacific,PREMIUM,20.09,Tablet,16.3,Yes,1,1,Affiliate,No,N,Credit Card,65+,Documentary
SUB102725,CUST20125,2022-07-22,2024-11-29,Australia,Asia Pacific,BASIC,8.15,Game Console,15.3,No,0,8,Referral,No,,Debit Card,13-17,Drama
SUB100973,CUST20973,2021-07-15,2023-08-29,U.S.A,North America,Standard,12.55 USD,Phone,29.3,No,3,,Affiliate,FALSE,N,PayPal,65+,Thriller
SUB101640,CUST21640,12/22/2025,21 Feb 2027,France,Europe,standard,14.17 USD,Smart TV,46,Yes,0,15,Affiliate,1,Y,PayPal,65+,Drama
SUB101516,CUST21516,02/25/2026,2027-08-27,Japan,Asia Pacific,Basic,10.7,Desktop,54.9,,0,15,Email Campaign,FALSE,TRUE,Google Pay,25-34,Anime
SUB102571,CUST22571,2023-12-11,04/21/2025,France,Europe,Basic,10.66,Game Console,,No,1,,Email Campaign,TRUE,N,Google Pay,45-54,Sci-Fi
SUB102678,CUST20078,05/28/2022,03/14/2023,United Kingdom,Europe,Standard,12.05,Game Console,18.4,Yes,0,7,Referral,Yes,N,Apple Pay,65+,Kids & Family
SUB101500,CUST21500,01-08-2022,10/22/2023,Canada,North America,Basic,10.26,Game Console,42.6,No,0,2,Affiliate,0,,Apple Pay,13-17,Anime
SUB101438,CUST21438,03/10/2022,01/16/2024,United States,North America,Premium,19.88,Mobile,21.7,,2,5,Email Campaign,Yes,FALSE,Gift Card,25-34,Romance
SUB101076,CUST21076,05-07-2022,06/18/2023,india,Asia Pacific,Standard,$14.72,tablet,59.9,yes,0,-5,Affiliate,No,FALSE,Gift Card,18-24,Romance
SUB101574,CUST21574,18-10-2025,05/10/2026,United States,North America,Premium,18.94,TV,22.6,No,1,10,Referral,TRUE,TRUE,Gift Card,18-24,Romance
SUB101338,CUST21338,13 Nov 2021,09-08-2023,United States,North America,PREMIUM,18.45 USD,Smart TV,14.4,1,0,10,Social Media,TRUE,,Debit Card,35-44,Romance
SUB102254,CUST22254,,2025-08-17,United Kingdom,Europe,Std,$14.35,Game Console,12.9,No,0,3,Paid Search,FALSE,No,Apple Pay,35-44,Action
SUB100169,CUST20169,17-09-2025,2026-02-01,France,Europe,Std,15.38,Smart TV,47.2,no,2,7,Paid Search,FALSE,N,Google Pay,13-17,Reality TV
SUB101537,CUST21537,11/19/2023,17-07-2024,Australia,Asia Pacific,free trial,-0.8,Desktop,53.7,No,0,-5,Email Campaign,Yes,Yes,Credit Card,13-17,Drama
SUB100059,CUST20059,2021-03-31,"April 08, 2022",Brazil,Latin America,Basic,9.27,Tablet,35.4,yes,1,7,Organic,No,N,Gift Card,65+,Thriller
SUB100464,CUST20464,04/20/2025,2026-01-05,India,Asia Pacific,Standard,14.08,Game Console,35.1,Yes,0,3,Affiliate,TRUE,Yes,Apple Pay,65+,Anime
SUB100806,CUST20806,10/01/2025,,United States,North America,standard,11.86,console,41.5,No,0,3,Social Media,No,FALSE,Google Pay,65+,Thriller
SUB100257,CUST20257,2024-09-27,12/24/2026,Mexico,North America,Free Trial,0.95,Game Console,41.9,No,0,0,Social Media,No,Y,Apple Pay,65+,Sci-Fi
SUB102644,CUST20044,2024-07-02,18-08-2025,Mexico,North America,FreeTrial,-1.01,Desktop,35.4,,1,3,Affiliate,TRUE,FALSE,Credit Card,13-17,Documentary
SUB101424,CUST21424,2026-01-23,25-05-2027,United States,North America,Standard,17.66,smart tv,,No,0,3,Organic,No,No,Gift Card,18-24,Comedy
SUB100342,CUST20342,2026-07-18,"August 12, 2028",Germany,Europe,BASIC,8.42,Game Console,50.8,Yes,1,-5,Email Campaign,1,FALSE,Google Pay,45-54,Thriller
SUB101126,CUST21126,2026-06-24,2027-09-29,Brazil,Latin America,Free Trial,0.57,Tablet,50.8,No,1,2,Email Campaign,0,Yes,PayPal,35-44,Kids & Family
SUB101048,CUST21048,"December 29, 2024",06 Jan 2027,Spain,Europe,Standard,13.03,Mobile,39.2,,0,6,Affiliate,FALSE,TRUE,Apple Pay,13-17,Sci-Fi
SUB101312,CUST21312,23-06-2023,10/19/2024,Spain,Europe,Basic,9.79,smart tv,23.3,No,0,7,Email Campaign,0,TRUE,Gift Card,45-54,Documentary
SUB101605,CUST21605,2021-10-27,05/09/2022,Germany,Europe,Standard,12.25,Game Console,26,No,2,,Affiliate,No,TRUE,PayPal,13-17,Drama
SUB100291,CUST20291,02/16/2025,01/18/2027,United States,North America,Standard,13.64,Tablet,13.6,No,0,7,Organic,Yes,Yes,Credit Card,25-34,Kids & Family
SUB102052,CUST22052,02/01/2023,2024-09-02,Canada,North America,Standard,13.62,Smart TV,30.7,No,2,6,Email Campaign,TRUE,TRUE,Credit Card,55-64,Action
SUB101413,CUST21413,02-12-2021,2024-05-05,United States,North America,Premium,21.31,Smart TV,46.6,yes,3,5,Referral,No,Yes,Google Pay,45-54,Anime
SUB102765,CUST20165,"January 12, 2023",27-03-2025,japan,Asia Pacific,Standard,13.84,Mobile,38.9,No,1,7,Affiliate,1,No,Google Pay,55-64,Drama
SUB102066,CUST22066,2023-07-23,"November 14, 2024",united states,North America,basic,8.32,Phone,42.2,No,0,15,Organic,FALSE,Yes,Google Pay,35-44,Romance
SUB102614,CUST20014,06/27/2021,09-08-2021,spain,Europe,standard,$14.63,Console,15.3,No,0,5,Paid Search,,N,Gift Card,55-64,Comedy
SUB101603,CUST21603,2025-02-23,2026-05-17,India,Asia Pacific,Standard,13.28,Smart TV,,No,0,,Social Media,FALSE,Yes,Debit Card,18-24,Drama
SUB100589,CUST20589,2025-07-16,20-11-2025,United States,North America,Premium,18.41,Smart TV,52.1,No,0,2,Social Media,1,Y,Credit Card,35-44,Kids & Family
SUB100029,CUST20029,06/19/2026,2028-01-06,France,Europe,Basic,8.66,Mobile,64.9,Yes,0,,Organic,1,No,Gift Card,55-64,Drama
SUB100407,CUST20407,"November 16, 2023",,India,Asia Pacific,Premium,20.36,Tablet,27,,0,,Referral,1,N,Apple Pay,35-44,Thriller
SUB100682,CUST20682,2022-05-13,2022-10-12,United States,North America,Free Trial,1.59,Game Console,59.9,No,1,0,Organic,FALSE,N,Apple Pay,65+,Anime
SUB100601,CUST20601,09-10-2025,30-06-2026,Brazil,Latin America,Standard,13.21,Smart TV,21.5,No,0,5,Social Media,TRUE,TRUE,Credit Card,25-34,Romance
SUB102412,CUST22412,2023-08-27,11/04/2024,mexico,North America,Basic,10.44,Desktop,5.7,N,0,15,Social Media,,TRUE,Credit Card,55-64,Anime
SUB101935,CUST21935,2026-06-09,2026-11-17,United States,North America,Free Trial,-2.81,Game Console,13.9,,0,-5,Email Campaign,,FALSE,Google Pay,13-17,Comedy
SUB102144,CUST22144,2024-03-04,03/30/2025,United States,North America,Premium,20.04,Mobile,35.9,No,1,5,Social Media,No,,PayPal,35-44,Comedy
SUB101707,CUST21707,"October 17, 2022",2023-08-13,United Kingdom,Europe,premium,19.58,Game Console,37.1,No,0,9,Social Media,Yes,No,Debit Card,45-54,Documentary
SUB101708,CUST21708,"April 23, 2025",21 Mar 2026,United States,North America,Standard,12.45,Mobile,45.5,No,2,0,Email Campaign,FALSE,FALSE,Debit Card,55-64,Action
SUB100582,CUST20582,16-09-2025,21 Sep 2026,United States,North America,Standard,16.94,Tablet,71,Yes,3,5,Affiliate,TRUE,N,Gift Card,65+,Action
SUB100394,CUST20394,"November 16, 2023",02-10-2024,Mexico,North America,basic,8.81,TV,20.1,,0,10,Paid Search,TRUE,TRUE,Debit Card,35-44,Comedy
SUB100710,CUST20710,04/07/2021,2022-04-27,India,Asia Pacific,Standard,14.21,Desktop,16.8,,1,9,Referral,,No,Gift Card,35-44,Kids & Family
SUB100913,CUST20913,2023-04-01,2024-11-03,Germany,Europe,Basic,9.68,console,36.8,N,1,10,Organic,,,Gift Card,45-54,Thriller
SUB100766,CUST20766,15-04-2025,,Germany,Europe,Premium,17.97,Mobile,16.4,No,1,2,Email Campaign,FALSE,Yes,Debit Card,65+,Kids & Family
SUB101437,CUST21437,09-07-2024,2025-03-22,India,Asia Pacific,Standard,13.01,Desktop,43.4,No,0,-5,Social Media,TRUE,Y,Credit Card,65+,Drama
SUB100632,CUST20632,06-02-2022,05 Dec 2022,U.S.A,North America,Premium,20.78,Mobile,48,Yes,0,2,Social Media,FALSE,TRUE,Credit Card,45-54,Documentary
SUB102438,CUST22438,20-07-2024,2026-07-24,United States,North America,FreeTrial,-0.62,Smart TV,33.1,No,0,5,Organic,FALSE,N,Debit Card,13-17,Thriller
SUB100689,CUST20689,16-10-2021,,Mexico,North America,Premium,16.55,mobile,28.7,No,1,0,Affiliate,TRUE,No,Google Pay,13-17,Romance
SUB101623,CUST21623,2021-01-14,2022-03-01,Australia,Asia Pacific,Free Trial,0.47,smart tv,0,No,1,8,Organic,TRUE,No,Apple Pay,55-64,Documentary
SUB102150,CUST22150,2025-04-10,04-07-2027,France,Europe,BASIC,,Smart TV,26.2,No,1,6,Social Media,1,FALSE,Debit Card,13-17,Documentary
SUB101157,CUST21157,14-10-2022,2024-08-18,India,Asia Pacific,Premium,17.33,smart tv,64.4,Yes,1,9,Affiliate,TRUE,TRUE,Debit Card,18-24,Anime
SUB100379,CUST20379,,"October 24, 2022",United States,North America,Basic,$9.52,Game Console,60,No,1,4,Email Campaign,No,TRUE,PayPal,55-64,Anime
SUB102699,CUST20099,18-05-2022,2024-09-10,France,Europe,Basic,7.86,Tablet,21.5,No,1,3,Social Media,TRUE,,Debit Card,13-17,Thriller
SUB102893,CUST20293,14-08-2022,,united states,North America,Premium,23.02,TV,27.2,Yes,0,5,Social Media,TRUE,FALSE,Debit Card,18-24,Sci-Fi
SUB100113,CUST20113,"November 22, 2024",26 Mar 2026,Brazil,Latin America,Free Trial,0.27,Tablet,85.3,No,0,4,Social Media,,FALSE,Gift Card,18-24,Action
SUB101302,CUST21302,06/10/2022,09/10/2024,France,Europe,Standard,13.06,Mobile,68.1,No,0,9,Paid Search,TRUE,FALSE,Gift Card,55-64,Kids & Family
SUB101219,CUST21219,05-11-2024,2026-12-18,USA,North America,Basic,9.64,Laptop,18.4,Yes,1,9,Paid Search,,FALSE,Credit Card,18-24,Action
SUB102037,CUST22037,02/04/2026,02/25/2028,Mexico,North America,Premium,20.97,Game Console,43.7,Yes,0,6,Organic,,,Debit Card,45-54,Action
SUB101546,CUST21546,17 Apr 2021,2022-01-01,india,Asia Pacific,Basic,8.01,Game Console,39.7,No,2,7,Email Campaign,Yes,Yes,PayPal,45-54,Thriller
SUB101971,CUST21971,22-02-2022,2023-06-01,United States,,BASIC,$8.7,Tablet,18.9,No,0,8,Paid Search,TRUE,,Debit Card,35-44,Documentary
SUB100301,CUST20301,11/07/2021,"January 12, 2023",France,Europe,standard,15.52,desktop,22.4,,0,-5,Organic,0,Y,Credit Card,13-17,Action
SUB101583,CUST21583,2021-06-25,13-01-2023,japan,Asia Pacific,Premium,20.82,Game Console,7.6,Yes,3,10,Referral,TRUE,FALSE,Credit Card,25-34,Anime
SUB102313,CUST22313,04/15/2021,"February 01, 2023",Canada,North America,basic,8.89,Tablet,17.6,,1,,Paid Search,No,Y,Gift Card,65+,Sci-Fi
SUB102231,CUST22231,2024-04-18,04/29/2024,India,Asia Pacific,Premium,,Desktop,70.2,No,0,,Affiliate,No,FALSE,Debit Card,45-54,Sci-Fi
SUB102120,CUST22120,2022-07-09,2023-10-07,Japan,Asia Pacific,Standard,15.03,Game Console,21.6,0,0,-5,Email Campaign,0,No,Credit Card,18-24,Comedy
SUB101517,CUST21517,2026-03-07,10/21/2027,Australia,Asia Pacific,Standard,,Mobile,,No,0,8,Paid Search,FALSE,No,Debit Card,55-64,Documentary
SUB102481,CUST22481,2022-07-21,2022-08-20,United Kingdom,Europe,Premium,21.28,Desktop,28.1,Yes,0,4,Paid Search,0,Y,Credit Card,25-34,Anime
SUB102442,CUST22442,,"September 28, 2027",Canada,North America,Standard,11.92,mobile,34,,2,1,Referral,No,N,Gift Card,55-64,Comedy
SUB102830,CUST20230,02/05/2021,04/10/2022,India,Asia Pacific,Std,13.66,Tablet,57.9,No,0,3,Organic,TRUE,Y,Gift Card,18-24,Romance
SUB101626,CUST21626,2021-06-04,2021-10-08,United States,North America,BASIC,8.6,Desktop,31.5,No,0,0,Affiliate,FALSE,Yes,Credit Card,35-44,Sci-Fi
SUB100854,CUST20854,07-10-2023,"April 18, 2025",Australia,Asia Pacific,Basic,9.14,Game Console,,No,0,3,Affiliate,FALSE,Yes,Apple Pay,65+,Thriller
SUB101731,CUST21731,10/11/2023,03/25/2024,Canada,North America,Free Trial,1.17,iPad,61.2,1,1,3,Referral,FALSE,FALSE,Gift Card,45-54,Action
SUB102195,CUST22195,31-05-2024,05-08-2026,Mexico,North America,Premium,21.47,Tablet,41.2,No,2,6,Email Campaign,,FALSE,Apple Pay,13-17,Drama
SUB101492,CUST21492,01/29/2025,02-01-2026,japan,Asia Pacific,Basic,9.82,Smart TV,74.3,No,1,4,Organic,Yes,FALSE,Apple Pay,18-24,Anime
SUB101688,CUST21688,2022-05-27,03 Dec 2023,Japan,Asia Pacific,Free Trial,0.72,Smart TV,16.9,1,1,0,Referral,1,Yes,Apple Pay,65+,Thriller
SUB102669,CUST20069,21 Apr 2023,"September 09, 2024",United States,North America,Free Trial,0.09,Phone,52.9,No,1,3,Organic,TRUE,Yes,PayPal,25-34,Reality TV
SUB100457,CUST20457,2026-04-10,16-05-2026,United Kingdom,Europe,Basic,10.38,Desktop,63.7,Y,0,0,Organic,1,Yes,Google Pay,65+,Sci-Fi
SUB102174,CUST22174,07/22/2022,09/09/2024,Japan,Asia Pacific,Standard,12.63,Desktop,70.4,No,0,15,Email Campaign,TRUE,No,Google Pay,25-34,Thriller
SUB101891,CUST21891,01/06/2025,2025-07-20,Brazil,Latin America,standard,,Mobile,41,Yes,1,-5,Social Media,FALSE,FALSE,Apple Pay,25-34,Comedy
SUB102260,CUST22260,25 Jun 2024,2024-09-28,United States,North America,Standard,13.01,Desktop,54.9,No,0,9,Social Media,1,N,Debit Card,25-34,Romance
SUB102882,CUST20282,,"November 28, 2026",Germany,Europe,Basic,8.54,Console,15.8,Yes,0,6,Email Campaign,No,No,Gift Card,18-24,Thriller
SUB102886,CUST20286,"November 24, 2022",11/11/2024,Brazil,Latin America,Free Trial,1.06,Tablet,50.4,No,1,10,Email Campaign,0,No,Gift Card,13-17,Reality TV
SUB101084,CUST21084,07/01/2021,07/02/2023,United States,North America,Standard,16.54,Tablet,39.7,Yes,0,7,Organic,1,FALSE,Gift Card,55-64,Drama
SUB100574,CUST20574,08 Apr 2022,27-01-2024,U.K.,Europe,Std,14.21,Mobile,54.3,Yes,0,8,Paid Search,Yes,N,Credit Card,13-17,Documentary
SUB101850,CUST21850,"May 17, 2026",09/13/2027,Brazil,Latin America,Standard,14.05,Game Console,48.9,No,0,7,Referral,1,Y,Google Pay,13-17,Kids & Family
SUB100980,CUST20980,23-05-2025,2026-07-03,Brazil,Latin America,Standard,13.62,Smart TV,37.1,,0,10,Email Campaign,,FALSE,Apple Pay,45-54,Sci-Fi
SUB100672,CUST20672,02/24/2023,2024-08-18,United States,North America,Standard,-13.11,Tablet,53.3,Yes,1,2,Social Media,TRUE,Yes,PayPal,65+,Thriller
SUB100881,CUST20881,2022-07-08,"January 19, 2023",México,North America,Standard,,Desktop,36.4,No,0,0,Organic,FALSE,Yes,Gift Card,35-44,Action
SUB100216,CUST20216,2026-05-21,24-05-2026,Germany,Europe,Basic,8.83,PC,0,No,0,,Affiliate,Yes,N,Google Pay,65+,Documentary
SUB100129,CUST20129,22-05-2026,06/08/2027,AUS,Asia Pacific,Premium,19.54,Smart TV,32.3,No,0,15,Referral,,FALSE,Debit Card,65+,Action
SUB101840,CUST21840,2021-01-15,02/07/2021,Germany,Europe,Basic,7.52,Smart TV,34,No,2,0,Paid Search,,No,Gift Card,18-24,Documentary
SUB100028,CUST20028,09/20/2022,14-05-2023,United Kingdom,Europe,Premium,19.43,Smart TV,22.2,no,0,2,Referral,FALSE,TRUE,Debit Card,25-34,Drama
SUB100529,CUST20529,2022-10-07,2024-06-22,United States,North America,Standard,13.81,Game Console,64.1,Yes,0,1,Paid Search,,TRUE,Google Pay,55-64,Comedy
SUB100981,CUST20981,06/22/2022,04-11-2024,United States,North America,Standard,16.03,Game Console,8.2,No,0,15,Social Media,1,,Debit Card,45-54,Comedy
SUB100196,CUST20196,11 Oct 2022,12/26/2024,Brazil,Latin America,Basic,8.42,desktop,44.2,Yes,0,6,Affiliate,TRUE,Yes,PayPal,35-44,Sci-Fi
SUB102012,CUST22012,2024-09-29,2025-11-01,Canada,North America,Premium,19.79,Smart TV,23.7,,0,5,Affiliate,FALSE,Y,PayPal,18-24,Anime
SUB102732,CUST20132,2024-05-25,2026-02-02,USA,North America,FreeTrial,-2.67,Mobile,13.2,No,1,4,Paid Search,,Y,Credit Card,13-17,Action
SUB100793,CUST20793,2022-12-17,12 Mar 2023,United States,North America,Standard,12.3,Tablet,31.5,No,2,2,Referral,1,Y,Google Pay,35-44,Documentary
SUB102513,CUST22513,2024-12-08,09/26/2025,Deutschland,Europe,Premium,20.03,Game Console,14,,1,2,Referral,Yes,FALSE,PayPal,13-17,Documentary
SUB100877,CUST20877,12/06/2022,04/01/2023,United States,North America,Standard,13.23,smart tv,13.9,Y,0,10,Social Media,FALSE,FALSE,Debit Card,25-34,Documentary
SUB102243,CUST22243,2023-11-26,05/05/2025,Brazil,,Premium,$20.1,Tablet,54.1,yes,1,15,Organic,FALSE,N,Google Pay,18-24,Action
SUB100198,CUST20198,2024-08-05,2024-11-26,United States,North America,Basic,9.9,Tablet,39.6,No,1,0,Affiliate,FALSE,No,PayPal,18-24,Anime
SUB101799,CUST21799,2025-08-23,14-10-2026,AUS,Asia Pacific,Premium,19.15,Tablet,42,No,1,1,Paid Search,,No,Apple Pay,18-24,Documentary
SUB101553,CUST21553,19 Apr 2024,05/20/2025,France,Europe,Standard,14.28,Game Console,46.1,no,2,1,Social Media,1,,Gift Card,35-44,Action
SUB101741,CUST21741,11/02/2021,05/28/2022,U.S.A,North America,Free Trial,0.76,Tablet,11.2,,0,7,Referral,TRUE,No,Credit Card,55-64,Anime
SUB101387,CUST21387,02 Jul 2024,2026-01-09,Spain,Europe,Standard,13.3,Smart TV,26,No,1,-5,Email Campaign,,No,Google Pay,25-34,Documentary
SUB100569,CUST20569,04 Sep 2021,10/06/2023,United States,North America,Free Trial,2.06,Desktop,0,No,0,1,Email Campaign,FALSE,No,Google Pay,13-17,Thriller
SUB100171,CUST20171,07/03/2023,2024-01-02,France,Europe,Premium,20.08,Desktop,43.3,No,1,5,Organic,FALSE,FALSE,Gift Card,13-17,Drama
SUB101066,CUST21066,14-05-2023,2025-08-12,United States,North America,Basic,8.13 USD,PC,21.1,No,1,0,Affiliate,1,TRUE,Debit Card,35-44,Documentary
SUB102282,CUST22282,"July 17, 2024",2024-07-07,United States,North America,Basic,8.64,smart tv,50.1,No,1,1,Social Media,TRUE,N,Debit Card,18-24,Sci-Fi
SUB100109,CUST20109,05/27/2025,,Germany,Europe,Basic,10.59 USD,Laptop,31.9,No,1,15,Paid Search,1,Yes,PayPal,18-24,Action
SUB102156,CUST22156,26-04-2023,2024-02-27,United States,North America,premium,20.17,Game Console,,Yes,1,7,Social Media,No,TRUE,Google Pay,13-17,Kids & Family
SUB100738,CUST20738,28 Oct 2024,22-12-2024,United States,North America,Premium,20.53,tablet,46.3,No,1,3,Affiliate,1,TRUE,PayPal,13-17,Drama
SUB101597,CUST21597,12/21/2023,10/24/2023,India,Asia Pacific,Premium,18.76,Smart TV,55.3,No,0,7,Organic,1,No,Debit Card,65+,Sci-Fi
SUB101245,CUST21245,11/21/2023,2025-12-24,United Kingdom,Europe,Basic,10.45,TV,53.4,No,2,15,Social Media,TRUE,Yes,Debit Card,25-34,Romance
SUB101229,CUST21229,04/21/2025,27-09-2027,United States,North America,Trial,0.39,Game Console,46.7,no,2,,Organic,Yes,No,PayPal,13-17,Romance
SUB100222,CUST20222,2024-12-15,12/11/2026,UK,Europe,Standard,13.58,TV,5.5,No,2,4,Affiliate,No,Yes,Debit Card,35-44,Reality TV
SUB101737,CUST21737,2025-04-20,07/21/2026,Spain,Europe,Premium,21.72 USD,Desktop,34.2,No,0,10,Paid Search,No,Yes,Credit Card,13-17,Reality TV
SUB102515,CUST22515,2022-01-28,08-05-2024,Brasil,Latin America,Basic,8.73,mobile,29.1,yes,0,4,Paid Search,1,No,Gift Card,25-34,Drama
SUB101380,CUST21380,28 Jun 2024,20-06-2025,Australia,Asia Pacific,Standard,13.48,smart tv,87.7,Yes,1,8,Email Campaign,No,,Apple Pay,35-44,Romance
SUB102615,CUST20015,2022-11-03,04/24/2024,U.S.A,North America,Basic,8.86,Desktop,4.9,yes,1,0,Affiliate,No,FALSE,Google Pay,25-34,Reality TV
SUB101918,CUST21918,"July 24, 2023",2024-08-06,United Kingdom,Europe,standard,14,Smart TV,26.8,No,1,,Paid Search,FALSE,Yes,Credit Card,25-34,Reality TV
SUB100205,CUST20205,2022-05-20,2022-08-01,India,Asia Pacific,Trial,-1.78,Game Console,0,Yes,0,6,Organic,0,Yes,Apple Pay,13-17,Documentary
SUB100461,CUST20461,11 Feb 2024,2024-05-28,United Kingdom,Europe,Premium,19.3 USD,Game Console,,No,1,1,Social Media,FALSE,No,Google Pay,35-44,Thriller
SUB100821,CUST20821,05/22/2023,2025-07-08,Brazil,Latin America,Premium,21.39,Desktop,31.4,Yes,1,-5,Affiliate,TRUE,N,Gift Card,13-17,Sci-Fi
SUB100489,CUST20489,25-12-2021,,Canada,North America,Premium,20.52,PC,44.3,No,1,7,Social Media,FALSE,TRUE,Debit Card,13-17,Drama
SUB102829,CUST20229,27 Jun 2023,2024-06-07,India,Asia Pacific,Basic,8.26,SmartTV,0,Yes,0,8,Paid Search,No,Yes,Apple Pay,45-54,Sci-Fi
SUB100180,CUST20180,"July 20, 2022",16 Jul 2023,germany,Europe,Free Trial,-0.18,Mobile,,No,0,1,Organic,1,TRUE,Apple Pay,,Action
SUB101225,CUST21225,03/27/2024,22-06-2024,Brazil,Latin America,Premium,19.15,mobile,,No,1,1,Email Campaign,TRUE,TRUE,Credit Card,13-17,Kids & Family
SUB102919,CUST20319,2026-04-17,14-06-2027,Italy,Europe,Standard,$15.38,Desktop,57.6,No,0,-5,Affiliate,TRUE,Yes,Apple Pay,45-54,Comedy
SUB102626,CUST20026,"April 23, 2024",15 Apr 2024,Germany,Europe,Basic,8.07,Game Console,53.5,,0,15,Referral,Yes,Yes,Gift Card,65+,Thriller
SUB100688,CUST20688,2024-05-06,14 Sep 2024,Brazil,Latin America,Basic,10.76,Game Console,59.5,No,0,7,Social Media,TRUE,Yes,Debit Card,25-34,Comedy
SUB101678,CUST21678,2023-05-25,"September 23, 2024",United States,North America,Standard,13.26,TV,47.5,No,0,0,Referral,No,Y,Debit Card,35-44,Anime
SUB100483,CUST20483,2024-11-22,12/10/2025,india,Asia Pacific,Free Trial,-0.89,Laptop,53.5,No,1,2,Email Campaign,No,TRUE,Debit Card,35-44,Anime
SUB102382,CUST22382,04/25/2022,01 Apr 2023,United States,North America,Standard,12.93,TV,42,No,0,5,Paid Search,TRUE,FALSE,Debit Card,55-64,Comedy
SUB101955,CUST21955,"November 18, 2025",,United States,North America,Free Trial,0.42,Game Console,57,No,2,6,Social Media,FALSE,No,Apple Pay,45-54,Drama
SUB100150,CUST20150,26-11-2025,2028-04-16,India,Asia Pacific,BASIC,11.06,PC,4.3,Yes,0,0,Social Media,TRUE,TRUE,Credit Card,35-44,Sci-Fi
SUB102255,CUST22255,"October 01, 2021",03/15/2022,Mexico,North America,Basic,9.82,Smart TV,56.2,,2,9,Email Campaign,TRUE,No,Credit Card,65+,Documentary
SUB101493,CUST21493,2022-11-03,2023-06-05,United States,North America,Premium,18.13,tablet,29.7,,0,,Paid Search,TRUE,N,PayPal,13-17,Action
SUB101120,CUST21120,2024-10-03,2026-02-15,Germany,Europe,BASIC,9.8,Tablet,0,Yes,0,15,Paid Search,0,,Credit Card,18-24,Anime
SUB100487,CUST20487,22 Sep 2024,2026-11-11,united kingdom,Europe,Standard,12.74,Mobile,57.1,No,2,7,Paid Search,Yes,N,Gift Card,35-44,Thriller
SUB100641,CUST20641,2023-11-17,,Canada,North America,Basic,9.29,SmartTV,8.5,Yes,0,3,Paid Search,No,,PayPal,13-17,Sci-Fi
SUB100299,CUST20299,"April 25, 2025",,United States,North America,Standard,14.28,Smart TV,0,No,0,10,Paid Search,TRUE,No,Apple Pay,13-17,Action
SUB100751,CUST20751,04/14/2023,23 May 2024,INDIA,Asia Pacific,Standard,11.46,Mobile,34.1,Y,2,3,Email Campaign,Yes,No,Debit Card,13-17,Thriller
SUB100889,CUST20889,09/06/2022,29 Mar 2023,United States,North America,Premium,21.32,Tablet,3.2,Yes,0,3,Paid Search,TRUE,No,Gift Card,18-24,Sci-Fi
SUB101800,CUST21800,"November 11, 2025",2027-02-16,Australia,Asia Pacific,Free Trial,-0.32,iPad,41.6,Y,0,6,Referral,FALSE,Yes,Apple Pay,35-44,Anime
SUB102252,CUST22252,"November 16, 2021",2024-03-16,United States,North America,Basic,7.19,Game Console,34.8,No,0,10,Email Campaign,TRUE,FALSE,Credit Card,55-64,Comedy
SUB100374,CUST20374,2023-05-25,16-07-2023,united kingdom,Europe,Standard,12.92,Game Console,35.2,No,3,5,Referral,TRUE,Y,Gift Card,25-34,Comedy
SUB100098,CUST20098,2026-04-16,07/15/2027,united kingdom,Europe,basic,7.92,Mobile,47.9,No,0,8,Paid Search,,Y,Google Pay,18-24,Anime
SUB102486,CUST22486,2024-09-26,13-03-2026,Brasil,Latin America,Standard,12.08,Desktop,,No,0,3,Paid Search,TRUE,Y,Gift Card,25-34,Romance
SUB101375,CUST21375,2026-05-25,04-01-2028,United States,North America,Basic,8.34,Tablet,21.1,Yes,0,8,Referral,No,N,Debit Card,65+,Romance
SUB100508,CUST20508,,2022-04-29,united kingdom,Europe,Free Trial,-0.4,Tablet,47.4,No,2,0,Referral,,No,Debit Card,13-17,Thriller
SUB100765,CUST20765,2022-04-10,10/21/2022,United States,North America,Standard,12.84,Tablet,50,0,2,3,Affiliate,FALSE,N,Gift Card,18-24,Thriller
SUB100426,CUST20426,2021-08-23,2021-08-23,Brazil,Latin America,Standard,14.03,Desktop,40.6,Yes,2,0,Affiliate,Yes,No,PayPal,55-64,Kids & Family
SUB101337,CUST21337,27-05-2023,27 Jun 2025,Brazil,Latin America,Basic,10.53,Mobile,0,No,0,4,Paid Search,No,,Gift Card,25-34,Thriller
SUB102197,CUST22197,01/15/2025,2025-10-17,Germany,Europe,Basic,-10.38,Desktop,50.3,No,0,7,Paid Search,,FALSE,Apple Pay,18-24,Sci-Fi
SUB101580,CUST21580,28-12-2021,"February 12, 2024",india,Asia Pacific,Premium,20.74,Smart TV,42.6,No,0,9,Email Campaign,FALSE,Yes,Debit Card,18-24,Reality TV
SUB101791,CUST21791,2022-11-29,02/24/2025,Canada,North America,Free Trial,-1.67,Mobile,64.2,,0,6,Affiliate,No,Y,Credit Card,35-44,Comedy
SUB100687,CUST20687,2024-10-30,"August 01, 2026",United States,North America,Basic,9.2,Game Console,40.8,No,0,2,Email Campaign,1,No,Gift Card,13-17,Drama
SUB101162,CUST21162,"June 05, 2023",2023-11-29,United Kingdom,Europe,Free Trial,3.32,Tablet,51.7,No,1,6,Organic,,N,Debit Card,13-17,Drama
SUB101425,CUST21425,26-12-2025,23 Mar 2026,Italy,Europe,Standard,12.48,Desktop,45.2,No,1,-5,Organic,0,,Debit Card,45-54,Kids & Family
SUB102217,CUST22217,2022-01-26,"February 24, 2023",germany,Europe,Basic,9.45,Mobile,33.9,Yes,0,15,Social Media,1,Y,PayPal,13-17,Thriller
SUB102263,CUST22263,09/01/2021,06 Dec 2021,United States,North America,Basic,10.94,Game Console,42.2,No,0,10,Social Media,TRUE,Y,PayPal,45-54,Comedy
SUB100032,CUST20032,05/03/2024,22 Feb 2025,United States,North America,Basic,9.19,Smart TV,46.7,No,1,8,Affiliate,Yes,Y,Apple Pay,65+,Sci-Fi
SUB101294,CUST21294,"July 30, 2025",2027-07-15,Italy,Europe,Basic,8.88,Game Console,39.1,No,0,-5,Organic,TRUE,Y,Google Pay,35-44,Drama
SUB101738,CUST21738,09/04/2023,04/18/2025,Canada,North America,Basic,10.19,mobile,56.6,,3,,Social Media,,FALSE,PayPal,65+,Comedy
SUB101461,CUST21461,12 Feb 2023,13-09-2024,United States,North America,Standard,13.09,Desktop,67.9,No,0,2,Social Media,FALSE,TRUE,Gift Card,55-64,Sci-Fi
SUB102534,CUST22534,2025-07-19,2026-08-06,mexico,North America,Premium,21.92,Smart TV,55.8,Yes,1,8,Organic,Yes,Y,Apple Pay,55-64,Action
SUB102572,CUST22572,01/16/2022,2022-02-14,U.S.A,North America,Premium,19.19,Game Console,21.6,No,0,2,Social Media,1,,Gift Card,55-64,Anime
SUB101368,CUST21368,06/21/2021,04-03-2023,france,Europe,Premium,20.46,Game Console,27.1,No,1,6,Email Campaign,Yes,Y,PayPal,65+,Romance
SUB100265,CUST20265,2021-03-30,"February 01, 2022",India,Asia Pacific,Standard,13.56,Smart TV,16.2,No,1,3,Email Campaign,0,Y,Apple Pay,45-54,Comedy
SUB100240,CUST20240,12/20/2024,23 Apr 2026,México,North America,Std,14.26,console,63.7,No,0,0,Referral,Yes,Y,Credit Card,65+,Sci-Fi
SUB101910,CUST21910,2021-05-06,10/11/2021,India,Asia Pacific,Standard,13.88,Mobile,40.9,No,0,-5,Referral,,FALSE,PayPal,,Documentary
SUB102018,CUST22018,"April 25, 2026",10/17/2027,Spain,Europe,Free Trial,0.71,Desktop,33,Yes,0,0,Paid Search,No,Yes,Apple Pay,18-24,Reality TV
SUB100185,CUST20185,2023-10-19,2024-05-21,spain,Europe,Std,14,Desktop,61.6,No,0,9,Social Media,FALSE,FALSE,Gift Card,65+,Reality TV
SUB102936,CUST20336,07/12/2024,2026-01-04,Brazil,Latin America,Standard,14.62,Game Console,41.3,Yes,0,15,Email Campaign,,N,Gift Card,35-44,Sci-Fi
SUB101832,CUST21832,2023-05-02,"December 26, 2023",Mexico,North America,Free Trial,-0.54,Tablet,14,No,0,10,Organic,FALSE,Y,Google Pay,13-17,Sci-Fi
SUB102384,CUST22384,03/21/2025,07/27/2026,United States,North America,Basic,8.48,desktop,35.5,No,1,4,Email Campaign,TRUE,No,Google Pay,13-17,Reality TV
SUB101507,CUST21507,2023-09-14,24-10-2025,India,Asia Pacific,Standard,14.68,Game Console,10.4,Yes,1,6,Social Media,TRUE,Yes,PayPal,55-64,Comedy
SUB101136,CUST21136,2021-04-02,"November 19, 2021",germany,Europe,Standard,14.54,Desktop,42.3,No,3,5,Email Campaign,1,FALSE,Gift Card,18-24,Comedy
SUB100578,CUST20578,"March 23, 2021","November 28, 2022",United States,North America,Standard,,Laptop,6.6,No,2,7,Social Media,TRUE,No,Google Pay,55-64,Comedy
SUB100943,CUST20943,2026-04-24,2027-03-20,spain,Europe,Standard,12.13,Game Console,44.1,,2,2,Affiliate,Yes,No,Debit Card,13-17,Romance
SUB102242,CUST22242,02/23/2023,01 Oct 2023,United States,North America,Premium,21.52,console,20,No,0,,Social Media,FALSE,Y,PayPal,45-54,Comedy
SUB100904,CUST20904,17-12-2025,05/14/2028,Spain,Europe,Premium,20.79,Game Console,53.7,No,1,8,Email Campaign,TRUE,N,PayPal,18-24,Romance
SUB100425,CUST20425,08-07-2022,25-10-2022,India,Asia Pacific,Basic,,Phone,53.2,No,1,0,Email Campaign,No,TRUE,Debit Card,25-34,Drama
SUB100846,CUST20846,2025-11-03,"January 19, 2027",India,Asia Pacific,Basic,9.23,Smart TV,12.4,No,0,15,Affiliate,TRUE,FALSE,Gift Card,65+,Sci-Fi
SUB101037,CUST21037,08/08/2024,"October 09, 2026",germany,Europe,Free Trial,0.93,PC,33.1,No,0,10,Social Media,FALSE,TRUE,Debit Card,65+,Documentary
SUB102224,CUST22224,2022-12-23,12 Jun 2023,United States,,Trial,-0.81,Desktop,45.3,No,3,15,Email Campaign,TRUE,FALSE,Gift Card,65+,Thriller
SUB100288,CUST20288,2023-06-24,"June 19, 2025",Italy,Europe,Free Trial,1.6,Mobile,60,No,0,5,Social Media,FALSE,FALSE,Apple Pay,13-17,Reality TV
SUB102723,CUST20123,2021-07-05,06/09/2023,germany,Europe,PREMIUM,21.69,Desktop,51.1,No,1,,Referral,0,N,Debit Card,13-17,Comedy
SUB101236,CUST21236,23-11-2023,20-12-2023,United States,North America,standard,14.12,Desktop,52,Y,0,,Organic,FALSE,No,Debit Card,55-64,Documentary
SUB100199,CUST20199,04-09-2024,01/04/2027,France,Europe,Basic,9.63,Desktop,20.9,,0,6,Paid Search,TRUE,FALSE,Credit Card,45-54,Thriller
SUB101345,CUST21345,04 Feb 2021,08 Apr 2021,India,Asia Pacific,Standard,14.24,Phone,31.5,No,0,,Referral,,No,Gift Card,35-44,Comedy
SUB101114,CUST21114,06/02/2024,10/01/2026,AUS,Asia Pacific,Basic,10.47,Game Console,18.9,No,0,,Affiliate,No,Y,Debit Card,55-64,Comedy
SUB102770,CUST20170,2025-07-12,,Italy,Europe,Basic,7.98,Mobile,55.5,,0,6,Paid Search,FALSE,TRUE,PayPal,35-44,Reality TV
SUB100578,CUST20578,"March 23, 2021","November 28, 2022",United States,North America,Standard,,Laptop,6.6,No,2,7,Social Media,TRUE,No,Google Pay,55-64,Comedy
SUB102028,CUST22028,2021-03-23,10/02/2021,japan,Asia Pacific,Trial,-0.47,Tablet,24.8,,0,1,Referral,,Y,Credit Card,13-17,Sci-Fi
SUB100701,CUST20701,08-07-2022,2024-03-13,Mexico,North America,Premium,20.82,Game Console,40.1,yes,0,-5,Organic,Yes,TRUE,Credit Card,13-17,Kids & Family
SUB101772,CUST21772,"June 14, 2021",10-10-2023,Japan,Asia Pacific,FreeTrial,1.66,Tablet,68.5,No,0,4,Referral,1,Yes,Debit Card,25-34,Romance
SUB100534,CUST20534,12/05/2023,01/18/2026,Mexico,North America,Standard,13.75,Game Console,12.7,No,0,10,Organic,,No,PayPal,55-64,Drama
SUB100479,CUST20479,"November 06, 2024",17 Nov 2024,United Kingdom,Europe,Standard,14.48,Tablet,67.3,No,0,15,Referral,FALSE,,Credit Card,35-44,Reality TV
SUB102187,CUST22187,05/16/2023,,United Kingdom,Europe,Basic,8.93,Game Console,25.7,No,1,1,Social Media,FALSE,N,Google Pay,35-44,Reality TV
SUB102281,CUST22281,01/09/2026,2027-10-19,Canada,,Basic,10.85,Desktop,39.8,No,0,8,Affiliate,FALSE,TRUE,Credit Card,35-44,Reality TV
SUB101184,CUST21184,23 Nov 2024,,Spain,Europe,Free Trial,-1.84,Tablet,24.7,Y,2,8,Organic,No,No,Google Pay,55-64,Comedy
SUB101282,CUST21282,05 Jul 2024,04/06/2025,United States,North America,Standard,15.51,Game Console,62.4,No,1,-5,Referral,FALSE,No,Google Pay,25-34,Action
SUB102758,CUST20158,11-04-2022,2022-06-03,India,Asia Pacific,Standard,13.23,Mobile,31.5,No,0,15,Paid Search,FALSE,Yes,Apple Pay,18-24,Comedy
SUB101038,CUST21038,2024-07-22,08/07/2024,Canada,North America,Basic,8.43,Mobile,454.8,No,0,0,Referral,1,FALSE,Debit Card,65+,Sci-Fi
SUB101917,CUST21917,,28 Aug 2027,India,Asia Pacific,Free Trial,-2.25,Laptop,12,No,1,4,Paid Search,,TRUE,Google Pay,55-64,Anime
SUB101224,CUST21224,06/02/2021,18 Jul 2022,India,Asia Pacific,Basic,8.8,PC,11.2,No,0,1,Social Media,Yes,,PayPal,25-34,Comedy
SUB102219,CUST22219,16-06-2022,"July 06, 2022",United States,North America,standard,15.17,Tablet,45.8,No,0,10,Referral,Yes,,Apple Pay,25-34,Anime
SUB101687,CUST21687,,05/01/2025,U.S.A,North America,Free Trial,-1.26,Smart TV,46.7,No,1,15,Organic,1,Y,Credit Card,55-64,Romance
SUB101549,CUST21549,02/07/2022,2023-06-03,United States,North America,Premium,19.19,Tablet,31.9,No,4,3,Social Media,FALSE,No,Credit Card,45-54,Romance
SUB100939,CUST20939,21 Jun 2026,2027-03-11,United States,North America,basic,,Desktop,45.9,No,0,-5,Social Media,FALSE,TRUE,Google Pay,55-64,Action
SUB100358,CUST20358,,03/22/2023,India,Asia Pacific,standard,14.81,Tablet,,No,1,9,Paid Search,TRUE,No,Apple Pay,45-54,Thriller
SUB102226,CUST22226,2026-05-16,2027-01-29,Italy,Europe,Basic,9.9,Desktop,42.8,No,1,6,Affiliate,FALSE,N,PayPal,45-54,Drama
SUB102539,CUST22539,02/25/2022,12/11/2022,United States,North America,Std,13.71 USD,Tablet,35.2,No,0,8,Referral,TRUE,N,Debit Card,13-17,Reality TV
SUB101359,CUST21359,2023-04-04,2025-05-04,United States,North America,Standard,16.06,Mobile,25.8,Yes,0,5,Affiliate,TRUE,,Gift Card,45-54,Drama
SUB101836,CUST21836,06/28/2021,2023-07-04,Canada,North America,Std,13.89,Game Console,0,,2,,Referral,No,Y,Gift Card,55-64,Reality TV
SUB102799,CUST20199,2026-05-17,04/11/2027,japan,Asia Pacific,FreeTrial,1.38,Tablet,441.6,No,2,15,Social Media,TRUE,FALSE,Google Pay,35-44,Anime
SUB101550,CUST21550,2021-03-27,25-01-2023,United States,North America,standard,13,tablet,10,1,1,3,Social Media,TRUE,Y,Google Pay,35-44,Kids & Family
SUB102731,CUST20131,"August 09, 2023",2024-12-29,India,Asia Pacific,Premium,19.07,Phone,25.1,No,1,10,Social Media,Yes,N,Credit Card,13-17,Romance
SUB101797,CUST21797,2024-06-12,2025-09-28,india,Asia Pacific,Premium,$20.15,Mobile,0,No,0,9,Paid Search,FALSE,N,Gift Card,25-34,Romance
SUB101244,CUST21244,05/21/2024,,U.K.,Europe,Free Trial,1.21,Game Console,44.7,No,1,1,Email Campaign,Yes,,Gift Card,35-44,Romance
SUB102704,CUST20104,2024-05-13,08/10/2025,United States,North America,Basic,,Desktop,3,No,1,1,Social Media,TRUE,,Google Pay,65+,Romance
SUB100233,CUST20233,14-05-2025,09/06/2026,Deutschland,Europe,Free Trial,-0.35,Game Console,73.7,No,1,4,Affiliate,TRUE,Y,Credit Card,25-34,Anime
SUB100681,CUST20681,2025-01-05,2025-07-08,Brazil,Latin America,Premium,20.44,Game Console,12.5,Yes,0,9,Email Campaign,Yes,Y,Credit Card,55-64,Romance
SUB101278,CUST21278,,2025-05-27,USA,North America,Standard,16.72,Desktop,47.8,No,0,3,Email Campaign,,TRUE,Credit Card,35-44,Sci-Fi
SUB102287,CUST22287,11/12/2022,08-04-2024,India,Asia Pacific,Basic,9.66,Desktop,,No,0,9,Social Media,TRUE,Yes,Gift Card,45-54,Comedy
SUB100312,CUST20312,04/15/2023,12/10/2023,India,Asia Pacific,Basic,$9.56,Phone,24.3,Yes,0,-5,Social Media,TRUE,Yes,Debit Card,35-44,Reality TV
SUB101044,CUST21044,16-08-2025,09/23/2027,Mexico,North America,standard,14.3,Desktop,0.7,Y,0,1,Social Media,TRUE,N,Apple Pay,55-64,Thriller
SUB101313,CUST21313,23-03-2023,2023-06-28,United States,North America,Premium,$20.7,Desktop,33.2,,1,4,Affiliate,FALSE,Y,Apple Pay,25-34,Romance
SUB102240,CUST22240,05/11/2026,12/06/2026,United Kingdom,Europe,Premium,18.89,Game Console,,Yes,1,1,Paid Search,TRUE,No,Gift Card,65+,Action
SUB100380,CUST20380,2022-10-27,2023-05-23,India,Asia Pacific,Premium,20.75,Desktop,49.8,No,0,6,Email Campaign,TRUE,No,PayPal,18-24,Action
SUB100690,CUST20690,08/23/2025,"July 09, 2025",United Kingdom,Europe,Free Trial,-0.2,Desktop,0,Yes,0,9,Referral,,No,Gift Card,65+,Romance
SUB102710,CUST20110,2021-10-03,2023-12-26,italy,Europe,Premium,21.52,Tablet,,0,0,15,Email Campaign,TRUE,N,Credit Card,13-17,Romance
SUB100664,CUST20664,,09/12/2026,India,Asia Pacific,Premium,$18.7,Phone,,No,0,-5,Referral,No,No,Google Pay,45-54,Comedy
SUB102420,CUST22420,03/31/2023,01/05/2024,Mexico,North America,PREMIUM,20.21,Desktop,8,No,1,1,Affiliate,No,No,Google Pay,18-24,Documentary
SUB101624,CUST21624,"May 22, 2022",27 Oct 2022,United States,North America,Standard,-13.94,Tablet,28.7,No,0,,Organic,0,,Google Pay,65+,Sci-Fi
SUB100950,CUST20950,12/06/2021,"February 09, 2023",United Kingdom,Europe,Standard,13.05,Smart TV,45.2,,0,15,Paid Search,TRUE,No,Gift Card,18-24,Sci-Fi
SUB101478,CUST21478,2024-03-24,05/08/2025,United States,North America,Premium,19.29,Desktop,37.4,no,0,4,Email Campaign,1,Yes,PayPal,18-24,Anime
SUB100514,CUST20514,04 Sep 2024,"August 15, 2025",USA,North America,Std,15.42,smart tv,39.1,No,0,8,Organic,FALSE,TRUE,Credit Card,55-64,Sci-Fi
SUB101381,CUST21381,2025-12-24,,United States,North America,Standard,14.66,Game Console,25.7,No,0,5,Referral,TRUE,TRUE,PayPal,25-34,Thriller
SUB102373,CUST22373,04/26/2021,02/27/2021,france,,Basic,7.42,desktop,33.6,No,1,8,Referral,No,Y,Apple Pay,55-64,Anime
SUB101041,CUST21041,"October 29, 2025",02/25/2027,India,Asia Pacific,BASIC,9.1,Mobile,50.7,No,1,-5,Affiliate,,FALSE,Google Pay,45-54,Drama
SUB102020,CUST22020,31-10-2021,"January 02, 2024",france,Europe,BASIC,8.21,TV,22.4,,3,-5,Social Media,FALSE,TRUE,PayPal,45-54,Documentary
SUB100918,CUST20918,03 Mar 2026,2026-04-20,Germany,Europe,BASIC,7.42,Mobile,451.9,No,0,15,Social Media,1,Yes,Credit Card,13-17,Documentary
SUB102915,CUST20315,09-03-2026,24-04-2027,U.S.A,North America,Premium,22.93,desktop,38.6,No,0,7,Affiliate,TRUE,N,Debit Card,65+,Sci-Fi
SUB100714,CUST20714,2021-06-05,06/22/2023,Brasil,Latin America,Free Trial,-1.04,Tablet,2.3,No,1,7,Email Campaign,FALSE,No,Debit Card,25-34,Reality TV
SUB102247,CUST22247,08/01/2021,2022-12-06,Germany,Europe,Basic,8.82,Laptop,36.5,Y,0,1,Email Campaign,TRUE,Yes,Apple Pay,13-17,Anime
SUB101660,CUST21660,11/04/2024,"June 27, 2025",France,Europe,Premium,18.04,SmartTV,,,0,,Affiliate,FALSE,Y,Debit Card,18-24,Comedy
SUB102872,CUST20272,2021-11-25,05/11/2024,India,Asia Pacific,Basic,8.92,Desktop,70.4,,1,4,Email Campaign,,Y,Gift Card,55-64,Comedy
SUB101039,CUST21039,2023-10-11,01/14/2026,Italy,Europe,Premium,20.22,SmartTV,47.6,No,1,-5,Social Media,Yes,Yes,PayPal,13-17,Sci-Fi
SUB102471,CUST22471,2022-06-19,18 Jul 2023,INDIA,,Premium,19.25,Desktop,38,No,0,6,Organic,Yes,N,Debit Card,55-64,Action
SUB100908,CUST20908,22-05-2024,,United States,North America,standard,12.93,Tablet,48.5,No,0,-5,Social Media,TRUE,N,Credit Card,35-44,Comedy
SUB101681,CUST21681,21-12-2025,2027-06-16,Mexico,North America,Premium,20.38,Smart TV,72.6,No,1,-5,Email Campaign,0,Y,Credit Card,45-54,Documentary
SUB100572,CUST20572,06/27/2021,13 Mar 2022,France,Europe,Standard,14.56,Tablet,27.3,yes,0,10,Social Media,TRUE,Yes,Apple Pay,65+,Documentary
SUB100315,CUST20315,,10/14/2026,Canada,North America,Free Trial,1.93,Tablet,86,,1,10,Paid Search,FALSE,Yes,Credit Card,18-24,Kids & Family
SUB101523,CUST21523,"September 05, 2024",2025-03-25,Germany,Europe,Basic,9.19,console,,No,2,,Social Media,1,Y,Debit Card,45-54,Kids & Family
SUB102141,CUST22141,2022-02-16,12/17/2022,United States,North America,Free Trial,0,Tablet,40.2,,2,-5,Organic,0,Yes,Google Pay,35-44,Action
SUB100442,CUST20442,2022-06-13,05-03-2023,United Kingdom,Europe,BASIC,-9.34,PC,59.9,No,0,0,Referral,FALSE,TRUE,Credit Card,65+,Romance
SUB102464,CUST22464,"May 17, 2022",02/23/2023,United Kingdom,Europe,Basic,9.74,Desktop,40.1,No,0,8,Paid Search,Yes,FALSE,Apple Pay,55-64,Sci-Fi
SUB102316,CUST22316,06/19/2025,2026-04-30,United States,North America,Premium,19.56,Tablet,46.3,,1,2,Paid Search,Yes,FALSE,Debit Card,45-54,Comedy
SUB101869,CUST21869,"March 28, 2021",02-03-2021,united states,North America,BASIC,9.47,Desktop,0,Yes,0,,Paid Search,Yes,FALSE,PayPal,18-24,Drama
SUB102372,CUST22372,"October 13, 2025",10-07-2026,United States,North America,Standard,,Tablet,18,No,1,,Organic,FALSE,TRUE,Google Pay,35-44,Sci-Fi
SUB100282,CUST20282,06/09/2025,05/27/2025,Germany,Europe,Basic,10.07,Tablet,49.8,No,0,15,Email Campaign,TRUE,FALSE,Apple Pay,65+,Sci-Fi
SUB100679,CUST20679,03/12/2026,2028-01-12,france,Europe,Basic,10.09,Desktop,,No,1,,Email Campaign,FALSE,TRUE,PayPal,45-54,Action
SUB100101,CUST20101,08/30/2025,12/16/2027,Spain,Europe,Basic,10.68,Smart TV,36.8,No,0,-5,Email Campaign,TRUE,TRUE,Gift Card,65+,Romance
SUB102065,CUST22065,12-03-2024,,Australia,Asia Pacific,Std,12.98,Smart TV,21.3,No,1,6,Referral,0,Yes,Gift Card,35-44,Romance
SUB101090,CUST21090,2023-01-26,12-01-2024,United States,North America,Standard,12.79,Desktop,35.7,Yes,0,15,Referral,FALSE,TRUE,PayPal,55-64,Documentary
SUB102832,CUST20232,2021-09-28,2022-04-06,United States,North America,Std,12.8,Game Console,39.5,No,0,15,Affiliate,Yes,TRUE,Google Pay,13-17,Action
SUB100409,CUST20409,2022-03-14,16-10-2023,United Kingdom,Europe,BASIC,7.62,Smart TV,25.4,No,0,8,Organic,FALSE,,PayPal,18-24,Documentary
SUB101214,CUST21214,2025-06-11,2026-05-14,India,Asia Pacific,basic,7.82,Tablet,49.8,No,2,7,Organic,TRUE,Y,Gift Card,18-24,Comedy
SUB100403,CUST20403,2023-10-30,08/06/2025,United States,North America,BASIC,7.5,Desktop,28.6,1,1,2,Paid Search,FALSE,Y,Apple Pay,55-64,Action
SUB100994,CUST20994,08/13/2022,04/18/2023,United States,North America,Standard,16.65,Game Console,26,no,0,-5,Social Media,1,Yes,Credit Card,55-64,Reality TV
SUB101946,CUST21946,26-02-2025,07/17/2027,india,Asia Pacific,Free Trial,-2.68 USD,Tablet,30.1,No,1,0,Social Media,TRUE,Yes,Google Pay,25-34,Reality TV
SUB100044,CUST20044,,20 Oct 2027,Canada,North America,Premium,19.43,Desktop,35.2,Yes,0,5,Paid Search,Yes,No,Gift Card,13-17,Kids & Family
SUB101608,CUST21608,2025-04-16,24-03-2027,U.K.,Europe,Standard,$14.64,smart tv,56.9,No,1,7,Paid Search,,,Gift Card,35-44,Action
SUB100140,CUST20140,07-08-2022,09/06/2023,United States,North America,Free Trial,0.58,Mobile,0.1,No,1,-5,Social Media,FALSE,Yes,Google Pay,65+,Drama
SUB101736,CUST21736,,09/01/2026,Germany,Europe,Premium,19.65,Smart TV,39.8,No,2,9,Email Campaign,1,Yes,Debit Card,13-17,Anime
SUB100249,CUST20249,,2027-02-27,India,Asia Pacific,Std,11.6,Mobile,5.1,,1,,Email Campaign,TRUE,No,Credit Card,18-24,Comedy
SUB100961,CUST20961,2024-01-06,2025-08-25,United States,North America,Standard,12.95,Smart TV,60.9,No,0,6,Email Campaign,1,No,Gift Card,45-54,Comedy
SUB102880,CUST20280,16 Mar 2023,10 Dec 2023,United Kingdom,Europe,Standard,12.32,Game Console,49,No,0,8,Social Media,FALSE,FALSE,Apple Pay,18-24,Action
SUB102423,CUST22423,2022-03-13,2022-11-23,italy,Europe,Premium,20.68,Tablet,45.5,No,3,-5,Referral,FALSE,N,Gift Card,35-44,Anime
SUB102773,CUST20173,05/03/2024,13-08-2024,spain,Europe,standard,$13.33,Smart TV,38.2,No,0,7,Affiliate,0,N,PayPal,13-17,Documentary
SUB101912,CUST21912,01/29/2021,2023-04-06,United Kingdom,Europe,BASIC,6.19,SmartTV,33.1,No,0,9,Organic,0,,Credit Card,25-34,Kids & Family
SUB102291,CUST22291,11/10/2023,"May 22, 2024",germany,Europe,Basic,11.38,Desktop,26.5,No,1,3,Email Campaign,TRUE,TRUE,Apple Pay,45-54,Reality TV
SUB101171,CUST21171,06/20/2024,07/08/2024,United States,North America,Basic,7.57,Smart TV,0,No,1,10,Organic,0,Yes,Debit Card,18-24,Kids & Family
SUB100771,CUST20771,04/25/2024,2025-07-30,INDIA,Asia Pacific,Standard,13.03,Desktop,46,Yes,0,2,Social Media,1,N,PayPal,18-24,Anime
SUB100562,CUST20562,2021-11-30,04/10/2022,united states,North America,Standard,$16.12,SmartTV,33,No,0,2,Referral,,,Apple Pay,13-17,Reality TV
SUB102110,CUST22110,09/16/2024,2025-01-17,Italy,Europe,FreeTrial,-0.9,TV,39.4,No,1,0,Referral,Yes,Yes,Gift Card,35-44,Anime
SUB102612,CUST20012,"December 23, 2021",28-11-2023,Brasil,Latin America,Std,14.28,Tablet,45.5,No,0,2,Paid Search,FALSE,Yes,Apple Pay,45-54,Drama
SUB101563,CUST21563,,05/22/2028,united states,North America,Standard,13.51 USD,Desktop,,No,0,1,Email Campaign,No,Y,Apple Pay,25-34,Romance
SUB100519,CUST20519,2023-02-21,,Japan,Asia Pacific,Free Trial,-1.15,Mobile,54.5,,1,7,Email Campaign,FALSE,,Gift Card,35-44,Thriller
SUB100012,CUST20012,2023-07-28,"February 23, 2025",Mexico,North America,Free Trial,1.47 USD,Mobile,31.9,,0,1,Paid Search,0,Yes,Google Pay,25-34,Comedy
SUB102159,CUST22159,2023-09-05,02/05/2026,france,Europe,Basic,8.89,Mobile,25.3,No,0,6,Affiliate,No,No,PayPal,65+,Drama
SUB101058,CUST21058,"July 18, 2023","December 09, 2024",united kingdom,Europe,basic,9.5,Desktop,56.4,No,0,10,Organic,No,No,Gift Card,13-17,Romance
SUB101543,CUST21543,2026-06-15,16-08-2027,Japan,Asia Pacific,Standard,15.25,Mobile,33.6,yes,0,15,Email Campaign,FALSE,TRUE,Debit Card,55-64,Action
SUB100041,CUST20041,07/10/2024,2026-04-13,Germany,Europe,Standard,14.54,Desktop,21.8,No,2,1,Referral,0,TRUE,Debit Card,65+,Kids & Family
SUB100284,CUST20284,22 Aug 2025,21-12-2025,Canada,North America,Free Trial,0.66,Tablet,38.8,No,0,7,Organic,TRUE,No,Debit Card,25-34,Documentary
SUB101433,CUST21433,07/21/2026,10/03/2026,USA,North America,Standard,14.89,Tablet,57.8,No,3,,Paid Search,0,FALSE,Apple Pay,55-64,Drama
SUB100709,CUST20709,09/02/2025,2027-03-06,Canada,North America,Premium,20.46,Desktop,63,No,1,10,Email Campaign,FALSE,,Apple Pay,18-24,Sci-Fi
SUB102015,CUST22015,"June 04, 2024",29-06-2024,United Kingdom,Europe,Basic,9.47,Game Console,24.2,No,0,,Organic,FALSE,N,Gift Card,18-24,Kids & Family
SUB101399,CUST21399,2024-12-14,2025-10-14,United States,North America,premium,19.49,Desktop,,Yes,0,1,Paid Search,TRUE,Yes,Gift Card,35-44,Reality TV
SUB100760,CUST20760,14-03-2022,20-06-2023,United Kingdom,Europe,Standard,15.28,Smart TV,59,,0,10,Paid Search,TRUE,,PayPal,35-44,Comedy
SUB102784,CUST20184,"June 09, 2024",2025-07-28,United States,North America,Basic,8.73,Game Console,37,Y,1,7,Affiliate,FALSE,N,Debit Card,35-44,Action
SUB100206,CUST20206,2021-08-19,2022-04-24,United States,North America,Standard,13.18,mobile,50,Yes,1,1,Affiliate,Yes,No,Google Pay,55-64,Drama
SUB102003,CUST22003,2024-01-26,07/22/2024,United States,North America,basic,$8.79,Tablet,38.9,,0,,Affiliate,TRUE,,Gift Card,13-17,Thriller
SUB102630,CUST20030,15 Oct 2024,"December 05, 2026",United States,North America,standard,15.74,Game Console,20.2,No,2,6,Email Campaign,TRUE,No,Google Pay,35-44,Reality TV
SUB102730,CUST20130,01-10-2025,"March 10, 2026",United States,North America,Basic,9.7,Mobile,49.5,,1,6,Affiliate,0,Yes,Credit Card,13-17,Documentary
SUB100027,CUST20027,"February 13, 2024",2025-07-26,México,North America,Premium,,Smart TV,28.6,yes,1,-5,Affiliate,Yes,No,Apple Pay,55-64,Reality TV
SUB101670,CUST21670,13-11-2021,19-12-2023,United States,North America,Standard,14.19,Game Console,33.9,Yes,1,7,Social Media,Yes,No,Gift Card,25-34,Documentary
SUB100816,CUST20816,2026-04-02,2027-09-09,Mexico,North America,Free Trial,1.17,Tablet,35.2,Yes,0,2,Organic,No,No,Google Pay,25-34,Documentary
SUB100086,CUST20086,09-02-2023,2025-01-08,Italy,Europe,Standard,14.53,Tablet,25.9,Yes,0,8,Organic,No,N,Apple Pay,18-24,Documentary
SUB102517,CUST22517,22 Jun 2024,"February 23, 2026",Germany,Europe,Std,15.06,Tablet,21.5,No,0,6,Organic,,No,Apple Pay,65+,Sci-Fi
SUB101587,CUST21587,12 Nov 2025,,United States,North America,Free Trial,0.1,Desktop,11.4,No,0,7,Email Campaign,,No,Credit Card,65+,Action
SUB102736,CUST20136,"January 20, 2021",12/03/2022,India,Asia Pacific,BASIC,9.5,Smart TV,43,,1,8,Social Media,TRUE,No,PayPal,65+,Action
SUB101361,CUST21361,2021-08-11,2023-02-24,Australia,Asia Pacific,Free Trial,-1.13,Laptop,30.3,No,0,4,Organic,FALSE,FALSE,PayPal,13-17,Action
SUB100080,CUST20080,14-04-2023,29 Sep 2025,united states,North America,Standard,13.39,Desktop,11.3,No,0,0,Paid Search,FALSE,,Gift Card,18-24,Sci-Fi
SUB100876,CUST20876,2024-03-03,11/02/2025,united states,North America,Basic,7.58,Mobile,19.4,1,1,4,Paid Search,TRUE,Yes,Debit Card,13-17,Drama
SUB100148,CUST20148,"August 30, 2023",2024-03-27,Canada,North America,Basic,9.35,Smart TV,27.6,No,0,,Affiliate,TRUE,No,Debit Card,65+,Reality TV
SUB102311,CUST22311,21-11-2023,04-01-2024,Brazil,Latin America,Standard,15.18,Tablet,43.5,yes,0,8,Referral,Yes,Yes,PayPal,25-34,Kids & Family
SUB101094,CUST21094,"April 29, 2021","October 16, 2022",United Kingdom,Europe,Standard,13.34,Game Console,31.5,No,3,8,Social Media,0,Yes,Debit Card,65+,Comedy
SUB102840,CUST20240,2025-06-24,2025-11-16,India,Asia Pacific,Standard,14.17,Laptop,50.9,,0,4,Paid Search,1,,Credit Card,55-64,Kids & Family
SUB101209,CUST21209,08/14/2024,08 Dec 2025,France,Europe,Free Trial,-1.22,Mobile,37,0,1,10,Paid Search,1,Yes,Gift Card,65+,Action
SUB100528,CUST20528,"May 11, 2021",2021-07-16,México,North America,Standard,14.13,Desktop,43.9,Yes,0,9,Referral,,TRUE,Debit Card,45-54,Thriller
SUB101807,CUST21807,13 Oct 2022,2025-03-24,INDIA,Asia Pacific,Free Trial,-0.15,Tablet,31.6,Yes,1,7,Affiliate,TRUE,,Google Pay,45-54,Kids & Family
SUB102713,CUST20113,12-02-2026,2026-04-10,United States,North America,Standard,13.82,Smart TV,15.5,No,1,10,Email Campaign,No,FALSE,Debit Card,35-44,Action
SUB101861,CUST21861,06/26/2024,2025-12-28,Australia,Asia Pacific,Standard,11.94,smart tv,47.6,No,0,-5,Referral,TRUE,No,Apple Pay,13-17,Action
SUB100566,CUST20566,2022-11-01,12/08/2023,Australia,Asia Pacific,Basic,8.79,Desktop,60.8,No,0,8,Email Campaign,FALSE,N,Google Pay,45-54,Sci-Fi
SUB102080,CUST22080,2026-01-21,28 Mar 2028,Italy,Europe,Standard,16.82,Game Console,34.4,No,3,15,Social Media,Yes,No,Google Pay,45-54,Comedy
SUB101088,CUST21088,10/31/2025,2026-07-24,Italy,Europe,Standard,16.4,Mobile,46,Yes,1,3,Referral,0,FALSE,Credit Card,13-17,Romance
SUB100311,CUST20311,01 May 2021,2022-03-30,United States,North America,Free Trial,0.32,Desktop,22.6,No,0,5,Organic,,FALSE,Credit Card,25-34,Kids & Family
SUB101156,CUST21156,07-12-2021,2024-02-02,United States,North America,Standard,11.13,Desktop,45.3,No,1,0,Email Campaign,FALSE,N,PayPal,35-44,Reality TV
SUB100382,CUST20382,2024-01-16,2026-06-07,United States,North America,Free Trial,-2.14,mobile,36.7,No,0,2,Paid Search,0,No,Apple Pay,35-44,Action
SUB102046,CUST22046,30-05-2021,08/17/2021,United States,North America,standard,13.26,tablet,,,0,1,Social Media,FALSE,Yes,Apple Pay,25-34,Reality TV
SUB102033,CUST22033,14-05-2021,2022-03-29,United States,North America,PREMIUM,20.9,Mobile,80.5,No,2,-5,Social Media,1,Y,Debit Card,65+,Reality TV
SUB101781,CUST21781,10-04-2022,2024-04-12,United States,North America,Standard,14.08,Tablet,33.8,yes,0,-5,Referral,FALSE,,Credit Card,25-34,Documentary
SUB101369,CUST21369,2024-03-15,2026-07-24,Brazil,Latin America,Free Trial,$-1.94,Smart TV,37.3,No,0,5,Email Campaign,1,No,Debit Card,45-54,Action
SUB101103,CUST21103,30-01-2025,20 Jan 2026,INDIA,,Free Trial,-0.78,Tablet,5.3,No,2,3,Social Media,TRUE,No,Apple Pay,25-34,Kids & Family
SUB100597,CUST20597,25 Jan 2026,10 Oct 2026,United States,North America,Basic,7.52,Desktop,16.5,No,0,6,Organic,FALSE,N,Credit Card,25-34,Reality TV
SUB101086,CUST21086,2023-03-09,05/11/2024,spain,Europe,premium,17.9,Tablet,35.3,,0,7,Email Campaign,Yes,Yes,Debit Card,45-54,Drama
SUB100493,CUST20493,09-04-2024,09/07/2024,Germany,Europe,Basic,9.39,Desktop,28.9,,1,6,Email Campaign,TRUE,Yes,Debit Card,35-44,Action
SUB100579,CUST20579,02/27/2024,2025-05-20,United States,North America,Basic,7.57,console,27.7,,0,-5,Referral,No,Y,Gift Card,18-24,Action
SUB101223,CUST21223,23-01-2024,06/29/2024,India,,standard,12.48 USD,Laptop,8.7,,0,-5,Paid Search,FALSE,TRUE,PayPal,55-64,Thriller
SUB101801,CUST21801,13 Dec 2024,05/23/2026,Canada,North America,Premium,19.24,console,17.3,No,0,0,Social Media,,N,Gift Card,65+,Action
SUB102474,CUST22474,2021-04-26,2022-09-06,Australia,Asia Pacific,Std,14.22,Mobile,,,1,-5,Referral,TRUE,No,Apple Pay,25-34,Drama
SUB102048,CUST22048,03/29/2022,05/04/2022,Germany,Europe,Free Trial,-0.88,Smart TV,,No,0,,Social Media,1,N,Debit Card,65+,Kids & Family
SUB102705,CUST20105,04-07-2026,,India,Asia Pacific,Basic,8.95,Smart TV,60.9,No,0,1,Organic,FALSE,Yes,Gift Card,55-64,Thriller
SUB102202,CUST22202,"January 18, 2022",2023-09-01,United States,North America,premium,,Console,1.9,No,1,4,Affiliate,0,,Debit Card,45-54,Thriller
SUB102400,CUST22400,18-08-2023,"October 06, 2023",France,Europe,Free Trial,-2.34,Smart TV,13.2,No,1,,Email Campaign,,No,Gift Card,13-17,Kids & Family
SUB101411,CUST21411,18 Jul 2021,10/02/2023,Mexico,North America,Premium,20.27,Smart TV,58.9,No,0,0,Referral,1,N,Credit Card,65+,Romance
SUB102203,CUST22203,03-09-2021,2022-07-27,Italy,Europe,Basic,9.62,Tablet,42.6,No,2,9,Email Campaign,1,TRUE,Debit Card,25-34,Reality TV
SUB102099,CUST22099,26 Dec 2022,"July 28, 2024",USA,North America,Premium,20.64,Console,100.4,,0,4,Email Campaign,FALSE,,Credit Card,25-34,Sci-Fi
SUB102146,CUST22146,05-04-2022,10 Oct 2023,U.K.,Europe,Standard,13.93,Desktop,47.3,No,2,,Organic,Yes,FALSE,Gift Card,65+,Action
SUB102491,CUST22491,,"January 27, 2028",United States,North America,Premium,19.49,Smart TV,16.3,No,0,6,Email Campaign,,,Credit Card,35-44,Documentary
SUB102004,CUST22004,19-07-2022,,United States,North America,Premium,18.52,Game Console,25.8,Y,0,8,Organic,,FALSE,Gift Card,55-64,Thriller
SUB101497,CUST21497,2023-10-19,28 Dec 2025,INDIA,Asia Pacific,Trial,-0.42,iPad,26.6,No,0,4,Email Campaign,0,Yes,Credit Card,13-17,Action
SUB101814,CUST21814,"January 25, 2023","August 30, 2023",México,North America,Premium,19.52,Tablet,62.3,No,1,15,Social Media,FALSE,N,Gift Card,55-64,Drama
SUB102346,CUST22346,16-12-2025,26-05-2028,United States,North America,Free Trial,-0.43,Smart TV,39.9,Yes,1,2,Referral,Yes,TRUE,Credit Card,18-24,Sci-Fi
SUB101845,CUST21845,04/23/2025,03/09/2025,Deutschland,Europe,Basic,8.66,Game Console,383.1,No,1,2,Paid Search,,FALSE,Gift Card,65+,Reality TV
SUB102918,CUST20318,2021-04-13,"August 19, 2023",United States,North America,Standard,13.21,desktop,60.6,No,0,6,Organic,,TRUE,Debit Card,,Documentary
SUB102767,CUST20167,20 Jul 2022,2023-11-27,United States,North America,Basic,7.11,Desktop,47.4,No,1,15,Paid Search,TRUE,No,Gift Card,45-54,Anime
SUB102332,CUST22332,"April 25, 2026",02-05-2027,United Kingdom,Europe,Basic,$8.1,Smart TV,32.6,No,1,1,Paid Search,No,No,Gift Card,45-54,Kids & Family
SUB102236,CUST22236,2025-07-27,,United States,North America,Basic,-7.2,Tablet,56.7,No,1,-5,Email Campaign,FALSE,Yes,Google Pay,18-24,Reality TV
SUB100921,CUST20921,2025-09-15,2026-06-30,India,Asia Pacific,Standard,14.27 USD,console,29,No,0,6,Paid Search,FALSE,Y,Credit Card,35-44,Drama
SUB101724,CUST21724,11 Dec 2025,2026-05-27,united states,North America,Premium,21.7,Smart TV,53.7,No,1,3,Organic,FALSE,No,Gift Card,25-34,Sci-Fi
SUB100451,CUST20451,2022-08-01,11 Oct 2023,Brazil,Latin America,basic,10.9,Desktop,22.6,Yes,0,1,Email Campaign,,No,Debit Card,25-34,Action
SUB101612,CUST21612,05/13/2021,02/15/2023,Deutschland,,Premium,20.3,Console,44.7,No,0,7,Paid Search,1,FALSE,PayPal,35-44,Sci-Fi
SUB101782,CUST21782,28 Aug 2024,"January 28, 2025",United States,North America,Standard,14.36,console,75.6,No,0,-5,Referral,,Y,Debit Card,35-44,Documentary
SUB102253,CUST22253,"July 13, 2024",2025-11-09,India,Asia Pacific,standard,14.43,Smart TV,16.7,No,0,5,Organic,,No,Google Pay,55-64,Kids & Family
SUB100434,CUST20434,,26 Apr 2023,United States,North America,FreeTrial,-0.06,Mobile,40.6,Yes,2,7,Referral,TRUE,Yes,Google Pay,13-17,Kids & Family
SUB100193,CUST20193,2022-04-22,"April 08, 2022",USA,North America,standard,14.52,mobile,45.5,,0,15,Organic,TRUE,Yes,Credit Card,65+,Documentary
SUB102538,CUST22538,01/08/2021,03/25/2021,Australia,Asia Pacific,Basic,9.72,mobile,31.2,,0,7,Email Campaign,FALSE,N,Gift Card,65+,Kids & Family
SUB101728,CUST21728,25 Aug 2024,2026-10-23,Mexico,North America,Std,11.42,mobile,,,1,0,Organic,TRUE,No,Apple Pay,55-64,Sci-Fi
SUB101758,CUST21758,03/06/2022,2022-05-03,india,Asia Pacific,Premium,21.12,Mobile,28.3,,0,,Social Media,FALSE,,Apple Pay,35-44,Action
SUB100983,CUST20983,2025-08-18,2027-02-27,India,Asia Pacific,basic,9.25,Mobile,66.5,,0,,Email Campaign,FALSE,Y,Apple Pay,13-17,Drama
SUB102634,CUST20034,"August 12, 2023",08 Sep 2024,Deutschland,Europe,free trial,1.43,Tablet,65.2,Yes,0,6,Email Campaign,Yes,,Google Pay,65+,Sci-Fi
SUB101061,CUST21061,2021-01-07,,United States,North America,Standard,13.03,Desktop,28,No,0,15,Affiliate,FALSE,FALSE,Credit Card,18-24,Kids & Family
SUB101817,CUST21817,2021-02-17,"December 09, 2022",USA,North America,Basic,,console,47.5,no,0,7,Referral,Yes,N,PayPal,65+,Action
SUB101578,CUST21578,28-05-2022,2024-06-25,USA,North America,Std,14.92,console,0,No,2,7,Social Media,Yes,FALSE,Debit Card,25-34,Kids & Family
SUB101564,CUST21564,10/08/2022,11/07/2022,Brazil,Latin America,Basic,9.99,Phone,32.7,No,1,5,Affiliate,0,Y,Apple Pay,55-64,Reality TV
SUB102706,CUST20106,08 Jul 2026,17-11-2027,United States,North America,Std,14.18,Smart TV,31,No,0,9,Organic,No,,Gift Card,13-17,Action
SUB100207,CUST20207,2021-03-31,21 Sep 2021,United Kingdom,Europe,FreeTrial,-0.34,Console,39,No,2,0,Affiliate,,TRUE,Google Pay,25-34,Kids & Family
SUB101260,CUST21260,2024-11-21,09 Jun 2026,United States,North America,Trial,-0.21,Game Console,55.9,No,0,,Referral,Yes,N,Google Pay,25-34,Comedy
SUB101696,CUST21696,12/09/2022,2024-07-29,United States,North America,Premium,17.36,Mobile,0,no,1,15,Paid Search,No,FALSE,Apple Pay,13-17,Drama
SUB101182,CUST21182,2025-09-01,2025-10-08,United States,North America,Premium,$19.15,Tablet,35.9,No,0,5,Email Campaign,,No,PayPal,18-24,Documentary
SUB100749,CUST20749,2024-06-13,,United States,North America,Basic,10.58,Desktop,41.6,,0,0,Email Campaign,FALSE,Yes,Credit Card,25-34,Anime
SUB101238,CUST21238,08/06/2022,2023-11-16,India,Asia Pacific,Standard,14.97,Desktop,21,N,0,-5,Paid Search,FALSE,N,Gift Card,25-34,Sci-Fi
SUB100949,CUST20949,17 Feb 2022,2023-07-14,Italy,Europe,Premium,19.43,Laptop,43.7,No,0,15,Paid Search,No,FALSE,Google Pay,55-64,Reality TV
SUB100928,CUST20928,2025-09-18,"August 01, 2026",spain,,Standard,$14.18,Tablet,480.8,No,1,6,Paid Search,TRUE,N,Gift Card,55-64,Comedy
SUB101712,CUST21712,2026-07-28,20-07-2026,Deutschland,Europe,Standard,$13.54,tablet,57.1,No,3,,Affiliate,No,FALSE,Debit Card,35-44,Romance
SUB101675,CUST21675,2026-05-04,04/05/2026,United States,North America,Standard,14.14,Smart TV,29.9,No,0,2,Referral,,,Debit Card,55-64,Thriller
SUB102677,CUST20077,03/31/2022,2022-04-22,Germany,Europe,Standard,15.92,Mobile,6.5,No,1,1,Organic,Yes,Y,Apple Pay,35-44,Thriller
SUB102153,CUST22153,07/12/2021,2022-08-09,India,Asia Pacific,Free Trial,2.2,Mobile,11.2,No,0,9,Email Campaign,No,N,Debit Card,18-24,Comedy
SUB100021,CUST20021,2021-06-15,11/16/2021,United States,North America,Standard,14.88,Game Console,45.9,No,0,8,Affiliate,,Y,Gift Card,25-34,Sci-Fi
SUB100869,CUST20869,05/07/2023,06-04-2024,Australia,Asia Pacific,Standard,13.3,Console,41.3,No,2,-5,Social Media,0,No,Gift Card,45-54,Drama
SUB102691,CUST20091,07/19/2022,07/05/2023,Canada,North America,Standard,13.68,Mobile,10.8,No,0,-5,Social Media,Yes,N,Gift Card,25-34,Kids & Family
SUB100122,CUST20122,06/03/2021,2023-01-05,India,Asia Pacific,Standard,12.23,Tablet,77.6,0,0,15,Social Media,0,Yes,Gift Card,35-44,Comedy
SUB100635,CUST20635,02/22/2021,2022-02-18,United States,North America,Std,14.44,Game Console,22.5,No,2,4,Paid Search,TRUE,Y,Debit Card,65+,Sci-Fi
SUB100200,CUST20200,2024-03-13,2024-09-12,United States,North America,Std,13.77,Desktop,38.9,No,2,10,Referral,,Y,PayPal,25-34,Romance
SUB101674,CUST21674,09-03-2023,10/16/2023,Canada,North America,Standard,13.65,SmartTV,41.1,No,0,15,Email Campaign,0,TRUE,PayPal,13-17,Romance
SUB100704,CUST20704,2021-10-09,2022-11-17,United States,North America,Basic,11.67,Tablet,3.6,No,0,6,Referral,FALSE,Y,Google Pay,45-54,Action
SUB101768,CUST21768,2023-04-30,2023-12-30,United Kingdom,Europe,Std,$13.74,tablet,43.2,,2,5,Social Media,1,N,Google Pay,25-34,Drama
SUB102643,CUST20043,21 Apr 2021,2023-07-09,Canada,North America,Basic,7.16,Mobile,21.9,,0,3,Organic,,N,Google Pay,,Romance
SUB102752,CUST20152,"December 16, 2025",09/18/2027,United States,North America,Std,14.44,Mobile,47,,0,10,Referral,FALSE,TRUE,Debit Card,18-24,Thriller
SUB100745,CUST20745,05/16/2026,04/23/2027,Germany,Europe,Basic,8.57,Smart TV,12.9,No,0,9,Social Media,FALSE,N,Credit Card,18-24,Kids & Family
SUB101628,CUST21628,,04/18/2023,Japan,Asia Pacific,standard,12.63,Mobile,54.2,No,0,0,Affiliate,,Y,Debit Card,25-34,Comedy
SUB100037,CUST20037,2023-03-02,2023-08-04,United States,North America,premium,$18.89,iPad,44.9,,0,7,Organic,No,No,Google Pay,25-34,Reality TV
SUB100305,CUST20305,09-10-2024,"October 10, 2026",United States,North America,Premium,18.75,Game Console,39.7,No,0,5,Referral,FALSE,N,Google Pay,45-54,Reality TV
SUB101050,CUST21050,19 Feb 2021,2022-11-24,united states,North America,Standard,15.08,Game Console,39,No,0,3,Email Campaign,0,N,Google Pay,13-17,Thriller
SUB100522,CUST20522,07/22/2021,2022-09-17,United States,North America,Basic,8.34,SmartTV,45.9,N,1,5,Email Campaign,FALSE,Yes,Gift Card,65+,Action
SUB100019,CUST20019,05 Jun 2024,14 Sep 2025,United States,North America,Basic,8.85,Tablet,18.2,No,0,3,Organic,TRUE,FALSE,Credit Card,65+,Comedy
SUB100665,CUST20665,07/06/2024,12/07/2025,Deutschland,Europe,Basic,9.31,Tablet,43.2,No,0,5,Organic,FALSE,,Credit Card,13-17,Kids & Family
SUB100274,CUST20274,"July 25, 2024",2026-12-02,United Kingdom,Europe,Standard,14.84,Tablet,48.3,No,1,,Referral,FALSE,TRUE,Credit Card,25-34,Reality TV
SUB101671,CUST21671,02/27/2024,,United States,North America,Basic,-6.28,Mobile,39.3,No,4,7,Referral,Yes,No,Debit Card,25-34,Action
SUB101655,CUST21655,2022-05-25,,United Kingdom,Europe,Standard,13.68,Phone,35.4,No,0,,Paid Search,TRUE,Y,Apple Pay,,Anime
SUB100047,CUST20047,2024-11-06,,Italy,Europe,Premium,19.48,iPad,33.4,No,0,2,Paid Search,No,TRUE,Google Pay,65+,Reality TV
SUB101164,CUST21164,04/17/2025,2027-05-07,U.S.A,North America,Basic,10.77 USD,Smart TV,31.2,1,0,8,Organic,No,Y,Apple Pay,45-54,Romance
SUB101146,CUST21146,09/02/2022,07 Jun 2023,United States,North America,Free Trial,0.44,Smart TV,25.1,,1,1,Email Campaign,1,No,Apple Pay,25-34,Action
SUB100613,CUST20613,2023-05-02,,United States,North America,Basic,9.67,SmartTV,24,No,1,15,Social Media,No,TRUE,Credit Card,25-34,Comedy
SUB101454,CUST21454,17-10-2022,2023-02-02,Mexico,North America,Free Trial,-0.81,Game Console,53,No,0,0,Organic,TRUE,Y,Gift Card,25-34,Thriller
SUB102387,CUST22387,"August 07, 2023",06/17/2025,México,North America,basic,7.4,Smart TV,74.5,No,0,-5,Affiliate,FALSE,,Debit Card,35-44,Sci-Fi
SUB100486,CUST20486,2026-07-20,08 Aug 2027,Australia,Asia Pacific,Basic,9.73,Tablet,15,Yes,0,3,Referral,FALSE,,Debit Card,45-54,Sci-Fi
SUB102394,CUST22394,18-10-2021,"August 07, 2023",Mexico,North America,basic,7.34,Tablet,25.6,No,2,1,Paid Search,0,FALSE,Credit Card,35-44,Anime
SUB102367,CUST22367,05 Apr 2021,12/17/2022,Italy,Europe,Standard,14.43,Smart TV,15.2,No,0,8,Affiliate,1,Y,Gift Card,35-44,Thriller
SUB102175,CUST22175,2022-01-03,2022-05-23,Brasil,Latin America,Standard,15.04,Game Console,0,0,1,-5,Affiliate,No,Yes,Gift Card,35-44,Documentary
SUB102952,CUST20352,2023-08-24,"May 03, 2024",INDIA,Asia Pacific,Basic,10,Mobile,17.2,No,2,3,Organic,FALSE,No,PayPal,65+,Comedy
SUB100523,CUST20523,22-12-2022,25-06-2024,Japan,Asia Pacific,Free Trial,-1.15,Smart TV,43.8,Yes,1,-5,Referral,,Yes,Gift Card,65+,Action
SUB102039,CUST22039,20-01-2026,02 Jun 2028,France,Europe,free trial,0.21,PC,19.4,Y,3,10,Email Campaign,TRUE,Yes,Debit Card,18-24,Romance
SUB101095,CUST21095,2021-07-07,10-07-2023,India,Asia Pacific,Std,14.1,Game Console,47.1,Yes,0,4,Referral,FALSE,Yes,Apple Pay,65+,Documentary
SUB102250,CUST22250,2021-07-12,09/09/2023,India,Asia Pacific,Standard,15.71,Tablet,53.2,Yes,0,6,Social Media,No,N,Google Pay,45-54,Sci-Fi
SUB102896,CUST20296,2024-07-17,27 Oct 2025,India,Asia Pacific,Basic,8.02,Smart TV,31.5,No,0,6,Organic,,TRUE,PayPal,18-24,Action
SUB100079,CUST20079,11-12-2022,2024-10-12,United States,North America,Basic,9.15,Mobile,54.7,,0,4,Email Campaign,FALSE,,Gift Card,65+,Action
SUB102969,CUST20369,2026-03-27,2027-08-23,INDIA,Asia Pacific,Free Trial,-0.9,Desktop,65,Yes,0,15,Referral,,FALSE,Debit Card,55-64,Sci-Fi
SUB101199,CUST21199,08-05-2022,2022-06-16,United States,North America,Standard,11.95,Desktop,6.2,No,0,-5,Affiliate,TRUE,FALSE,Debit Card,45-54,Drama
SUB102176,CUST22176,2022-08-06,12/08/2023,United States,North America,Standard,12.17,Smart TV,32.4,No,1,-5,Organic,FALSE,Y,Gift Card,35-44,Drama
SUB101494,CUST21494,2023-08-21,2024-04-03,United States,North America,Standard,13.43,Smart TV,0,No,0,9,Paid Search,,TRUE,PayPal,25-34,Action
SUB101274,CUST21274,2024-02-22,,Canada,North America,Basic,10.58,Game Console,68.6,Yes,0,15,Affiliate,No,FALSE,Gift Card,35-44,Drama
SUB101261,CUST21261,05/10/2026,2028-07-18,United States,North America,Premium,18.95,Game Console,2.6,no,0,3,Social Media,Yes,,Debit Card,45-54,Drama
SUB101990,CUST21990,08/09/2024,10-06-2026,United Kingdom,Europe,Std,14.32,Game Console,79.8,,0,9,Social Media,0,N,Debit Card,18-24,Kids & Family
SUB102849,CUST20249,10 Sep 2023,2025-03-11,United States,North America,Premium,17.85,Smart TV,,No,0,10,Referral,0,N,Google Pay,65+,Drama
SUB102434,CUST22434,2024-02-17,2024-10-01,Australia,Asia Pacific,Basic,8.46,Desktop,0,No,1,3,Referral,Yes,TRUE,PayPal,35-44,Comedy
SUB102193,CUST22193,2021-08-27,01/29/2024,Canada,North America,Basic,9.89,tablet,20,No,0,,Affiliate,FALSE,FALSE,Apple Pay,45-54,Romance
SUB101938,CUST21938,25-06-2021,11 Jun 2023,United Kingdom,Europe,Standard,13.23,PC,41.4,,1,,Referral,FALSE,Yes,Credit Card,45-54,Romance
SUB101218,CUST21218,2021-08-02,2023-10-02,Spain,Europe,Premium,19.35,Tablet,26.9,,0,1,Affiliate,FALSE,N,Gift Card,13-17,Thriller
SUB100505,CUST20505,2024-08-25,07-11-2024,India,Asia Pacific,Free Trial,-0.6,desktop,1.9,No,2,6,Affiliate,,,Google Pay,45-54,Kids & Family
SUB102926,CUST20326,10/10/2024,11/20/2025,Australia,Asia Pacific,Basic,9.02,Smart TV,30.7,Yes,1,8,Email Campaign,FALSE,Yes,Credit Card,55-64,Action
SUB102288,CUST22288,2023-08-03,05/11/2025,United States,North America,Premium,20.22,Mobile,13.8,No,0,2,Organic,1,TRUE,Debit Card,35-44,Drama
SUB102315,CUST22315,2025-03-07,06/11/2027,India,,Free Trial,-1.13,Desktop,2.5,No,0,1,Organic,TRUE,Y,Gift Card,35-44,Reality TV
SUB101441,CUST21441,"December 15, 2021",2024-04-09,France,Europe,Standard,12.95,Game Console,51.2,Y,1,4,Referral,TRUE,No,Debit Card,13-17,Reality TV
SUB100543,CUST20543,07/31/2023,07/27/2025,Canada,North America,BASIC,9.77,Mobile,29.5,No,0,3,Email Campaign,,No,Apple Pay,18-24,Documentary
SUB102801,CUST20201,2021-09-05,2022-09-23,India,Asia Pacific,Basic,9.82,Desktop,70,No,3,3,Paid Search,No,No,Google Pay,65+,Comedy
SUB102937,CUST20337,2025-06-05,03-09-2027,U.K.,Europe,Standard,14.06,Game Console,37.8,No,2,15,Referral,FALSE,Y,Google Pay,,Anime
SUB100538,CUST20538,19-09-2024,30-11-2024,USA,North America,Premium,-19.29,Desktop,63.7,No,2,5,Organic,1,TRUE,Debit Card,45-54,Kids & Family
SUB101334,CUST21334,05/13/2024,12-01-2025,France,Europe,Basic,10.18,Desktop,21.2,Yes,1,3,Social Media,Yes,Yes,Debit Card,45-54,Kids & Family
SUB102648,CUST20048,2022-07-20,26 Aug 2024,France,Europe,Free Trial,0.48,Mobile,41.1,,0,3,Referral,FALSE,No,PayPal,35-44,Comedy
SUB102116,CUST22116,"December 30, 2021",14-10-2023,india,Asia Pacific,BASIC,10.17,Mobile,0.3,No,2,2,Paid Search,Yes,N,PayPal,25-34,Kids & Family
SUB101686,CUST21686,07-03-2024,09-06-2024,Italy,Europe,Premium,17.92,TV,,No,1,3,Email Campaign,TRUE,Y,Google Pay,65+,Drama
SUB100753,CUST20753,2023-10-24,11/02/2024,spain,Europe,Std,14.07,mobile,46,,0,6,Referral,TRUE,No,Google Pay,35-44,Thriller
SUB100244,CUST20244,25 Mar 2021,05-07-2021,India,Asia Pacific,Standard,12.97,Game Console,48.3,,0,1,Organic,TRUE,N,Google Pay,18-24,Sci-Fi
SUB102301,CUST22301,2021-08-17,2022-11-04,united kingdom,Europe,Free Trial,$-1.88,console,17.1,No,0,15,Social Media,FALSE,,Apple Pay,55-64,Comedy
SUB101342,CUST21342,05/05/2025,16-07-2027,United Kingdom,Europe,Std,14.46,Tablet,17.8,Yes,0,0,Organic,FALSE,,Credit Card,25-34,Drama
SUB102211,CUST22211,2023-06-08,13-01-2024,germany,Europe,Free Trial,1.68,Tablet,,,1,5,Referral,,,Gift Card,55-64,Comedy
SUB102170,CUST22170,"March 24, 2026",31 Oct 2027,U.S.A,North America,Free Trial,-2.62,Game Console,54.4,,1,-5,Referral,No,FALSE,Credit Card,13-17,Documentary
SUB102885,CUST20285,2023-08-22,24-05-2024,United States,North America,standard,14.55,Game Console,46.4,No,0,5,Referral,0,,Apple Pay,25-34,Reality TV
SUB102621,CUST20021,08/11/2023,07-05-2024,United Kingdom,Europe,Standard,13.42,Tablet,26.2,No,0,-5,Social Media,Yes,Y,Debit Card,35-44,Comedy
SUB102520,CUST22520,2022-10-25,"November 10, 2023",United States,North America,Free Trial,-0.33,desktop,,No,2,9,Paid Search,TRUE,TRUE,Debit Card,55-64,Comedy
SUB101756,CUST21756,07/16/2026,03/08/2028,Australia,Asia Pacific,Basic,$10.56,Tablet,42,,1,5,Social Media,No,N,Google Pay,35-44,Romance
SUB100289,CUST20289,2022-05-20,2024-04-12,Australia,Asia Pacific,Basic,8.69,Mobile,42.3,Yes,0,,Referral,FALSE,FALSE,Apple Pay,25-34,Drama
SUB100894,CUST20894,01/24/2023,24-11-2023,Canada,North America,Free Trial,,Mobile,32,No,0,0,Email Campaign,TRUE,No,Gift Card,65+,Reality TV
SUB102989,CUST20389,30-10-2022,08/05/2024,australia,Asia Pacific,Premium,19.87,Game Console,0.8,,2,10,Email Campaign,FALSE,FALSE,Gift Card,55-64,Reality TV
SUB101664,CUST21664,25 Jun 2025,2027-03-02,United States,North America,Standard,14.2,Tablet,45.8,Yes,0,-5,Referral,FALSE,Yes,PayPal,25-34,Sci-Fi
SUB100003,CUST20003,24-07-2022,05/04/2024,japan,Asia Pacific,Free Trial,-2.34,Tablet,9,No,0,-5,Affiliate,FALSE,,Debit Card,65+,Drama
SUB102132,CUST22132,2025-11-23,2027-07-14,USA,North America,Basic,-8.17,Game Console,32.4,No,2,5,Email Campaign,No,Yes,Gift Card,65+,Thriller
SUB100568,CUST20568,2024-06-22,2024-06-04,Germany,Europe,FreeTrial,-0.11,Mobile,35.1,No,1,2,Referral,TRUE,Yes,Credit Card,25-34,Action
SUB101068,CUST21068,2023-04-12,2023-08-14,Brazil,Latin America,FreeTrial,-0.44,Desktop,37.5,No,1,15,Affiliate,No,Yes,Google Pay,65+,Anime
SUB100400,CUST20400,22 Jul 2024,2026-07-10,United States,North America,Premium,18.69,Tablet,41.9,N,0,1,Affiliate,TRUE,,Apple Pay,55-64,Sci-Fi
SUB100181,CUST20181,10/28/2023,"October 10, 2024",Canada,North America,Basic,10.19,Mobile,13.8,N,2,9,Affiliate,Yes,No,Credit Card,25-34,Comedy
SUB100147,CUST20147,09 Feb 2021,2021-09-26,United Kingdom,Europe,Basic,8.71,Tablet,38.5,No,0,15,Email Campaign,TRUE,No,Credit Card,13-17,Thriller
SUB100630,CUST20630,02-08-2023,2025-06-09,Brazil,Latin America,basic,8.45,smart tv,34,No,1,-5,Email Campaign,1,FALSE,Gift Card,65+,Action
SUB100761,CUST20761,"November 17, 2021",23-11-2022,Mexico,North America,Standard,13.79,Smart TV,0,,1,8,Social Media,1,Yes,Google Pay,55-64,Drama
SUB100402,CUST20402,18-09-2025,"January 05, 2028",United States,North America,BASIC,10.31,Smart TV,32.4,No,1,8,Email Campaign,FALSE,,Debit Card,25-34,Reality TV
SUB100414,CUST20414,2023-08-17,02/25/2024,United States,North America,Basic,5.78,Desktop,42.9,No,0,5,Affiliate,Yes,TRUE,Apple Pay,35-44,Documentary
SUB101105,CUST21105,2021-09-20,23-05-2022,Spain,Europe,BASIC,9.09,Tablet,19.1,No,1,,Organic,0,TRUE,Google Pay,65+,Thriller
SUB100860,CUST20860,26 May 2025,,France,Europe,premium,19.35,Smart TV,426.2,No,2,4,Organic,TRUE,N,Apple Pay,35-44,Sci-Fi
SUB100607,CUST20607,16-09-2021,26-09-2023,Japan,Asia Pacific,Basic,6.29,Tablet,11.1,No,0,6,Email Campaign,FALSE,TRUE,Credit Card,35-44,Documentary
SUB100173,CUST20173,10-08-2024,03/14/2025,Canada,North America,Basic,8.28,Game Console,46.8,No,1,6,Affiliate,FALSE,No,Apple Pay,55-64,Reality TV
SUB100668,CUST20668,,25 Sep 2022,United Kingdom,Europe,Premium,19.73,Smart TV,19,No,0,6,Referral,FALSE,,Debit Card,25-34,Kids & Family
SUB102103,CUST22103,2021-04-11,02 Jul 2022,United States,North America,Basic,10.08,Console,58.2,No,1,10,Referral,FALSE,FALSE,Debit Card,45-54,Drama
SUB100228,CUST20228,19-07-2021,2022-01-15,India,Asia Pacific,Standard,15.28,Game Console,18.1,No,0,6,Paid Search,Yes,TRUE,Debit Card,35-44,Reality TV
SUB102774,CUST20174,16-06-2021,2022-03-14,USA,North America,Basic,8.31,Game Console,50.7,0,0,0,Social Media,TRUE,No,Gift Card,45-54,Action
SUB100476,CUST20476,2021-06-14,02/10/2022,United States,North America,Basic,7.6,Smart TV,20.8,No,0,5,Organic,Yes,N,Google Pay,13-17,Thriller
SUB102183,CUST22183,20 Mar 2024,11 Jul 2025,United Kingdom,Europe,Free Trial,1.54,mobile,13.5,0,0,4,Organic,0,,Debit Card,55-64,Reality TV
SUB100488,CUST20488,04/05/2022,12/20/2023,canada,,Standard,13.5,Game Console,6.7,,1,,Organic,FALSE,N,Apple Pay,18-24,Action
SUB101600,CUST21600,2023-02-13,09/20/2024,canada,North America,Free Trial,1.2,Tablet,63.5,No,2,7,Referral,Yes,TRUE,Apple Pay,55-64,Romance
SUB100643,CUST20643,2022-04-08,,India,Asia Pacific,Basic,9.98,Smart TV,38.4,No,0,8,Paid Search,0,No,Credit Card,18-24,Drama
SUB100302,CUST20302,16-06-2026,2027-08-19,Mexico,North America,Basic,8.23,Game Console,45.8,yes,1,5,Affiliate,1,,Google Pay,25-34,Thriller
SUB100576,CUST20576,,"May 19, 2027",france,Europe,Free Trial,0.84,Tablet,37.2,,2,7,Email Campaign,,Y,PayPal,35-44,Drama
SUB102860,CUST20260,14-11-2024,12/17/2025,United States,North America,Basic,11.88,Desktop,46.3,No,2,4,Referral,1,TRUE,Debit Card,45-54,Romance
SUB102151,CUST22151,16-09-2023,2023-12-03,India,Asia Pacific,Trial,1.25,TV,44.4,0,2,,Social Media,1,Y,PayPal,13-17,Comedy
SUB101226,CUST21226,2022-04-06,,Brasil,Latin America,basic,8.46,Desktop,61.5,No,1,4,Organic,FALSE,TRUE,Apple Pay,13-17,Action
SUB101005,CUST21005,09/04/2023,10/30/2023,United States,,Premium,19.04 USD,Smart TV,,Yes,0,-5,Organic,FALSE,No,Debit Card,18-24,Action
SUB100204,CUST20204,03/22/2025,2026-11-01,France,Europe,free trial,-2.39,Tablet,9.1,Yes,0,1,Social Media,TRUE,,Gift Card,45-54,Documentary
SUB100412,CUST20412,2022-04-09,2022-07-08,United States,North America,Free Trial,0.03,Tablet,35.6,,1,0,Social Media,TRUE,Y,Apple Pay,18-24,Romance
SUB100259,CUST20259,"February 01, 2025",2025-06-23,Brazil,Latin America,Basic,10.07,Tablet,67.6,,0,8,Email Campaign,FALSE,,Apple Pay,18-24,Documentary
SUB102870,CUST20270,2024-09-19,09/11/2025,United States,North America,Premium,$19.66,mobile,4.3,yes,0,,Social Media,TRUE,Yes,PayPal,55-64,Drama
SUB101711,CUST21711,2024-10-26,2024-12-29,Australia,Asia Pacific,Free Trial,0.06,Game Console,36.3,,0,5,Affiliate,No,TRUE,Debit Card,25-34,Comedy
SUB100792,CUST20792,07 Jun 2024,12/18/2024,Australia,Asia Pacific,Premium,19.44,Mobile,7.3,No,1,-5,Referral,FALSE,N,Debit Card,25-34,Anime
SUB100531,CUST20531,2021-05-02,2021-08-07,United States,North America,Standard,13.22,Game Console,,No,1,,Paid Search,0,FALSE,Google Pay,45-54,Romance
SUB102113,CUST22113,20-12-2022,08/10/2023,United Kingdom,Europe,Free Trial,1.76,Mobile,29.6,No,1,1,Paid Search,1,Y,Google Pay,25-34,Comedy
SUB102587,CUST22587,"February 16, 2021",12/25/2021,U.S.A,North America,Standard,12.39,Smart TV,42.6,No,1,8,Affiliate,TRUE,FALSE,Google Pay,25-34,Documentary
SUB102483,CUST22483,2025-07-08,21-01-2026,Germany,Europe,Basic,7.92,Desktop,29.8,No,1,10,Paid Search,TRUE,,Gift Card,65+,Reality TV
SUB102433,CUST22433,11-12-2023,08/30/2024,United States,North America,Standard,15.5,Desktop,41.2,,1,-5,Email Campaign,FALSE,FALSE,Apple Pay,35-44,Comedy
SUB102578,CUST22578,2025-11-05,12/09/2027,United States,North America,Premium,20.6,Smart TV,41.6,No,1,,Paid Search,,TRUE,Google Pay,25-34,Reality TV
SUB100966,CUST20966,14 Oct 2021,01/25/2024,Mexico,North America,Standard,11.37,smart tv,27.4,No,1,,Organic,0,TRUE,Google Pay,65+,Sci-Fi
SUB102392,CUST22392,22-04-2024,07/31/2026,Germany,Europe,FreeTrial,-2.83,TV,72.6,no,1,5,Social Media,FALSE,No,PayPal,35-44,Drama
SUB100834,CUST20834,04/16/2021,30-10-2021,Canada,North America,basic,8.72,Game Console,2.7,Yes,2,0,Social Media,No,No,Gift Card,35-44,Action
SUB102613,CUST20013,"March 14, 2025",2026-03-08,India,Asia Pacific,Basic,10.07,Desktop,44.9,1,0,-5,Organic,TRUE,,Google Pay,45-54,Reality TV
SUB102557,CUST22557,05/15/2025,2026-07-15,United Kingdom,Europe,Basic,8.99,Game Console,471.9,No,0,0,Referral,1,Y,Credit Card,13-17,Drama
SUB100551,CUST20551,2025-07-08,"December 07, 2027",United States,North America,Free Trial,-1.32,Mobile,49,Yes,0,1,Referral,0,Y,Apple Pay,45-54,Kids & Family
SUB102331,CUST22331,04 Aug 2024,03 Aug 2026,India,Asia Pacific,Basic,9.34,Mobile,40.3,Yes,0,-5,Paid Search,1,TRUE,Apple Pay,25-34,Drama
SUB102499,CUST22499,06-11-2022,2024-10-18,India,Asia Pacific,Premium,,tablet,60,,0,10,Paid Search,Yes,,Gift Card,35-44,Kids & Family
SUB101405,CUST21405,,03-04-2022,Germany,Europe,Premium,20,Game Console,32.7,No,1,6,Email Campaign,TRUE,N,PayPal,55-64,Romance
SUB102757,CUST20157,2021-11-08,2024-03-01,United Kingdom,Europe,Basic,8.8,Game Console,46.2,No,0,8,Email Campaign,0,No,PayPal,35-44,Comedy
SUB102514,CUST22514,,2025-04-13,Canada,North America,free trial,0.96,Smart TV,15.5,No,1,10,Email Campaign,1,N,Gift Card,45-54,Action
SUB100804,CUST20804,2023-02-27,14-11-2024,France,Europe,premium,20.08,Game Console,21.4,No,0,9,Social Media,TRUE,Yes,Apple Pay,13-17,Kids & Family
SUB101815,CUST21815,18-06-2024,"June 10, 2026",U.S.A,North America,Standard,14.05,Game Console,63.6,No,1,5,Organic,0,FALSE,Google Pay,35-44,Reality TV
SUB102068,CUST22068,16-05-2021,03/29/2022,United States,North America,Premium,20.54,SmartTV,8.4,No,0,,Paid Search,,TRUE,Debit Card,18-24,Reality TV
SUB102165,CUST22165,30 Sep 2021,05/23/2023,india,Asia Pacific,Standard,12.76,Tablet,20,,0,10,Email Campaign,FALSE,No,Debit Card,45-54,Comedy
SUB100388,CUST20388,11-08-2022,2023-01-17,Canada,North America,Standard,14.47,Mobile,36.2,No,0,6,Affiliate,Yes,,Gift Card,18-24,Documentary
SUB102028,CUST22028,2021-03-23,10/02/2021,japan,Asia Pacific,Trial,-0.47,Tablet,24.8,,0,1,Referral,,Y,Credit Card,13-17,Sci-Fi
SUB102414,CUST22414,06/04/2022,28 Feb 2024,Germany,Europe,Standard,13.72,Desktop,3.1,Yes,1,8,Email Campaign,0,Yes,Credit Card,13-17,Sci-Fi
SUB101458,CUST21458,2022-09-21,18-11-2022,united states,North America,Basic,10.26,Tablet,19.9,Y,0,2,Social Media,No,N,Apple Pay,13-17,Comedy
SUB102761,CUST20161,08/18/2022,2024-01-19,Japan,Asia Pacific,Standard,$12.38,Tablet,67.5,No,0,,Referral,0,N,Google Pay,25-34,Comedy
SUB102895,CUST20295,01/27/2022,09/04/2023,Mexico,North America,Standard,14.24,SmartTV,39,,0,0,Organic,1,TRUE,Credit Card,18-24,Reality TV
SUB102415,CUST22415,2023-11-21,"May 26, 2025",United States,North America,Premium,20.7,Tablet,48.3,No,1,4,Referral,TRUE,No,Credit Card,55-64,Action
SUB102190,CUST22190,23-10-2024,22-03-2026,united states,North America,free trial,-0.64,Game Console,39.9,N,2,5,Organic,TRUE,No,Debit Card,45-54,Reality TV
SUB102565,CUST22565,17-05-2021,2021-08-07,united states,North America,Basic,8.15,Desktop,0,No,0,7,Affiliate,TRUE,Y,Google Pay,35-44,Documentary
SUB102426,CUST22426,05/24/2026,"July 25, 2028",Mexico,North America,Free Trial,-0.33 USD,Mobile,43.8,yes,0,3,Social Media,1,No,PayPal,18-24,Sci-Fi
SUB102013,CUST22013,11/08/2023,2025-07-07,United States,North America,Premium,19.78,Smart TV,36.2,No,0,7,Referral,0,Yes,Debit Card,35-44,Romance
SUB102461,CUST22461,2025-05-19,2026-07-24,India,Asia Pacific,Premium,22.47,Smart TV,36.6,Yes,0,-5,Referral,FALSE,No,Credit Card,35-44,Sci-Fi
SUB102019,CUST22019,"April 27, 2022",2022-09-12,U.S.A,North America,Premium,$20.28,Game Console,56.3,,1,10,Email Campaign,0,N,Credit Card,65+,Anime
SUB101436,CUST21436,2022-05-04,,United States,North America,Premium,19.51,iPad,28.4,No,1,7,Email Campaign,TRUE,TRUE,Gift Card,25-34,Action
SUB100703,CUST20703,17-07-2023,2024-05-31,Spain,,Standard,14.61,Smart TV,26.6,No,0,2,Social Media,FALSE,FALSE,PayPal,45-54,Reality TV
SUB101297,CUST21297,2024-12-19,01/27/2027,Deutschland,Europe,Basic,9.98,desktop,8.4,Y,1,5,Referral,Yes,TRUE,Apple Pay,18-24,Drama
SUB100780,CUST20780,24 Jul 2022,2023-10-10,United States,North America,Basic,8.23,TV,11.7,No,0,0,Referral,TRUE,TRUE,Apple Pay,35-44,Documentary
SUB100676,CUST20676,"November 03, 2021",2022-03-15,France,Europe,Basic,9.55,Tablet,27.5,No,0,3,Social Media,No,N,Debit Card,65+,Drama
SUB100422,CUST20422,2025-05-28,04/09/2027,U.S.A,North America,Basic,9.43,SmartTV,98.6,No,1,3,Referral,FALSE,Yes,Apple Pay,45-54,Thriller
SUB102794,CUST20194,2024-09-19,2025-01-18,Germany,Europe,Free Trial,-5.27,Game Console,48.5,No,0,5,Email Campaign,TRUE,,Credit Card,18-24,Anime
SUB101932,CUST21932,2023-04-19,,United Kingdom,Europe,Standard,12.81,Game Console,26.7,No,1,7,Paid Search,FALSE,FALSE,PayPal,13-17,Reality TV
SUB102570,CUST22570,2025-10-25,2026-03-30,Brazil,Latin America,Basic,8.76,Mobile,77.3,No,0,8,Affiliate,1,N,Debit Card,25-34,Reality TV
SUB102777,CUST20177,2021-12-01,,Italy,Europe,premium,21.11,Desktop,42.9,No,0,-5,Affiliate,0,FALSE,Apple Pay,55-64,Documentary
SUB100611,CUST20611,04/02/2022,2022-12-29,United States,North America,Standard,14.62,Game Console,49.6,,1,4,Paid Search,1,Y,PayPal,45-54,Thriller
SUB101315,CUST21315,01/17/2023,03 Jan 2025,United States,North America,standard,15.73,Tablet,31.9,No,0,8,Social Media,Yes,,Gift Card,18-24,Kids & Family
SUB100038,CUST20038,22-11-2025,28 Dec 2025,United Kingdom,Europe,Standard,14.16,Tablet,48.8,No,0,1,Referral,FALSE,FALSE,PayPal,18-24,Documentary
SUB100475,CUST20475,2021-12-02,,Spain,Europe,Standard,14.53,Mobile,44.6,No,1,9,Organic,TRUE,TRUE,Gift Card,13-17,Action
SUB101992,CUST21992,02-02-2024,2025-06-19,France,Europe,Std,$13.61,SmartTV,44.4,Y,1,8,Referral,TRUE,N,Google Pay,45-54,Reality TV
SUB102475,CUST22475,03-07-2025,06/11/2026,United States,North America,Free Trial,2.28,Game Console,6.2,No,0,9,Paid Search,,TRUE,Debit Card,13-17,Drama
SUB101404,CUST21404,08-09-2024,14 Nov 2026,México,North America,basic,9.8,Game Console,14.4,Yes,0,7,Paid Search,No,Yes,PayPal,65+,Sci-Fi
SUB101883,CUST21883,2021-02-22,"November 11, 2021",INDIA,Asia Pacific,PREMIUM,19.59,Mobile,35.9,Yes,1,15,Paid Search,FALSE,TRUE,Google Pay,25-34,Drama
SUB101778,CUST21778,04/09/2025,2026-03-20,United States,North America,basic,-9.4,Console,38.7,1,0,8,Organic,0,N,Debit Card,55-64,Reality TV
SUB100634,CUST20634,"February 19, 2025",2026-06-05,Canada,North America,Standard,15.73,Mobile,,no,0,-5,Organic,TRUE,FALSE,Credit Card,45-54,Romance
SUB100145,CUST20145,"September 26, 2023","July 03, 2025",U.K.,Europe,Premium,19.69,Mobile,38.1,No,0,,Organic,TRUE,No,Credit Card,18-24,Romance
SUB102933,CUST20333,26-04-2022,2023-03-11,United States,North America,free trial,0.86,Phone,62.3,No,1,15,Organic,TRUE,FALSE,Credit Card,13-17,Action
SUB102920,CUST20320,06/14/2026,06/20/2027,United States,North America,Free Trial,-0.43,Desktop,34,No,0,4,Email Campaign,FALSE,N,Debit Card,35-44,Comedy
SUB102454,CUST22454,21 Dec 2024,23-01-2027,United States,North America,Basic,9.43,TV,24.6,,1,15,Paid Search,Yes,N,Gift Card,35-44,Action
SUB102507,CUST22507,2026-07-19,02-03-2028,Spain,Europe,standard,12.73,Desktop,,No,0,7,Paid Search,TRUE,FALSE,Debit Card,18-24,Action
SUB100383,CUST20383,2023-05-25,,United States,North America,Basic,8.32,Desktop,9.4,No,0,1,Affiliate,TRUE,Y,Debit Card,45-54,Romance
SUB101074,CUST21074,"March 10, 2024",2024-06-13,United States,North America,standard,13.36,Mobile,16.1,No,1,,Social Media,FALSE,FALSE,Apple Pay,25-34,Thriller
SUB102631,CUST20031,18-11-2022,04-06-2024,AUS,Asia Pacific,Standard,13.94,PC,47.4,no,0,3,Referral,FALSE,Y,Google Pay,45-54,Romance
SUB102997,CUST20397,2021-03-06,2022-02-28,spain,,Free Trial,-0.36,Desktop,45.9,,0,9,Affiliate,No,Y,Credit Card,55-64,Romance
SUB101140,CUST21140,"May 23, 2021",07/18/2021,United States,North America,Premium,21.43,Tablet,26.5,No,0,6,Email Campaign,TRUE,TRUE,Debit Card,18-24,Documentary
SUB102627,CUST20027,2022-01-07,"February 16, 2022",Brazil,Latin America,Free Trial,2.12,Smart TV,44.6,No,0,-5,Referral,1,TRUE,Debit Card,35-44,Documentary
SUB102467,CUST22467,07/08/2024,06/22/2025,France,Europe,PREMIUM,18.66,Tablet,28.3,No,0,15,Organic,TRUE,Y,Google Pay,13-17,Thriller
SUB102319,CUST22319,07/31/2024,07-12-2026,United States,North America,Std,14.94,Mobile,72.1,Yes,1,4,Social Media,,TRUE,Google Pay,45-54,Thriller
SUB101151,CUST21151,"May 02, 2022",10/31/2022,United Kingdom,Europe,basic,9.59,Console,42.3,No,1,7,Referral,,TRUE,Apple Pay,45-54,Kids & Family
SUB100770,CUST20770,2025-02-05,,Germany,Europe,Standard,13.71,TV,0,No,0,-5,Referral,FALSE,Yes,Credit Card,55-64,Comedy
SUB100298,CUST20298,11/17/2021,2023-04-04,Germany,Europe,Basic,8.37,Desktop,51.3,No,2,0,Affiliate,0,Yes,Debit Card,18-24,Kids & Family
SUB102912,CUST20312,2025-08-11,2027-07-01,Australia,Asia Pacific,Basic,7.01,TV,29.3,No,0,3,Organic,No,Y,Gift Card,25-34,Romance
SUB101259,CUST21259,2021-05-02,09/18/2022,Italy,Europe,Basic,9.28,Tablet,,Yes,2,7,Organic,1,TRUE,PayPal,65+,Kids & Family
SUB102674,CUST20074,2021-09-28,"September 12, 2022",United States,North America,Premium,21.82,Mobile,57.9,No,2,-5,Referral,Yes,,Google Pay,18-24,Sci-Fi
SUB101134,CUST21134,2024-03-05,2024-03-17,Spain,Europe,Std,15.47,Tablet,35.3,Yes,1,7,Referral,Yes,TRUE,Google Pay,25-34,Comedy
SUB100005,CUST20005,10 Nov 2021,22-04-2022,INDIA,Asia Pacific,Premium,19.97,mobile,17.9,,3,8,Organic,No,FALSE,Debit Card,55-64,Sci-Fi
SUB102692,CUST20092,2023-10-06,18 Sep 2024,germany,Europe,Premium,21.12,Desktop,11,Yes,0,6,Referral,FALSE,Y,Gift Card,35-44,Comedy
SUB102635,CUST20035,30-09-2024,2025-05-18,United States,North America,Basic,11.15,Mobile,37.7,No,1,-5,Affiliate,FALSE,Yes,PayPal,13-17,Sci-Fi
SUB101180,CUST21180,03/23/2023,23-04-2024,Brazil,Latin America,basic,$10.9,Desktop,27.9,No,1,,Organic,1,,Credit Card,18-24,Thriller
SUB101143,CUST21143,10/26/2022,,Mexico,,Standard,13.38,Mobile,28.9,N,0,7,Social Media,,,Debit Card,13-17,Kids & Family
SUB100102,CUST20102,2024-07-30,"November 18, 2024",France,Europe,Premium,20.76,Game Console,0,Yes,0,-5,Affiliate,,FALSE,Google Pay,35-44,Romance
SUB100437,CUST20437,"September 06, 2024",2024-11-23,United States,North America,Std,11.64,Mobile,34.8,No,0,3,Paid Search,1,Yes,Credit Card,35-44,Anime
SUB101092,CUST21092,2024-05-25,03/09/2025,Brasil,Latin America,Basic,8.77,Smart TV,35.3,,1,3,Referral,Yes,TRUE,Gift Card,13-17,Documentary
SUB100610,CUST20610,03/13/2026,2026-09-30,México,North America,Free Trial,0.94,Game Console,17,No,0,8,Organic,No,FALSE,Gift Card,45-54,Anime
SUB101536,CUST21536,08/15/2025,10 Feb 2026,united states,North America,Standard,15.15,Game Console,59.8,No,0,-5,Referral,1,No,Gift Card,35-44,Action
SUB101310,CUST21310,06/17/2026,,United Kingdom,Europe,Free Trial,1.37,Desktop,59.1,N,2,10,Email Campaign,0,,PayPal,45-54,Action
SUB101155,CUST21155,"March 22, 2022","December 07, 2023",United States,North America,Standard,15.36,Desktop,35.2,No,0,-5,Organic,FALSE,FALSE,Gift Card,13-17,Romance
SUB100732,CUST20732,07/07/2021,15-02-2023,germany,Europe,Premium,$18.28,Mobile,0,N,0,10,Paid Search,0,N,Apple Pay,13-17,Drama
SUB101442,CUST21442,2022-05-11,07/30/2022,France,Europe,Free Trial,-0.67,Desktop,6.9,Yes,3,5,Paid Search,No,,PayPal,18-24,Thriller
SUB100735,CUST20735,12 Jun 2026,,United States,North America,Free Trial,-0.23,Desktop,31.7,,1,6,Social Media,TRUE,No,Google Pay,25-34,Reality TV
SUB102081,CUST22081,01/03/2021,,India,,Premium,20.45,iPad,43,no,1,4,Organic,0,N,Apple Pay,13-17,Thriller
SUB100468,CUST20468,08/14/2025,14-01-2028,United States,North America,Basic,8.88,Game Console,53.8,No,1,10,Paid Search,FALSE,Y,Gift Card,13-17,Romance
SUB102650,CUST20050,05/26/2025,09/21/2026,Mexico,North America,standard,12.72,Game Console,50.9,,1,7,Social Media,No,,PayPal,13-17,Romance
SUB101016,CUST21016,2024-08-01,2025-05-20,Spain,Europe,Premium,19.07 USD,Game Console,7.4,Yes,0,6,Organic,No,Yes,PayPal,13-17,Documentary
SUB101714,CUST21714,01 Jul 2023,12/25/2023,France,Europe,Basic,10.16,PC,24.2,No,0,1,Organic,,TRUE,Apple Pay,13-17,Documentary
SUB101080,CUST21080,2022-10-26,17-08-2024,India,Asia Pacific,Basic,8.63,Smart TV,10.7,,0,7,Organic,1,Y,Google Pay,18-24,Romance
SUB102558,CUST22558,11 Jun 2022,"March 10, 2023",United States,North America,Standard,-13.89,Mobile,,N,0,10,Social Media,TRUE,Yes,Google Pay,45-54,Comedy
SUB101111,CUST21111,02/08/2024,21 Apr 2024,USA,North America,Basic,7.88,Smart TV,14.1,No,0,8,Organic,,TRUE,Credit Card,35-44,Kids & Family
SUB102126,CUST22126,12/16/2024,2025-03-14,france,Europe,Premium,19.53,Game Console,50.3,No,1,2,Paid Search,No,Y,Debit Card,25-34,Thriller
SUB101490,CUST21490,2022-03-10,2023-01-18,France,Europe,Free Trial,2.8,Tablet,51.4,No,0,1,Affiliate,FALSE,Y,Credit Card,18-24,Sci-Fi
SUB102869,CUST20269,2024-04-21,09-03-2026,Deutschland,Europe,Premium,21.56,console,23,No,0,7,Affiliate,,FALSE,Debit Card,13-17,Sci-Fi
SUB100671,CUST20671,02/19/2022,28 Sep 2022,Canada,North America,Standard,16.76,Smart TV,41.5,No,0,8,Email Campaign,FALSE,FALSE,Credit Card,65+,Comedy
SUB102056,CUST22056,"September 13, 2023",12/27/2023,India,Asia Pacific,Basic,8.26,Tablet,62.7,No,0,15,Affiliate,0,Y,PayPal,55-64,Thriller
SUB101222,CUST21222,"January 11, 2023",21-08-2023,mexico,North America,Free Trial,-2.21,Desktop,0,,0,4,Organic,Yes,Y,Credit Card,45-54,Reality TV
SUB102652,CUST20052,06/04/2021,04/07/2023,india,Asia Pacific,BASIC,10.35 USD,Tablet,38.8,N,1,-5,Affiliate,0,N,PayPal,35-44,Romance
SUB101099,CUST21099,02-01-2024,03/04/2025,United States,North America,Premium,20.94,Tablet,54.6,N,0,-5,Email Campaign,,N,PayPal,65+,Comedy
SUB102473,CUST22473,2021-04-01,05/09/2021,brazil,Latin America,PREMIUM,19.14,Tablet,46.7,No,2,15,Email Campaign,0,Y,Apple Pay,25-34,Kids & Family
SUB100757,CUST20757,"January 28, 2023",04 Apr 2025,Canada,North America,Standard,11.67,SmartTV,9.6,No,0,7,Affiliate,1,TRUE,Gift Card,25-34,Thriller
SUB100702,CUST20702,2023-09-26,2025-08-16,Mexico,North America,Standard,14.77,Desktop,34.8,No,1,1,Organic,,N,Gift Card,55-64,Sci-Fi
SUB100285,CUST20285,04/08/2024,07/21/2025,Deutschland,Europe,free trial,-1.74,Smart TV,33.6,No,1,15,Referral,,TRUE,Apple Pay,65+,Anime
SUB100116,CUST20116,04/17/2024,01-05-2024,Spain,Europe,PREMIUM,$19.28,Mobile,41.3,No,0,15,Social Media,No,FALSE,Apple Pay,45-54,Comedy
SUB102828,CUST20228,,20-03-2028,United States,North America,Standard,14.29,Tablet,27.1,No,1,15,Affiliate,TRUE,TRUE,Google Pay,55-64,Anime
SUB102863,CUST20263,2024-04-28,2026-02-25,India,Asia Pacific,Free Trial,-0.58,Game Console,68,No,0,0,Organic,0,No,Debit Card,65+,Drama
SUB101905,CUST21905,26 Aug 2022,20 Feb 2024,Australia,,Std,$16.56,Smart TV,31.4,No,1,3,Paid Search,No,TRUE,Apple Pay,25-34,Reality TV
SUB101099,CUST21099,02-01-2024,03/04/2025,United States,North America,Premium,20.94,Tablet,54.6,N,0,-5,Email Campaign,,N,PayPal,65+,Comedy
SUB102811,CUST20211,11/06/2024,26 Oct 2025,United States,,Standard,$13.67,Smart TV,,Y,0,4,Email Campaign,FALSE,,Debit Card,45-54,Action
SUB100266,CUST20266,20-12-2023,12/21/2025,United States,North America,Standard,13.45,mobile,44,,0,1,Organic,No,FALSE,Gift Card,18-24,Thriller
SUB101914,CUST21914,23 Jun 2024,"June 27, 2026",U.S.A,North America,Basic,8.02,Game Console,46.8,N,1,0,Email Campaign,1,FALSE,Apple Pay,45-54,Anime
SUB100194,CUST20194,19-02-2025,2025-09-10,United Kingdom,Europe,Trial,0.33,Desktop,6.7,No,1,10,Email Campaign,0,N,Debit Card,18-24,Thriller
SUB102764,CUST20164,"July 07, 2021",,France,Europe,Premium,20.6,Tablet,312.7,No,0,-5,Paid Search,TRUE,Y,Credit Card,35-44,Kids & Family
SUB102496,CUST22496,04/07/2026,05/23/2028,Italy,Europe,Premium,16.84,Mobile,32.6,No,0,4,Referral,Yes,No,PayPal,13-17,Kids & Family
SUB100783,CUST20783,2025-10-29,2026-11-23,France,Europe,Free Trial,-0.26,Game Console,41.8,Yes,0,10,Affiliate,Yes,Yes,PayPal,18-24,Action
SUB101127,CUST21127,2021-10-23,"May 22, 2022",U.S.A,North America,free trial,0.73,Smart TV,30.7,No,3,6,Referral,1,FALSE,Google Pay,18-24,Documentary
SUB102349,CUST22349,"June 22, 2021",10 Jun 2023,Germany,Europe,Standard,13.6,Desktop,31.9,,1,4,Organic,No,No,Apple Pay,65+,Comedy
SUB100734,CUST20734,2026-05-14,07/06/2028,United Kingdom,Europe,Standard,13.97,Smart TV,0,No,0,2,Affiliate,FALSE,FALSE,Google Pay,18-24,Action
SUB101923,CUST21923,,12-08-2022,Brazil,Latin America,Premium,20.37,Smart TV,46.3,No,0,2,Affiliate,Yes,Yes,Debit Card,45-54,Documentary
SUB100712,CUST20712,19-01-2021,2021-07-02,germany,Europe,Basic,-9.78,Mobile,49.9,no,1,7,Referral,Yes,TRUE,Google Pay,13-17,Romance
SUB100947,CUST20947,2026-06-18,,AUS,Asia Pacific,Std,14.73,Game Console,11.8,No,0,,Paid Search,No,Y,Debit Card,25-34,Reality TV
SUB100736,CUST20736,2022-10-14,11/09/2023,India,Asia Pacific,standard,16.51,Desktop,5.9,No,0,2,Referral,TRUE,Yes,PayPal,35-44,Action
SUB100812,CUST20812,31-10-2022,2023-02-06,United Kingdom,,Basic,10.28,Tablet,10.6,No,1,1,Paid Search,1,Yes,Credit Card,65+,Kids & Family
SUB100628,CUST20628,2023-04-18,01/30/2024,United States,North America,basic,8.41,Game Console,55,,1,9,Affiliate,FALSE,FALSE,Debit Card,55-64,Drama
SUB102527,CUST22527,2022-10-05,12/27/2024,japan,Asia Pacific,Standard,13.11,Game Console,6.3,,1,15,Social Media,,TRUE,Credit Card,65+,Romance
SUB102431,CUST22431,07 Jan 2023,2025-04-04,USA,North America,Free Trial,-1,Smart TV,17.9,No,0,5,Paid Search,1,FALSE,Google Pay,35-44,Thriller
SUB100123,CUST20123,15 Jul 2023,2024-10-31,India,Asia Pacific,Free Trial,-1.54,PC,13.1,1,0,9,Referral,FALSE,FALSE,Debit Card,35-44,Kids & Family
SUB100811,CUST20811,2022-10-25,2024-07-11,United States,North America,Premium,21.9,mobile,42.5,no,1,2,Organic,FALSE,,Gift Card,25-34,Romance
SUB102304,CUST22304,2026-07-25,30-08-2028,Germany,Europe,Basic,7.74,Smart TV,25.6,No,0,0,Paid Search,,,Credit Card,35-44,Romance
SUB102910,CUST20310,30 Jan 2026,12/18/2025,India,Asia Pacific,free trial,1.45,Tablet,14.3,No,1,10,Referral,No,No,Debit Card,25-34,Romance
SUB102601,CUST20001,"July 26, 2025",,Brazil,Latin America,Standard,14.39,Game Console,20.3,No,0,5,Affiliate,1,Yes,Google Pay,18-24,Drama
SUB101406,CUST21406,03/28/2025,,United Kingdom,Europe,Standard,16.2,Smart TV,,yes,0,15,Social Media,,No,Google Pay,55-64,Action
SUB101481,CUST21481,15-08-2023,2024-05-12,Spain,Europe,Basic,11.75,Mobile,33.2,No,0,2,Paid Search,No,,Debit Card,13-17,Thriller
SUB101732,CUST21732,03/01/2025,"March 19, 2025",India,Asia Pacific,Standard,15.04,Desktop,56.6,No,0,5,Referral,Yes,Yes,Google Pay,18-24,Comedy
SUB101229,CUST21229,04/21/2025,27-09-2027,United States,North America,Trial,0.39,Game Console,46.7,no,2,,Organic,Yes,No,PayPal,13-17,Romance
SUB102286,CUST22286,20-03-2025,05/03/2026,Japan,Asia Pacific,Basic,9.04,Mobile,33.9,No,0,7,Organic,FALSE,No,Credit Card,55-64,Romance
SUB100106,CUST20106,10 Jan 2022,21 Dec 2023,UK,Europe,basic,7.4,Mobile,35.6,No,0,-5,Affiliate,No,TRUE,Credit Card,13-17,Kids & Family
SUB101440,CUST21440,09/29/2022,08/23/2023,Japan,Asia Pacific,basic,10.16 USD,Tablet,36.6,No,1,8,Organic,No,N,Credit Card,45-54,Romance
SUB100182,CUST20182,18-10-2024,"January 15, 2027",UK,Europe,Premium,19.84,Desktop,,1,1,3,Referral,FALSE,No,Debit Card,55-64,Documentary
SUB102079,CUST22079,2024-11-01,06 Jan 2026,Australia,Asia Pacific,FreeTrial,0.1,Tablet,6.7,,0,,Organic,,FALSE,Credit Card,35-44,Drama
SUB100875,CUST20875,2024-02-07,14 Dec 2024,Brazil,Latin America,Standard,12.75,Desktop,36.4,No,1,5,Referral,Yes,TRUE,Gift Card,13-17,Action
SUB101256,CUST21256,24 Dec 2025,2028-03-15,Mexico,North America,Basic,8.91,mobile,27.6,Yes,1,3,Paid Search,TRUE,FALSE,PayPal,35-44,Thriller
SUB102804,CUST20204,2024-05-04,2024-03-25,Spain,Europe,Basic,7.08,Game Console,35.9,No,0,4,Referral,TRUE,,Debit Card,65+,Documentary
SUB101283,CUST21283,,,United States,North America,Standard,12.8,Game Console,54.4,No,1,10,Affiliate,FALSE,TRUE,Apple Pay,65+,Anime
SUB101378,CUST21378,2022-12-18,2024-05-15,united states,North America,Standard,15.15 USD,Desktop,46.5,Yes,1,9,Email Campaign,Yes,N,PayPal,18-24,Anime
SUB100867,CUST20867,2022-01-16,06/28/2023,Canada,North America,BASIC,9.6,Tablet,8.8,Yes,0,-5,Organic,,TRUE,Gift Card,18-24,Romance
SUB102947,CUST20347,06-05-2024,2026-04-18,India,Asia Pacific,Basic,7.64,Tablet,50.3,No,2,,Referral,FALSE,FALSE,Google Pay,55-64,Drama
SUB102511,CUST22511,"June 05, 2026",2027-08-24,India,Asia Pacific,Premium,19.97,mobile,,Yes,2,10,Paid Search,FALSE,N,Gift Card,55-64,Comedy
SUB102388,CUST22388,"April 23, 2023","September 16, 2025",United Kingdom,Europe,Standard,13.26,Smart TV,23.6,Yes,0,6,Social Media,FALSE,No,Credit Card,18-24,Drama
SUB100907,CUST20907,23-10-2024,06/28/2025,Brazil,Latin America,PREMIUM,21.46,Smart TV,47.9,No,2,2,Social Media,0,FALSE,Debit Card,18-24,Thriller
SUB102133,CUST22133,07/05/2025,11-05-2026,USA,North America,Free Trial,0.5,Desktop,26.2,No,1,2,Email Campaign,0,N,Google Pay,25-34,Documentary
SUB100680,CUST20680,09-12-2024,25-02-2027,United States,North America,Basic,10.02,Smart TV,27.4,No,0,6,Affiliate,Yes,TRUE,PayPal,25-34,Anime
SUB101694,CUST21694,,12/10/2024,Canada,North America,Basic,11,Tablet,399.7,No,0,4,Paid Search,No,Yes,Gift Card,18-24,Comedy
SUB102943,CUST20343,2023-08-11,17-07-2024,U.K.,Europe,Standard,14.7,Desktop,38.4,,1,10,Organic,Yes,N,Apple Pay,45-54,Kids & Family
SUB101154,CUST21154,2026-03-06,2026-05-05,india,Asia Pacific,BASIC,9.49,Smart TV,60.2,,0,1,Paid Search,TRUE,FALSE,Credit Card,45-54,Sci-Fi
SUB100960,CUST20960,02/07/2026,17 Dec 2027,Canada,North America,Free Trial,,Game Console,26.9,yes,0,0,Referral,FALSE,Yes,Credit Card,55-64,Romance
SUB102775,CUST20175,17-07-2022,02 Jun 2024,Italy,Europe,Basic,8.77,Smart TV,15.1,No,0,7,Email Campaign,FALSE,N,Gift Card,13-17,Sci-Fi
SUB102812,CUST20212,05/29/2022,2022-10-08,United States,North America,Basic,10.19,Smart TV,33.1,No,1,0,Social Media,FALSE,No,Apple Pay,55-64,Romance
SUB101848,CUST21848,2023-01-07,05/25/2025,Australia,Asia Pacific,PREMIUM,20.91,PC,43.9,No,2,3,Affiliate,,TRUE,Gift Card,13-17,Action
SUB102760,CUST20160,21 May 2021,2023-09-21,INDIA,Asia Pacific,Standard,-14.58,Smart TV,23.4,Yes,1,6,Paid Search,0,Yes,Credit Card,25-34,Action
SUB102922,CUST20322,2022-12-22,16-05-2025,France,Europe,Free Trial,1.86,Smart TV,,,0,2,Affiliate,No,No,Apple Pay,65+,Documentary
SUB100964,CUST20964,,2026-05-08,United Kingdom,Europe,Std,13.18,Game Console,485.3,yes,0,3,Referral,TRUE,FALSE,Apple Pay,13-17,Comedy
SUB101749,CUST21749,"February 09, 2022",18-02-2023,Italy,Europe,Basic,9.01,Mobile,48.1,No,0,,Affiliate,,N,PayPal,65+,Romance
SUB102317,CUST22317,07/24/2023,2025-03-14,United Kingdom,Europe,Basic,8.16,Desktop,85.4,No,0,15,Organic,,Y,Google Pay,35-44,Kids & Family
SUB100272,CUST20272,02/27/2021,,Australia,Asia Pacific,Basic,8.69,Mobile,31.8,no,0,10,Affiliate,,Y,Credit Card,13-17,Sci-Fi
SUB100100,CUST20100,"October 06, 2021",2022-08-30,canada,North America,Standard,13.79,console,41.8,No,0,5,Social Media,Yes,,Google Pay,13-17,Kids & Family
SUB100170,CUST20170,10 Apr 2023,11/13/2023,Germany,Europe,Premium,17.24,Console,41.1,No,0,2,Affiliate,,N,Credit Card,65+,Anime
SUB101780,CUST21780,07-10-2025,2027-06-04,United Kingdom,Europe,premium,20.76,Mobile,76.1,No,0,6,Organic,FALSE,,Apple Pay,35-44,Anime
SUB102172,CUST22172,2024-10-24,2024-12-05,Japan,Asia Pacific,Premium,19.83,Tablet,49.7,No,1,2,Paid Search,TRUE,N,PayPal,13-17,Comedy
SUB101054,CUST21054,07/14/2022,2024-06-14,Germany,Europe,Premium,20.66,Desktop,35.9,No,1,2,Paid Search,,,Credit Card,25-34,Comedy
SUB101328,CUST21328,28 Feb 2023,20 Nov 2023,Australia,Asia Pacific,Standard,14.82,Tablet,63.7,No,1,15,Referral,FALSE,Yes,Debit Card,18-24,Anime
SUB100669,CUST20669,10 Dec 2021,03 Jun 2022,U.S.A,North America,FreeTrial,0.51,Tablet,43.8,No,0,10,Organic,FALSE,N,Apple Pay,45-54,Romance
SUB100510,CUST20510,2021-03-03,27 Sep 2021,United Kingdom,Europe,Free Trial,0.49,Desktop,47.3,No,1,0,Affiliate,TRUE,No,Debit Card,13-17,Romance
SUB102401,CUST22401,28 Feb 2021,01-06-2022,United States,North America,Premium,19.02,mobile,2.7,Yes,2,2,Referral,TRUE,TRUE,Debit Card,45-54,Sci-Fi
SUB100248,CUST20248,"March 07, 2021",,Italy,Europe,Basic,-6.79,Laptop,28.3,no,0,3,Affiliate,TRUE,FALSE,Gift Card,18-24,Anime
SUB100746,CUST20746,"June 08, 2022",2023-09-25,UK,Europe,Standard,14.38,Mobile,12,Yes,1,5,Social Media,FALSE,TRUE,Credit Card,45-54,Comedy
SUB100700,CUST20700,2026-07-06,07-12-2027,India,Asia Pacific,Free Trial,-0.59,Console,23.4,Yes,1,8,Paid Search,,No,Google Pay,18-24,Reality TV
SUB100428,CUST20428,03/01/2024,2024-03-12,United States,North America,Basic,$9.5,Phone,0,No,0,5,Affiliate,Yes,TRUE,Gift Card,18-24,Action
SUB101622,CUST21622,2022-01-27,07/04/2022,Canada,North America,Basic,10.92,Smart TV,25.2,N,1,15,Affiliate,TRUE,FALSE,Google Pay,18-24,Romance
SUB101508,CUST21508,12-04-2026,08/27/2026,Canada,North America,Basic,9.42,Mobile,56.8,Yes,0,6,Paid Search,FALSE,FALSE,Apple Pay,25-34,Documentary
SUB100154,CUST20154,2021-07-30,25-09-2022,United Kingdom,Europe,free trial,0.7,Mobile,69.6,,1,10,Referral,No,,Apple Pay,45-54,Kids & Family
SUB102164,CUST22164,09/28/2023,08/16/2025,United States,North America,Standard,14.1,Game Console,5.7,Yes,0,10,Affiliate,TRUE,Yes,Debit Card,35-44,Sci-Fi
SUB100360,CUST20360,06/15/2025,17-12-2025,italy,Europe,Standard,15.34,Mobile,0,Yes,1,5,Email Campaign,No,N,Credit Card,18-24,Comedy
SUB100011,CUST20011,21-05-2021,07/29/2021,USA,North America,Standard,13.77,Laptop,21.4,No,1,9,Social Media,FALSE,No,Google Pay,35-44,Romance
SUB102002,CUST22002,17-06-2024,2025-06-27,United States,North America,Premium,19.22,Smart TV,47.7,No,1,4,Social Media,FALSE,Y,Apple Pay,35-44,Romance
SUB100826,CUST20826,2024-04-12,11/14/2025,japan,Asia Pacific,Premium,17.88,Desktop,50,No,1,-5,Organic,TRUE,TRUE,Google Pay,13-17,Romance
SUB101364,CUST21364,2023-12-21,2026-01-10,United States,North America,FreeTrial,-1,Smart TV,0,No,1,0,Organic,1,N,Google Pay,25-34,Romance
SUB100808,CUST20808,01 May 2022,12/31/2023,United Kingdom,Europe,PREMIUM,20.05,Console,50.2,No,2,6,Email Campaign,TRUE,N,Gift Card,65+,Anime
SUB100977,CUST20977,2023-10-09,2024-03-11,United States,North America,BASIC,9.57,Tablet,39.8,,1,6,Email Campaign,No,N,Apple Pay,65+,Comedy
SUB102622,CUST20022,09/25/2025,,United States,North America,Premium,22.36 USD,Mobile,4.5,No,1,2,Social Media,No,Yes,Google Pay,18-24,Drama
SUB100341,CUST20341,"November 18, 2022",2024-08-02,italy,Europe,Premium,19.36,mobile,26.3,No,0,0,Organic,TRUE,,PayPal,35-44,Documentary
SUB101942,CUST21942,2025-02-16,05/22/2026,Spain,Europe,Standard,12.08,Game Console,14,no,1,1,Email Campaign,FALSE,Yes,Gift Card,18-24,Documentary
SUB100830,CUST20830,07/09/2025,"February 02, 2027",United States,North America,basic,8.15,Tablet,39.5,1,1,0,Email Campaign,1,N,PayPal,18-24,Documentary
SUB102192,CUST22192,2025-11-01,05-04-2027,Brasil,Latin America,Basic,10.7,Mobile,,,0,2,Paid Search,TRUE,Yes,Apple Pay,13-17,Sci-Fi
SUB101501,CUST21501,"May 08, 2026",09/04/2028,Germany,Europe,Premium,17.54,Game Console,10.5,No,1,15,Social Media,1,Yes,Debit Card,13-17,Drama
SUB101476,CUST21476,2023-07-11,2024-05-19,United States,North America,basic,8.95,Mobile,55.6,yes,0,0,Social Media,TRUE,TRUE,Gift Card,18-24,Romance
SUB102851,CUST20251,14-02-2021,05/20/2023,Japan,Asia Pacific,Std,14.69,Console,48.1,No,1,-5,Referral,1,Y,Gift Card,55-64,Romance
SUB102407,CUST22407,22 Dec 2025,10/03/2027,france,Europe,Standard,15.03,Game Console,53,,1,2,Referral,TRUE,TRUE,Apple Pay,13-17,Anime
SUB100963,CUST20963,26-04-2024,,United States,North America,Premium,19.95,Desktop,11.8,no,1,0,Social Media,,FALSE,Credit Card,18-24,Thriller
SUB101258,CUST21258,2026-06-23,01-01-2027,Australia,Asia Pacific,Premium,21.37,Tablet,45.8,Yes,0,6,Email Campaign,TRUE,Y,Apple Pay,55-64,Action
SUB100844,CUST20844,2022-09-07,16 Jan 2025,United States,North America,Basic,9.48,Smart TV,25.7,No,0,4,Social Media,FALSE,Y,Gift Card,13-17,Documentary
SUB102734,CUST20134,2023-09-07,02/18/2025,United States,North America,Basic,7.86 USD,SmartTV,24.7,Yes,2,7,Referral,No,N,PayPal,18-24,Comedy
SUB100421,CUST20421,08/14/2021,2023-01-06,spain,Europe,PREMIUM,19.88,TV,37.6,No,3,-5,Referral,TRUE,Yes,Credit Card,55-64,Drama
SUB100499,CUST20499,,,India,Asia Pacific,Premium,20.98,Console,33.8,0,0,-5,Organic,TRUE,Yes,PayPal,25-34,Romance
SUB100417,CUST20417,12-10-2023,04-04-2024,United States,North America,PREMIUM,18.92,smart tv,28.5,No,0,1,Referral,No,TRUE,Gift Card,13-17,Kids & Family
SUB100621,CUST20621,02/09/2026,2026-11-30,united states,North America,Free Trial,0.08,Tablet,26.8,No,0,9,Email Campaign,TRUE,Y,Debit Card,13-17,Documentary
SUB102207,CUST22207,19-02-2026,11 May 2026,Brazil,Latin America,Standard,14.39,Smart TV,0,No,1,2,Social Media,0,TRUE,PayPal,55-64,Kids & Family
SUB102044,CUST22044,2024-11-11,10/27/2025,AUS,Asia Pacific,Basic,9.66,iPad,22.1,No,1,-5,Social Media,FALSE,FALSE,Debit Card,18-24,Sci-Fi
SUB100361,CUST20361,,04/13/2022,United States,North America,Standard,-12.19,Desktop,16.5,No,0,8,Social Media,TRUE,Y,PayPal,45-54,Sci-Fi
SUB101532,CUST21532,"May 02, 2025",,Germany,Europe,PREMIUM,18.66,Tablet,39.6,No,1,4,Email Campaign,,TRUE,PayPal,65+,Kids & Family
SUB101014,CUST21014,2023-02-20,2025-05-08,Canada,North America,standard,14.34,Game Console,53.5,No,1,10,Affiliate,FALSE,No,Debit Card,25-34,Thriller
SUB100847,CUST20847,,04/12/2023,Spain,Europe,Basic,8.4,Tablet,37.8,,0,7,Social Media,0,TRUE,Apple Pay,65+,Reality TV
SUB101602,CUST21602,02/25/2023,09-05-2025,United States,North America,Standard,11.78,Smart TV,40.1,1,0,7,Paid Search,0,No,Google Pay,13-17,Romance
SUB102463,CUST22463,2025-08-17,2026-03-08,france,Europe,Free Trial,$-1.08,smart tv,21.7,No,1,,Social Media,No,N,Credit Card,35-44,Anime
SUB102903,CUST20303,06/24/2021,04 Nov 2021,India,Asia Pacific,Std,15.73,Game Console,46.4,No,2,2,Paid Search,Yes,Yes,Credit Card,18-24,Sci-Fi
SUB100469,CUST20469,2024-09-03,11-07-2024,United States,North America,Standard,15.03,Desktop,39.2,No,2,15,Affiliate,0,,Debit Card,13-17,Action
SUB101530,CUST21530,2025-10-27,12-06-2026,India,Asia Pacific,Basic,6.92,Mobile,9.8,No,0,6,Affiliate,FALSE,TRUE,Debit Card,45-54,Romance
SUB102753,CUST20153,07/16/2022,07/03/2024,United States,North America,Basic,7.55,Game Console,33.7,No,2,7,Paid Search,1,TRUE,Credit Card,35-44,Sci-Fi
SUB100138,CUST20138,06/15/2026,30 Oct 2026,United States,North America,Standard,13.07,Mobile,12.8,No,0,-5,Paid Search,FALSE,N,Apple Pay,13-17,Sci-Fi
SUB102664,CUST20064,26 Oct 2025,01/01/2026,United States,North America,standard,14.34,Desktop,,No,2,10,Email Campaign,,Y,Gift Card,45-54,Comedy
SUB101466,CUST21466,10 Jan 2022,01-01-2023,INDIA,,BASIC,10.39,Mobile,11.6,no,1,-5,Email Campaign,0,No,Credit Card,35-44,Romance
SUB102377,CUST22377,"January 07, 2023",03 Nov 2024,Canada,North America,BASIC,7.12,Smart TV,8.6,No,0,1,Email Campaign,0,N,Google Pay,18-24,Romance
SUB100841,CUST20841,03/16/2023,,Spain,Europe,Premium,19.82,Desktop,52.5,No,1,4,Referral,,Yes,PayPal,18-24,Drama
SUB101491,CUST21491,16-12-2022,09/24/2024,U.K.,Europe,Basic,8.59,Game Console,60,No,1,3,Referral,Yes,FALSE,PayPal,18-24,Kids & Family
SUB102182,CUST22182,2022-02-27,2023-10-11,USA,North America,Standard,15.91,iPad,38.6,No,1,2,Affiliate,FALSE,TRUE,Apple Pay,45-54,Drama
SUB102998,CUST20398,2021-10-20,2023-07-31,australia,Asia Pacific,Standard,13.02,Mobile,50.1,No,0,4,Organic,Yes,,Credit Card,35-44,Documentary
SUB101075,CUST21075,2024-01-09,2024-08-31,United States,North America,Premium,21.55,Game Console,47.7,,1,8,Email Campaign,,,Apple Pay,45-54,Action
SUB101621,CUST21621,05/19/2024,08/27/2026,India,Asia Pacific,Standard,12.68,mobile,41.6,No,0,2,Referral,TRUE,FALSE,PayPal,,Action
SUB100692,CUST20692,18-05-2023,,Australia,Asia Pacific,Basic,7.69,Desktop,41.7,No,0,,Paid Search,TRUE,FALSE,Debit Card,55-64,Documentary
SUB102398,CUST22398,10/23/2024,2025-08-20,United States,North America,Free Trial,-0.29,desktop,60.7,Yes,1,5,Affiliate,,No,Apple Pay,65+,Anime
SUB101291,CUST21291,2025-02-24,"May 23, 2026",United States,North America,Standard,15.48,Smart TV,40.7,,0,4,Email Campaign,1,Yes,PayPal,18-24,Drama
SUB102087,CUST22087,09/04/2025,05/27/2027,United States,North America,Basic,7.02,Game Console,0,No,1,,Referral,No,Y,Debit Card,65+,Anime
SUB100225,CUST20225,01/24/2026,2026-05-12,Canada,North America,basic,,Tablet,42,,0,15,Paid Search,Yes,,Google Pay,35-44,Sci-Fi
SUB102721,CUST20121,01/02/2022,04/13/2024,Mexico,North America,Premium,18.81,Smart TV,48.4,No,2,8,Referral,FALSE,N,Google Pay,25-34,Reality TV
SUB102049,CUST22049,2021-06-29,,Canada,North America,Basic,9.87 USD,mobile,15,No,0,7,Email Campaign,1,Y,PayPal,13-17,Sci-Fi
SUB102276,CUST22276,2025-10-11,2025-11-07,United States,North America,basic,9.95,Mobile,38,No,1,,Organic,FALSE,Yes,PayPal,13-17,Romance
SUB101459,CUST21459,03/08/2024,22 Jul 2024,France,Europe,Premium,$16.7,Smart TV,0,No,0,5,Email Campaign,TRUE,,Apple Pay,35-44,Reality TV
SUB100996,CUST20996,02/17/2026,,Brazil,Latin America,Standard,14.29,Smart TV,,yes,0,,Affiliate,TRUE,FALSE,Gift Card,,Comedy
SUB102285,CUST22285,22-07-2026,04/07/2028,U.S.A,North America,Basic,11.26,Smart TV,49.9,no,0,2,Paid Search,0,,Apple Pay,35-44,Sci-Fi
SUB102506,CUST22506,06 Mar 2026,15 Dec 2026,INDIA,Asia Pacific,Standard,15.64,tablet,53.1,Yes,2,9,Organic,FALSE,No,Debit Card,,Reality TV
SUB102973,CUST20373,2021-08-10,29-12-2023,canada,North America,Basic,9.21,Tablet,,No,0,5,Affiliate,Yes,Yes,Credit Card,65+,Action
SUB102102,CUST22102,"November 30, 2025",04/11/2028,india,Asia Pacific,Basic,11.33,Desktop,21.6,No,1,15,Referral,,FALSE,Debit Card,55-64,Documentary
SUB100081,CUST20081,"May 19, 2024",2025-04-27,Japan,Asia Pacific,Basic,7.83,Console,20.5,,0,8,Referral,1,N,Apple Pay,18-24,Action
SUB101176,CUST21176,02 Oct 2024,,France,Europe,standard,$17.03,Game Console,64.6,No,1,1,Email Campaign,FALSE,Y,Google Pay,25-34,Comedy
SUB100034,CUST20034,11/07/2025,2028-02-29,UK,Europe,Free Trial,-0.42,Tablet,25.8,No,0,,Paid Search,Yes,TRUE,Credit Card,45-54,Documentary
SUB101356,CUST21356,25-02-2024,20 Apr 2024,brazil,Latin America,Standard,12.9,Tablet,31.6,No,0,-5,Paid Search,,Yes,PayPal,25-34,Documentary
SUB101064,CUST21064,,2027-10-17,INDIA,Asia Pacific,Standard,13.88,Mobile,28.4,,0,5,Organic,FALSE,Y,Debit Card,65+,Thriller
SUB101241,CUST21241,03/02/2022,03/27/2023,United States,North America,Basic,8.84,Mobile,0,,1,7,Email Campaign,,N,Gift Card,55-64,Documentary
SUB102733,CUST20133,2025-09-20,2026-05-13,United States,North America,Premium,19.1,Smart TV,36.5,No,2,10,Email Campaign,0,N,Google Pay,18-24,Kids & Family
SUB101699,CUST21699,"March 05, 2023",02/04/2023,united kingdom,Europe,Premium,20.13,Mobile,53.9,1,0,10,Email Campaign,Yes,Y,Credit Card,25-34,Reality TV
SUB101000,CUST21000,2026-03-22,08/06/2028,France,Europe,basic,11.12,Desktop,48.2,No,0,0,Affiliate,TRUE,FALSE,Debit Card,13-17,Sci-Fi
SUB101956,CUST21956,03/09/2021,2022-03-02,United States,North America,Basic,9.47,desktop,39.2,No,0,2,Referral,FALSE,No,PayPal,45-54,Thriller
SUB102106,CUST22106,2022-12-13,2025-02-25,japan,Asia Pacific,Free Trial,0.72,mobile,39.1,,1,,Organic,0,Yes,Gift Card,25-34,Sci-Fi
SUB100805,CUST20805,"April 24, 2023",12/18/2024,United States,North America,Standard,14.63,Game Console,93.3,No,0,0,Affiliate,TRUE,,PayPal,13-17,Reality TV
SUB100135,CUST20135,18 Mar 2024,07/18/2025,Canada,North America,Standard,13.12,tablet,,No,2,,Paid Search,TRUE,Y,Google Pay,65+,Action
SUB100325,CUST20325,02/06/2022,08/05/2022,UK,Europe,Standard,13.78,Desktop,68.4,No,2,1,Organic,FALSE,Yes,Google Pay,18-24,Action
SUB102680,CUST20080,10/12/2023,08 Dec 2025,INDIA,Asia Pacific,BASIC,9.51 USD,mobile,,No,0,3,Organic,,No,PayPal,18-24,Action
SUB100880,CUST20880,20 Sep 2021,2024-02-12,United States,North America,Standard,12.89,Tablet,91.2,No,1,6,Paid Search,,Y,Credit Card,18-24,Reality TV
SUB100914,CUST20914,01-04-2025,2027-04-21,India,Asia Pacific,Free Trial,0.26,Desktop,,No,1,4,Organic,1,Y,Credit Card,,Kids & Family
SUB101113,CUST21113,2026-06-10,2028-06-18,united states,North America,Basic,7.91,SmartTV,28.9,No,0,-5,Organic,Yes,No,Gift Card,25-34,Sci-Fi
SUB102642,CUST20042,09-04-2025,18 Apr 2025,Japan,Asia Pacific,Free Trial,0.3,Laptop,48.9,Y,0,9,Paid Search,TRUE,No,Apple Pay,13-17,Sci-Fi
SUB101408,CUST21408,05 Feb 2024,03/29/2025,Spain,Europe,Basic,10.17,Smart TV,54.4,,0,2,Paid Search,1,FALSE,Apple Pay,65+,Drama
SUB102901,CUST20301,2025-11-12,19 Mar 2027,Italy,Europe,Basic,9.57,Game Console,63.8,No,0,9,Paid Search,0,FALSE,Credit Card,65+,Kids & Family
SUB101453,CUST21453,14-03-2025,2027-06-19,United States,North America,Basic,7.46,desktop,22.1,no,0,-5,Organic,TRUE,No,Apple Pay,55-64,Reality TV
SUB102477,CUST22477,2024-01-27,29-01-2025,spain,Europe,Free Trial,0.33,Game Console,25.1,No,1,3,Organic,TRUE,N,PayPal,45-54,Anime
SUB101544,CUST21544,06/03/2025,2026-12-29,India,Asia Pacific,Std,14.04,Desktop,50.2,,1,10,Referral,Yes,TRUE,Google Pay,18-24,Documentary
SUB101870,CUST21870,"August 11, 2021",24-11-2023,Italy,Europe,BASIC,8.46,Tablet,50.2,,0,1,Social Media,TRUE,TRUE,PayPal,18-24,Documentary
SUB102996,CUST20396,2021-01-12,12/16/2021,Germany,Europe,Basic,8.63,Game Console,,No,0,,Organic,,Y,Credit Card,35-44,Action
SUB102469,CUST22469,10 Aug 2025,"October 16, 2026",United Kingdom,Europe,Free Trial,-1.7,desktop,54.8,,0,3,Affiliate,TRUE,FALSE,Apple Pay,13-17,Romance
SUB101346,CUST21346,,05/26/2023,United States,North America,Standard,14.47,Desktop,0,Yes,1,4,Referral,TRUE,FALSE,Credit Card,18-24,Sci-Fi
SUB100864,CUST20864,19 Oct 2025,2026-09-11,India,Asia Pacific,Premium,18.35,Tablet,31.2,,0,2,Paid Search,FALSE,No,PayPal,18-24,Thriller
SUB100024,CUST20024,"September 16, 2021",,Brazil,Latin America,Standard,15.04,Desktop,39.5,No,1,,Organic,FALSE,FALSE,Gift Card,18-24,Comedy
SUB100149,CUST20149,"August 28, 2022",07-10-2022,Italy,Europe,Std,11.88,tablet,41.6,No,1,-5,Email Campaign,FALSE,Y,Debit Card,25-34,Sci-Fi
SUB101733,CUST21733,05/26/2021,03/13/2023,Italy,Europe,Standard,14.87,Desktop,40.3,No,0,15,Social Media,FALSE,FALSE,Gift Card,25-34,Anime
SUB102963,CUST20363,05/28/2021,"May 30, 2022",United States,North America,Standard,14.14,Desktop,65.5,Yes,0,9,Referral,0,FALSE,PayPal,45-54,Drama
SUB101101,CUST21101,03 Jun 2024,01 Sep 2024,India,Asia Pacific,Free Trial,-1.04,Desktop,,No,2,-5,Social Media,TRUE,TRUE,Debit Card,35-44,Romance
SUB101416,CUST21416,"February 11, 2026",2027-02-12,brazil,Latin America,Standard,13.25,Smart TV,50.7,No,1,,Affiliate,,Yes,Apple Pay,35-44,Sci-Fi
SUB102655,CUST20055,08-09-2025,10/15/2025,United States,North America,Premium,19.19,PC,11.3,No,0,6,Email Campaign,TRUE,No,Credit Card,13-17,Action
SUB100931,CUST20931,07 Nov 2024,"December 27, 2024",Canada,North America,Free Trial,-0.74,Smart TV,11.1,0,0,1,Social Media,1,N,Debit Card,65+,Action
SUB102196,CUST22196,,2022-12-04,Spain,Europe,Premium,20.43,Mobile,62.2,yes,0,3,Social Media,TRUE,N,Gift Card,65+,Action
SUB100280,CUST20280,11/15/2024,2025-08-01,Japan,Asia Pacific,Premium,19.91,Mobile,41.7,N,1,1,Referral,FALSE,FALSE,Debit Card,18-24,Kids & Family
SUB101892,CUST21892,29-04-2021,30-09-2023,France,Europe,Standard,15.17,Tablet,0,0,0,0,Organic,1,Y,Gift Card,18-24,Thriller
SUB100077,CUST20077,,06/22/2025,Canada,North America,Standard,11.98,Desktop,25.3,No,0,8,Email Campaign,No,Yes,Google Pay,65+,Sci-Fi
SUB101358,CUST21358,06 Dec 2025,29 Oct 2026,Germany,Europe,basic,,Smart TV,9,No,1,15,Email Campaign,No,FALSE,Google Pay,25-34,Action
SUB102707,CUST20107,2023-09-01,09/30/2025,Brazil,Latin America,Standard,-12.95,Game Console,70.2,,0,15,Referral,,Y,Google Pay,35-44,Thriller
SUB102308,CUST22308,2023-02-23,2023-03-14,U.S.A,North America,free trial,-1,Smart TV,33.8,Yes,1,10,Paid Search,TRUE,FALSE,Credit Card,65+,Sci-Fi
SUB102701,CUST20101,,2026-09-11,India,Asia Pacific,PREMIUM,20.38,Smart TV,44.7,1,0,6,Email Campaign,FALSE,Y,Google Pay,18-24,Documentary
SUB102158,CUST22158,"May 18, 2025","February 02, 2026",India,Asia Pacific,Standard,11.54 USD,Desktop,57.4,,1,7,Organic,TRUE,Y,Credit Card,25-34,Anime
SUB101911,CUST21911,08/03/2022,"November 28, 2022",United States,North America,free trial,2.22,Mobile,,Yes,1,10,Organic,,FALSE,Gift Card,18-24,Kids & Family
SUB101820,CUST21820,2021-06-12,10 Nov 2022,United States,North America,Basic,9,Smart TV,35.3,No,2,8,Affiliate,0,No,Apple Pay,65+,Romance
SUB101854,CUST21854,2025-01-06,2025-09-18,japan,Asia Pacific,Premium,20.33,mobile,39.9,No,0,4,Affiliate,TRUE,TRUE,Google Pay,45-54,Kids & Family
SUB100547,CUST20547,2023-04-20,2024-11-15,Canada,North America,Standard,15.89,Game Console,44.9,,1,-5,Affiliate,TRUE,No,Google Pay,25-34,Kids & Family
SUB102891,CUST20291,2024-08-13,2026-08-31,Japan,Asia Pacific,Premium,19.74,Desktop,0,,0,8,Paid Search,TRUE,Y,Apple Pay,13-17,Action
SUB100501,CUST20501,18-06-2024,11-09-2025,India,Asia Pacific,PREMIUM,,Desktop,41.8,No,1,9,Paid Search,TRUE,FALSE,Credit Card,25-34,Sci-Fi
SUB101894,CUST21894,04/09/2021,2023-05-28,Canada,North America,Standard,$13.87,Smart TV,43.1,,1,4,Referral,FALSE,,Credit Card,45-54,Anime
SUB102145,CUST22145,12 Mar 2022,2024-07-10,United States,North America,Basic,9.29,Tablet,34.4,N,0,-5,Social Media,0,TRUE,Debit Card,18-24,Documentary
SUB100506,CUST20506,2026-03-11,2028-03-12,germany,Europe,Basic,7.74,Game Console,14.6,No,0,0,Organic,TRUE,FALSE,PayPal,18-24,Romance
SUB102817,CUST20217,,05/06/2025,canada,North America,Basic,8.6,tablet,24.8,Y,2,1,Affiliate,TRUE,N,Apple Pay,65+,Romance
SUB102333,CUST22333,2025-08-14,2027-08-30,Brazil,Latin America,Standard,14.42,Mobile,49.3,yes,1,-5,Organic,1,N,Gift Card,25-34,Sci-Fi
SUB102279,CUST22279,06-12-2024,12/13/2026,Canada,North America,Basic,10.79,desktop,0.9,No,0,3,Affiliate,1,FALSE,Google Pay,18-24,Reality TV
SUB102489,CUST22489,"February 28, 2023","September 29, 2023",United States,North America,Standard,12.46,Smart TV,6.8,No,0,,Organic,TRUE,Y,Gift Card,13-17,Thriller
SUB101825,CUST21825,01-01-2022,2022-12-05,United States,North America,Trial,0.16,desktop,44.8,No,1,15,Paid Search,,No,Gift Card,18-24,Action
SUB100958,CUST20958,2025-10-09,30-04-2026,Australia,Asia Pacific,Free Trial,-0.7,smart tv,14.7,No,0,,Social Media,FALSE,TRUE,Google Pay,65+,Sci-Fi
SUB102673,CUST20073,,05/13/2022,United States,North America,Standard,13.19 USD,Desktop,42.6,No,0,6,Social Media,FALSE,No,Gift Card,13-17,Thriller
SUB100166,CUST20166,21-02-2023,11 Jun 2025,Germany,Europe,Basic,8.15,Tablet,14.7,No,1,8,Affiliate,TRUE,Yes,Apple Pay,13-17,Drama
SUB101450,CUST21450,2022-01-04,02/24/2023,Mexico,North America,BASIC,10.88,mobile,71.6,Y,0,15,Social Media,TRUE,,Google Pay,13-17,Thriller
SUB100202,CUST20202,2026-03-12,08/17/2026,Mexico,North America,standard,14.62,Game Console,29.7,,1,3,Social Media,1,FALSE,Gift Card,55-64,Anime
SUB102314,CUST22314,2023-03-30,"January 07, 2025",Spain,Europe,free trial,0.08,Mobile,22.6,No,0,8,Referral,No,,Apple Pay,45-54,Action
SUB100239,CUST20239,22-10-2021,"December 18, 2023",canada,North America,Standard,14,Mobile,87,No,0,0,Email Campaign,FALSE,,Gift Card,55-64,Romance
SUB101051,CUST21051,05/23/2024,26-06-2025,United States,North America,Standard,14.58,Tablet,29.8,No,0,2,Social Media,FALSE,FALSE,Debit Card,45-54,Documentary
SUB100986,CUST20986,02-10-2024,2025-03-16,Italy,Europe,Std,13.69,tablet,19.3,Yes,1,2,Organic,Yes,FALSE,Apple Pay,35-44,Sci-Fi
SUB100553,CUST20553,"June 26, 2023",2023-06-14,United States,North America,premium,21.55,Mobile,51.8,No,0,15,Affiliate,FALSE,TRUE,PayPal,45-54,Sci-Fi
SUB102268,CUST22268,,2023-06-15,United States,North America,Basic,9.13,Mobile,0,No,0,0,Paid Search,0,Yes,Debit Card,45-54,Sci-Fi
SUB102978,CUST20378,2021-08-10,2021-11-21,U.S.A,North America,basic,9.23,Mobile,7.3,No,1,10,Affiliate,FALSE,No,Gift Card,13-17,Comedy
SUB102209,CUST22209,05/20/2024,05/04/2026,India,Asia Pacific,Premium,20.11,Mobile,13.4,No,1,8,Paid Search,,Yes,Debit Card,35-44,Anime
SUB102063,CUST22063,2024-04-28,2026-08-02,India,Asia Pacific,Standard,11.91,Game Console,27.1,No,0,9,Email Campaign,FALSE,No,Credit Card,13-17,Reality TV
SUB100990,CUST20990,,12 Apr 2026,Canada,,Standard,$14.64,Desktop,,Yes,1,0,Organic,1,FALSE,Debit Card,65+,Reality TV
SUB102980,CUST20380,01/13/2024,01 Nov 2024,italy,Europe,Premium,21.03,Game Console,47.1,No,0,15,Social Media,No,,Gift Card,18-24,Kids & Family
SUB101645,CUST21645,03-04-2024,2024-04-12,Spain,Europe,Premium,19.46,Smart TV,24.9,Yes,0,3,Paid Search,FALSE,N,Gift Card,65+,Drama
SUB101196,CUST21196,2025-11-03,02/17/2026,Spain,Europe,standard,14.34,Tablet,27.9,No,1,3,Affiliate,TRUE,,Debit Card,18-24,Action
SUB101281,CUST21281,2021-01-15,25 Dec 2022,Brazil,Latin America,Premium,19.01,Mobile,15.7,Yes,1,7,Social Media,1,N,Apple Pay,35-44,Comedy
SUB101400,CUST21400,12-01-2022,27-10-2022,Canada,North America,Premium,20,PC,24.3,No,0,2,Paid Search,1,N,Credit Card,25-34,Thriller
SUB100624,CUST20624,05/14/2021,08/22/2022,Canada,North America,Basic,10.81,Game Console,19.1,No,0,7,Affiliate,1,N,Apple Pay,18-24,Comedy
SUB100049,CUST20049,11/25/2025,"May 01, 2028",united kingdom,Europe,Basic,7.4 USD,Smart TV,15.1,Yes,0,8,Affiliate,TRUE,TRUE,Apple Pay,55-64,Reality TV
SUB101876,CUST21876,22-11-2024,10/31/2026,United States,North America,Standard,14.49,Desktop,45.9,,0,5,Referral,FALSE,N,Debit Card,45-54,Sci-Fi
SUB102518,CUST22518,14-05-2025,2025-10-26,Mexico,,Basic,10.45,Smart TV,25.4,No,0,10,Paid Search,1,TRUE,PayPal,13-17,Anime
SUB102501,CUST22501,2022-11-28,,Canada,North America,Premium,18.22,Game Console,49.3,no,1,7,Organic,Yes,N,Gift Card,35-44,Comedy
SUB102898,CUST20298,"July 13, 2021",2022-06-02,Canada,North America,Standard,13.07,Game Console,34.3,No,0,7,Organic,No,No,Gift Card,65+,Documentary
SUB102768,CUST20168,"August 05, 2022",2023-07-17,Australia,Asia Pacific,Standard,15.34,Desktop,,No,1,3,Email Campaign,FALSE,No,Credit Card,45-54,Documentary
SUB102779,CUST20179,22 Apr 2024,2026-05-13,United Kingdom,Europe,Standard,13.76,Game Console,20.7,No,0,4,Social Media,Yes,TRUE,Google Pay,65+,Comedy
SUB100115,CUST20115,12 Mar 2025,2026-01-08,USA,North America,Standard,13.65,Desktop,5.7,No,1,3,Referral,FALSE,,Apple Pay,65+,Kids & Family
SUB101973,CUST21973,08 Mar 2021,11 Sep 2022,India,Asia Pacific,Free Trial,-0.74,Desktop,14.3,No,0,15,Paid Search,TRUE,N,Apple Pay,45-54,Comedy
SUB101379,CUST21379,"April 14, 2023",2024-05-04,United States,North America,Basic,8.7,Phone,31.7,No,0,5,Paid Search,,,Credit Card,65+,Kids & Family
SUB100791,CUST20791,02/05/2026,03/03/2028,India,Asia Pacific,standard,15.12,Desktop,15.3,No,1,4,Social Media,TRUE,Yes,Credit Card,45-54,Thriller
SUB102944,CUST20344,2024-07-07,10/21/2026,United States,North America,Free Trial,0.63,Game Console,,Yes,0,6,Affiliate,TRUE,,Debit Card,65+,Drama
SUB102031,CUST22031,2021-04-27,,Mexico,North America,Premium,$21.22,PC,34.6,No,0,9,Organic,0,Y,Gift Card,55-64,Anime
SUB100897,CUST20897,2025-03-29,"May 12, 2026",France,Europe,Premium,19.62,Game Console,26.8,0,0,-5,Email Campaign,1,,Credit Card,35-44,Kids & Family
SUB101097,CUST21097,30-06-2021,17-08-2021,USA,North America,Standard,13.44,console,43.8,No,1,5,Email Campaign,Yes,No,Debit Card,13-17,Action
SUB102380,CUST22380,2025-09-08,2027-10-06,United States,North America,Standard,$10.26,mobile,49.7,No,0,3,Affiliate,1,N,Gift Card,18-24,Documentary
SUB101194,CUST21194,2021-12-11,"February 06, 2023",spain,Europe,Free Trial,0.34,Tablet,21,No,2,3,Organic,No,Yes,Gift Card,55-64,Kids & Family
SUB100221,CUST20221,2026-01-09,04/27/2027,india,Asia Pacific,Standard,14.42,Console,61.4,No,1,10,Email Campaign,No,,Apple Pay,45-54,Anime
SUB100515,CUST20515,13-06-2023,"September 05, 2023",USA,North America,Standard,13.39,Tablet,44.7,,0,8,Affiliate,TRUE,FALSE,Apple Pay,45-54,Romance
SUB100151,CUST20151,06/27/2025,04/22/2027,Brazil,Latin America,Premium,21.03,Tablet,28.4,,0,2,Email Campaign,,,Google Pay,18-24,Kids & Family
SUB101432,CUST21432,2022-02-16,,United States,North America,Basic,9.36,Game Console,52.9,No,0,15,Social Media,TRUE,FALSE,Gift Card,25-34,Kids & Family
SUB100716,CUST20716,04/26/2025,2027-01-15,Spain,Europe,Free Trial,-0.53,smart tv,0,No,4,1,Paid Search,Yes,FALSE,Debit Card,45-54,Reality TV
SUB101484,CUST21484,02-03-2025,2026-08-31,Canada,North America,Basic,8.45,Desktop,39.2,No,1,-5,Organic,FALSE,Yes,Apple Pay,18-24,Kids & Family
SUB102883,CUST20283,"July 16, 2023",12/13/2023,japan,Asia Pacific,Basic,8.81,Console,23.8,No,1,8,Paid Search,TRUE,FALSE,Gift Card,55-64,Sci-Fi
SUB101129,CUST21129,12-11-2024,2026-08-25,UK,Europe,Standard,14.49,Tablet,,No,0,8,Organic,No,Y,PayPal,65+,Thriller
SUB102755,CUST20155,2022-09-15,2024-12-09,Japan,Asia Pacific,Standard,15.17,Mobile,41.7,,1,4,Paid Search,,Yes,Google Pay,18-24,Action
SUB101867,CUST21867,14-12-2025,2027-09-02,India,Asia Pacific,Basic,8.72,Smart TV,25.1,No,1,0,Email Campaign,0,No,Debit Card,35-44,Drama
SUB101096,CUST21096,2025-02-15,2025-08-11,Italy,Europe,Premium,21.29,Game Console,29.1,Yes,0,1,Referral,,Y,Debit Card,13-17,Sci-Fi
SUB100954,CUST20954,"November 04, 2024",17-12-2025,United States,North America,BASIC,8.61,Mobile,5.7,Yes,0,-5,Affiliate,TRUE,TRUE,Apple Pay,65+,Comedy
SUB101636,CUST21636,28-08-2021,12/02/2021,Canada,North America,Free Trial,0.33,Desktop,25.1,Yes,1,7,Email Campaign,Yes,Y,Apple Pay,45-54,Comedy
SUB100863,CUST20863,2023-02-12,2025-02-17,United States,North America,Basic,8.37,mobile,53.3,No,0,3,Organic,0,N,PayPal,18-24,Kids & Family
SUB101827,CUST21827,2025-01-14,27-01-2027,Germany,Europe,Free Trial,,Game Console,7.8,No,0,-5,Email Campaign,,TRUE,Debit Card,35-44,Romance
SUB101835,CUST21835,26-09-2023,27 Feb 2024,United States,North America,Basic,10.61,Smart TV,49.4,No,1,,Email Campaign,0,TRUE,Apple Pay,65+,Drama
SUB102930,CUST20330,2023-09-14,2025-06-19,Spain,Europe,Std,13.8,Mobile,37.7,No,1,4,Referral,FALSE,FALSE,Google Pay,25-34,Action
SUB102439,CUST22439,,10/07/2026,France,Europe,Premium,19.06,Smart TV,45,No,3,6,Social Media,,Yes,PayPal,35-44,Comedy
SUB101939,CUST21939,06/29/2024,18 Mar 2025,France,Europe,Premium,20.76,desktop,48.3,Yes,0,4,Affiliate,1,FALSE,Credit Card,35-44,Action
SUB100189,CUST20189,16-04-2025,2025-07-31,United States,,Premium,21.92,Game Console,25.8,No,3,15,Referral,1,No,Gift Card,65+,Reality TV
SUB102667,CUST20067,2025-05-28,2027-04-09,Brazil,Latin America,standard,14.89,Game Console,41.1,No,0,9,Email Campaign,Yes,No,PayPal,65+,Sci-Fi
SUB100924,CUST20924,07/23/2025,05/25/2025,United Kingdom,Europe,Basic,10.24,Tablet,42.9,N,2,6,Email Campaign,TRUE,No,Google Pay,65+,Drama
SUB102867,CUST20267,,"April 16, 2026",australia,Asia Pacific,Basic,12.04,Smart TV,41.3,0,1,,Social Media,FALSE,FALSE,Apple Pay,18-24,Sci-Fi
SUB102976,CUST20376,,2023-11-04,Canada,North America,Basic,7.83,Game Console,5.6,no,0,10,Referral,No,FALSE,Debit Card,35-44,Sci-Fi
SUB101893,CUST21893,2025-12-24,04-08-2026,United States,North America,Standard,12.99,Desktop,,No,1,-5,Email Campaign,Yes,No,Apple Pay,18-24,Drama
SUB102792,CUST20192,"June 20, 2026",2027-04-19,france,Europe,Premium,17.97 USD,Game Console,25.3,No,0,1,Affiliate,Yes,No,Apple Pay,18-24,Anime
SUB101055,CUST21055,07/25/2021,2022-06-07,United States,North America,Basic,$8.02,Mobile,36.4,No,0,3,Email Campaign,TRUE,FALSE,Google Pay,35-44,Drama
SUB102766,CUST20166,07 Mar 2026,10/28/2027,India,Asia Pacific,Basic,10.03,Game Console,28.1,Yes,0,3,Referral,,FALSE,Debit Card,35-44,Drama
SUB101598,CUST21598,"April 25, 2022",08 Aug 2024,United Kingdom,Europe,Standard,14.55,Desktop,8.7,No,0,,Paid Search,TRUE,N,PayPal,,Documentary
SUB101658,CUST21658,2024-08-28,2026-02-08,Germany,Europe,Premium,19.65 USD,Game Console,30.1,No,0,7,Organic,No,FALSE,PayPal,65+,Documentary
SUB102881,CUST20281,01/26/2022,"March 27, 2022",Italy,Europe,Standard,15.33,Tablet,28.8,No,1,10,Social Media,TRUE,TRUE,Google Pay,25-34,Romance
SUB100297,CUST20297,13 Aug 2022,06-12-2023,canada,North America,Standard,12.45,Desktop,26.5,No,0,15,Organic,Yes,N,Debit Card,25-34,Comedy
SUB100269,CUST20269,2024-04-30,06/13/2026,U.S.A,North America,Premium,17.12,Game Console,19.3,No,0,6,Email Campaign,No,Yes,Credit Card,35-44,Drama
SUB100309,CUST20309,02/16/2025,2026-12-09,United Kingdom,Europe,BASIC,8.25,Tablet,64,no,1,4,Organic,FALSE,TRUE,Apple Pay,13-17,Reality TV
SUB102100,CUST22100,17-03-2021,2022-04-29,India,Asia Pacific,Standard,12.56,Tablet,21.2,Yes,1,5,Social Media,TRUE,,Google Pay,18-24,Romance
SUB102038,CUST22038,2023-02-20,21 Apr 2025,Australia,Asia Pacific,standard,13.73,Console,46.3,No,1,1,Affiliate,Yes,N,Gift Card,13-17,Action
SUB101851,CUST21851,2024-02-16,2025-12-24,Germany,Europe,Trial,1.12,Mobile,53.2,No,0,-5,Organic,0,No,Apple Pay,55-64,Reality TV
SUB101243,CUST21243,12/23/2023,"December 14, 2025",United States,North America,Std,14.65,SmartTV,40,No,1,-5,Paid Search,TRUE,N,Google Pay,25-34,Romance
SUB101648,CUST21648,03/18/2024,18 Dec 2024,India,Asia Pacific,Standard,15.03,Console,31.8,No,0,10,Affiliate,TRUE,,Credit Card,18-24,Anime
SUB102001,CUST22001,2021-09-08,29-06-2022,australia,Asia Pacific,Standard,12.93,Mobile,15.7,No,1,15,Affiliate,FALSE,FALSE,Google Pay,55-64,Sci-Fi
SUB101949,CUST21949,,2026-08-08,U.K.,Europe,Standard,14.38,Tablet,28.7,No,0,-5,Organic,0,Yes,Debit Card,45-54,Action
SUB101091,CUST21091,2021-05-18,07/13/2021,Germany,Europe,Standard,14.2,Desktop,0,Yes,0,7,Social Media,Yes,FALSE,PayPal,65+,Sci-Fi
SUB100822,CUST20822,12/23/2025,01/17/2028,spain,Europe,Standard,13.16,mobile,24.9,No,0,2,Paid Search,Yes,No,Google Pay,25-34,Reality TV
SUB102986,CUST20386,2025-06-15,10/11/2026,United States,North America,standard,12.95,Mobile,15.4,No,1,4,Organic,0,,Gift Card,55-64,Romance
SUB100108,CUST20108,06 Apr 2025,2026-10-17,Brazil,Latin America,Standard,15.19,Phone,45.8,No,0,0,Affiliate,1,Yes,Google Pay,55-64,Anime
SUB102402,CUST22402,2024-09-02,2025-03-11,U.S.A,North America,Trial,,Smart TV,0,No,0,-5,Paid Search,TRUE,,Gift Card,25-34,Thriller
SUB100637,CUST20637,2023-01-20,10-05-2025,United States,North America,Standard,15.93,Mobile,42.3,Yes,0,7,Affiliate,,N,Google Pay,65+,Reality TV
SUB101414,CUST21414,06/11/2025,09-12-2026,United Kingdom,Europe,PREMIUM,20.87,Tablet,21.7,no,0,5,Email Campaign,TRUE,No,PayPal,18-24,Documentary
SUB101257,CUST21257,07/19/2023,"August 26, 2025",United Kingdom,Europe,Premium,21.29,iPad,24.2,No,0,15,Email Campaign,FALSE,Y,Google Pay,13-17,Romance
SUB102344,CUST22344,"February 05, 2025",13-12-2025,Canada,North America,Standard,14.18,tablet,0,No,0,1,Affiliate,1,Yes,PayPal,18-24,Reality TV
SUB101365,CUST21365,2025-01-16,2025-11-23,australia,Asia Pacific,standard,15.21,desktop,58.2,No,1,8,Paid Search,0,Y,PayPal,65+,Romance
SUB100164,CUST20164,13-06-2026,,India,Asia Pacific,Free Trial,-1.41,Desktop,24.6,No,1,1,Social Media,No,FALSE,Credit Card,25-34,Drama
SUB100458,CUST20458,2025-01-18,11/25/2024,japan,Asia Pacific,BASIC,9.63,Game Console,62.3,No,0,6,Organic,1,FALSE,PayPal,18-24,Thriller
SUB101276,CUST21276,,20 Mar 2027,INDIA,Asia Pacific,BASIC,9.23,Game Console,43.8,No,0,15,Organic,TRUE,,Google Pay,35-44,Thriller
SUB100759,CUST20759,01/08/2022,30 May 2024,INDIA,Asia Pacific,Standard,$13.76,Tablet,26.5,No,1,9,Social Media,1,N,Debit Card,65+,Comedy
SUB100707,CUST20707,25-11-2023,08-02-2026,United States,North America,Standard,15.16,Tablet,35.6,No,2,4,Affiliate,,,Gift Card,45-54,Thriller
SUB102810,CUST20210,2026-05-10,"September 03, 2027",spain,Europe,Premium,$20.44,Game Console,39.9,No,1,5,Email Campaign,,TRUE,Apple Pay,18-24,Drama
SUB102449,CUST22449,11-09-2024,2026-09-27,France,Europe,Free Trial,0.82,Smart TV,16.8,No,0,9,Social Media,1,Yes,Credit Card,65+,Drama
SUB101295,CUST21295,2022-10-09,01 Dec 2024,United States,North America,BASIC,10.4,SmartTV,17.1,No,3,8,Affiliate,FALSE,Y,Credit Card,55-64,Comedy
SUB100093,CUST20093,04/25/2023,2025-09-03,Spain,,Premium,21.83 USD,mobile,38.7,No,1,,Paid Search,Yes,TRUE,Apple Pay,55-64,Thriller
SUB100817,CUST20817,2025-07-22,09/11/2025,Mexico,North America,Premium,19.75,Tablet,5.6,No,1,4,Paid Search,,No,PayPal,65+,Thriller
SUB102942,CUST20342,21-02-2026,28 Mar 2027,India,Asia Pacific,Std,13.87,Tablet,52.9,No,1,0,Social Media,FALSE,,Debit Card,35-44,Romance
SUB100856,CUST20856,2023-02-28,2023-04-28,India,Asia Pacific,Basic,7.38 USD,Game Console,55.9,No,1,,Paid Search,TRUE,Y,Debit Card,55-64,Kids & Family
SUB100870,CUST20870,29 Oct 2021,2023-03-01,United States,North America,Premium,19.4,Smart TV,52.9,No,1,15,Organic,TRUE,N,Gift Card,35-44,Comedy
SUB101026,CUST21026,09/26/2025,2026-09-05,india,Asia Pacific,Premium,20.45,SmartTV,28.8,No,1,8,Organic,FALSE,Yes,Debit Card,55-64,Reality TV
SUB100143,CUST20143,31-07-2024,18-06-2026,United Kingdom,Europe,Premium,20.31,Game Console,36,No,0,4,Email Campaign,Yes,N,Credit Card,18-24,Sci-Fi
SUB102115,CUST22115,2025-08-13,2027-04-23,France,Europe,Free Trial,-2.2,Phone,19.2,No,0,4,Affiliate,TRUE,N,Credit Card,65+,Reality TV
SUB101483,CUST21483,,"April 12, 2023",India,Asia Pacific,Premium,20.3,Smart TV,8.6,No,0,10,Paid Search,TRUE,Yes,Google Pay,18-24,Sci-Fi
SUB101474,CUST21474,07/01/2025,,Germany,Europe,Premium,$18.07,Tablet,63.2,,0,,Referral,,,Credit Card,55-64,Anime
SUB100163,CUST20163,2026-02-25,01 Nov 2026,Canada,North America,Free Trial,-1.89,Game Console,33.7,,0,6,Paid Search,No,TRUE,PayPal,18-24,Romance
SUB102396,CUST22396,11/04/2025,2026-03-15,United States,North America,Standard,13.29,Desktop,50.2,No,0,0,Organic,TRUE,TRUE,PayPal,65+,Reality TV
SUB100862,CUST20862,04/20/2025,2027-06-29,United Kingdom,,Free Trial,-0.26,Game Console,6.2,No,1,,Affiliate,TRUE,Yes,Credit Card,25-34,Documentary
SUB102460,CUST22460,11/09/2022,2024-04-15,United States,North America,Free Trial,-2.19,Tablet,57.5,No,1,5,Paid Search,TRUE,Yes,Gift Card,45-54,Reality TV
SUB100617,CUST20617,05/19/2022,2023-11-19,germany,Europe,Basic,9.67,Smart TV,,No,1,15,Organic,1,FALSE,PayPal,35-44,Drama
SUB102666,CUST20066,08/05/2023,2024-11-29,Australia,Asia Pacific,Free Trial,0.01,Desktop,70.6,No,0,10,Email Campaign,FALSE,FALSE,Google Pay,35-44,Comedy
SUB101428,CUST21428,27-10-2022,25 Sep 2024,India,Asia Pacific,Standard,13.18,Tablet,348.9,yes,1,4,Social Media,TRUE,Yes,Gift Card,35-44,Romance
SUB102350,CUST22350,03/22/2025,14-08-2026,Germany,Europe,Free Trial,-0.35,Tablet,79.8,No,1,1,Affiliate,FALSE,TRUE,Apple Pay,55-64,Anime
SUB101451,CUST21451,2026-06-15,04 Apr 2028,United States,North America,Standard,12.77,Game Console,53.2,No,1,15,Paid Search,FALSE,FALSE,Debit Card,25-34,Anime
SUB102041,CUST22041,12-11-2023,14 Sep 2023,United Kingdom,Europe,Free Trial,0.93,Desktop,0,,0,9,Affiliate,FALSE,Y,Gift Card,18-24,Anime
SUB101898,CUST21898,25-08-2021,2022-05-07,United States,North America,Standard,13.91,Mobile,464,No,0,1,Referral,TRUE,,Credit Card,35-44,Comedy
SUB100571,CUST20571,2025-01-05,25-10-2025,India,Asia Pacific,Premium,20.01,Desktop,48.8,No,0,10,Referral,No,,Debit Card,65+,Kids & Family
SUB100711,CUST20711,"July 12, 2023",05 Sep 2025,United Kingdom,Europe,FreeTrial,0.99,Console,53.4,Yes,0,2,Paid Search,0,Yes,Credit Card,25-34,Anime
SUB102299,CUST22299,2026-02-12,2026-07-26,France,Europe,Basic,9.93,Smart TV,21,No,0,-5,Affiliate,Yes,FALSE,Google Pay,65+,Drama
SUB100932,CUST20932,2022-03-12,10/13/2022,France,Europe,Standard,12.71,Tablet,,,0,2,Email Campaign,FALSE,FALSE,Debit Card,35-44,Kids & Family
SUB100328,CUST20328,03/16/2024,2026-07-26,Canada,North America,Standard,14.2,Tablet,59.3,No,1,5,Referral,TRUE,No,Gift Card,35-44,Documentary
SUB102999,CUST20399,2025-12-25,"January 31, 2026",United States,North America,Standard,16.55,Mobile,33.8,No,0,9,Affiliate,No,N,Gift Card,55-64,Reality TV
SUB100580,CUST20580,01/18/2022,2023-04-19,united states,North America,Basic,8.68,Game Console,4.9,,1,10,Affiliate,,Y,Credit Card,55-64,Sci-Fi
SUB101402,CUST21402,28-06-2025,13 Aug 2027,United Kingdom,Europe,Premium,20.89,Game Console,51.9,0,1,7,Social Media,,No,Debit Card,13-17,Reality TV
SUB101579,CUST21579,2023-07-24,28 Jul 2024,India,Asia Pacific,PREMIUM,21.03,Tablet,38.5,N,1,8,Affiliate,TRUE,Y,Debit Card,35-44,Reality TV
SUB100858,CUST20858,2022-04-03,09/27/2023,United States,North America,Free Trial,-2.31,Smart TV,57.5,No,1,7,Paid Search,TRUE,No,Gift Card,55-64,Reality TV
SUB101534,CUST21534,"January 09, 2023",2023-12-24,japan,Asia Pacific,Basic,9.88 USD,Game Console,11.8,No,1,8,Organic,FALSE,Yes,Gift Card,55-64,Sci-Fi
SUB100926,CUST20926,"March 27, 2021",,India,Asia Pacific,PREMIUM,18.69,Tablet,63.3,No,0,7,Affiliate,0,Yes,PayPal,25-34,Documentary
SUB102793,CUST20193,12 Mar 2021,12/11/2022,United States,North America,Premium,21.46,Tablet,43,N,3,6,Paid Search,FALSE,N,Debit Card,65+,Sci-Fi
SUB101002,CUST21002,2021-07-15,2021-09-02,United States,North America,Basic,9.18,Tablet,34.4,No,1,9,Social Media,FALSE,,PayPal,55-64,Sci-Fi
SUB100952,CUST20952,2022-10-10,2025-03-21,United States,North America,Premium,21.42,iPad,,,1,4,Affiliate,Yes,,Credit Card,65+,Reality TV
SUB101735,CUST21735,2024-12-22,2025-10-11,Germany,Europe,free trial,-1.45,Desktop,15.9,,1,,Social Media,Yes,Yes,Google Pay,25-34,Kids & Family
SUB102611,CUST20011,2023-02-04,01 Apr 2024,Mexico,North America,Premium,18.5,Tablet,5.3,No,0,-5,Social Media,FALSE,No,PayPal,45-54,Sci-Fi
SUB100245,CUST20245,2024-06-04,2026-02-04,India,Asia Pacific,Standard,15.29,Desktop,42.3,Y,1,5,Affiliate,TRUE,,Apple Pay,65+,Documentary
SUB100322,CUST20322,2021-05-04,2022-03-19,Canada,North America,Basic,8.59,Mobile,32.2,No,0,8,Affiliate,TRUE,No,Apple Pay,35-44,Romance
SUB100788,CUST20788,06/04/2025,03/10/2027,India,Asia Pacific,Free Trial,-0.18,desktop,46,No,0,,Organic,0,No,Debit Card,35-44,Anime
SUB100855,CUST20855,16-06-2022,2023-06-06,India,Asia Pacific,FreeTrial,-0.63,iPad,47.1,No,2,5,Email Campaign,FALSE,TRUE,Apple Pay,65+,Documentary
SUB101895,CUST21895,07/08/2021,05-11-2021,Germany,Europe,BASIC,9.31,Tablet,28.9,No,0,8,Organic,,No,Gift Card,25-34,Drama
SUB102850,CUST20250,2023-07-31,,united states,North America,Standard,14.91,Game Console,57.6,,1,7,Paid Search,FALSE,Yes,Credit Card,25-34,Action
SUB101132,CUST21132,2021-10-15,"February 07, 2022",Spain,Europe,Standard,12.46,Mobile,72.7,No,1,5,Affiliate,No,Y,PayPal,65+,Anime
SUB101452,CUST21452,2022-10-08,21 Aug 2024,USA,North America,PREMIUM,19.12,SmartTV,39.5,No,1,-5,Social Media,TRUE,N,Gift Card,18-24,Thriller
SUB102107,CUST22107,27-04-2022,2024-03-28,Japan,Asia Pacific,Std,14.26,TV,33.4,No,1,9,Social Media,TRUE,N,Debit Card,25-34,Reality TV
SUB102468,CUST22468,2025-05-21,2027-06-22,India,Asia Pacific,Free Trial,0.41,mobile,31.4,No,3,7,Social Media,0,Y,Debit Card,45-54,Romance
SUB100042,CUST20042,"July 06, 2025",2026-10-28,Spain,Europe,Basic,8.55,Smart TV,27.4,No,1,6,Affiliate,0,Y,Gift Card,25-34,Comedy
SUB101125,CUST21125,11-03-2023,2024-10-28,U.S.A,North America,standard,14.16,Game Console,31.1,Y,1,2,Affiliate,1,TRUE,Apple Pay,18-24,Romance
SUB100882,CUST20882,06 Feb 2023,"July 05, 2025",United States,North America,Standard,12.44,Laptop,69.1,N,1,-5,Organic,0,TRUE,Credit Card,55-64,Thriller
SUB102953,CUST20353,10 Oct 2023,2025-05-25,United States,North America,Standard,15.25,Console,99.2,No,0,,Social Media,TRUE,Y,Credit Card,13-17,Action
SUB101212,CUST21212,05/15/2026,08/19/2026,Brazil,Latin America,Premium,21.18,Tablet,32.4,Yes,0,10,Social Media,Yes,,Debit Card,45-54,Anime
SUB101632,CUST21632,2024-06-15,08/18/2024,India,Asia Pacific,Standard,15.56,console,20.2,,0,,Email Campaign,FALSE,N,Google Pay,55-64,Sci-Fi
SUB101976,CUST21976,07/13/2022,31-01-2024,Canada,North America,Trial,-0.8,Mobile,40.9,Yes,1,6,Affiliate,No,TRUE,Debit Card,25-34,Documentary
SUB101031,CUST21031,2023-12-01,22-11-2024,United States,North America,BASIC,8.68,Tablet,36.1,,3,4,Email Campaign,TRUE,FALSE,Google Pay,65+,Anime
SUB102526,CUST22526,18 May 2026,09-02-2027,United Kingdom,Europe,standard,15.56,smart tv,15.5,,0,6,Paid Search,TRUE,N,Google Pay,13-17,Kids & Family
SUB100885,CUST20885,12/29/2023,12/24/2024,Japan,Asia Pacific,Basic,7.64,Mobile,64.2,,0,4,Social Media,TRUE,,PayPal,45-54,Anime
SUB101319,CUST21319,08-03-2021,09/15/2022,Mexico,North America,Standard,15.53,Tablet,18.5,,1,3,Organic,No,FALSE,PayPal,25-34,Action
SUB102410,CUST22410,02/13/2026,2028-05-16,United Kingdom,Europe,premium,19.75,Phone,75.7,,1,9,Referral,TRUE,,Google Pay,55-64,Reality TV
SUB100520,CUST20520,09/22/2025,2026-06-06,United States,North America,Basic,9.83,Smart TV,37,No,0,0,Organic,Yes,N,Apple Pay,45-54,Thriller
SUB100057,CUST20057,24-11-2025,2026-10-31,France,Europe,Basic,8.28,Game Console,6.1,No,0,10,Email Campaign,TRUE,,Google Pay,13-17,Thriller
SUB101152,CUST21152,2023-01-12,04 May 2023,united states,North America,Free Trial,-0.35,tablet,43.1,,0,-5,Social Media,TRUE,FALSE,PayPal,65+,Thriller
SUB100845,CUST20845,,2024-10-28,Spain,Europe,Basic,11.84,mobile,0.2,No,1,,Paid Search,1,N,Gift Card,45-54,Anime
SUB102127,CUST22127,04/22/2022,01/19/2024,United States,North America,Free Trial,-0.29,Game Console,27.4,Yes,0,5,Email Campaign,Yes,TRUE,Apple Pay,45-54,Comedy
SUB102008,CUST22008,21 Sep 2023,2025-07-13,Canada,North America,Basic,8.16,Game Console,31.5,No,0,0,Paid Search,TRUE,N,Apple Pay,65+,Reality TV
SUB100772,CUST20772,07 Apr 2023,2024-10-02,United States,North America,premium,20.46,Game Console,3.7,No,1,1,Email Campaign,,No,Credit Card,25-34,Anime
SUB100256,CUST20256,26 Feb 2024,"January 07, 2026",Canada,North America,Std,14.11,Desktop,33.3,No,0,4,Affiliate,TRUE,No,PayPal,25-34,Kids & Family
SUB101354,CUST21354,11-03-2023,22-01-2025,United States,North America,FreeTrial,-2.08,Tablet,38.6,,0,2,Social Media,TRUE,N,Gift Card,35-44,Reality TV
SUB100236,CUST20236,01/25/2021,21 Apr 2023,India,Asia Pacific,Basic,8.65,iPad,38.7,Yes,1,-5,Organic,0,FALSE,Gift Card,55-64,Documentary
SUB102629,CUST20029,"March 17, 2024",24-06-2024,United States,North America,Standard,16.9,Smart TV,37,No,0,7,Organic,No,No,PayPal,13-17,Sci-Fi
SUB101931,CUST21931,10/23/2021,2021-11-06,France,Europe,basic,8.08,TV,36.1,,0,5,Organic,0,No,Debit Card,18-24,Drama
SUB102729,CUST20129,2024-03-26,"October 27, 2025",Germany,Europe,Basic,9.41 USD,Smart TV,23,,0,9,Organic,TRUE,,Credit Card,25-34,Kids & Family
SUB100344,CUST20344,2022-07-11,,United States,North America,Standard,13.48,PC,41.3,No,1,15,Affiliate,,FALSE,Apple Pay,55-64,Action
SUB100339,CUST20339,2022-03-28,2024-06-21,Brazil,Latin America,Premium,19.79,mobile,,No,1,5,Social Media,No,TRUE,Credit Card,25-34,Drama
SUB100697,CUST20697,2021-11-01,12-03-2023,United States,North America,Free Trial,$-0.22,Mobile,46.5,No,1,2,Organic,,N,Credit Card,65+,Sci-Fi
SUB100991,CUST20991,2021-01-08,04/20/2023,Canada,North America,PREMIUM,21.15,Mobile,36.8,,2,1,Social Media,TRUE,,Apple Pay,18-24,Reality TV
SUB101429,CUST21429,2025-04-21,05/31/2025,united states,North America,Free Trial,0.14,SmartTV,0,no,0,5,Paid Search,1,No,Gift Card,55-64,Thriller
SUB102032,CUST22032,2021-12-17,"March 11, 2023",Germany,Europe,Basic,$8.01,Smart TV,483.8,Y,0,,Social Media,,N,Credit Card,18-24,Thriller
SUB102746,CUST20146,"May 27, 2024",2026-07-08,Brazil,Latin America,FreeTrial,-0.04,Mobile,20.6,1,0,,Referral,TRUE,,Credit Card,45-54,Romance
SUB100316,CUST20316,10/25/2024,09-05-2025,United States,,Premium,19.5,Smart TV,0,No,0,7,Paid Search,TRUE,Yes,PayPal,35-44,Action
SUB101948,CUST21948,"February 26, 2025",03/16/2026,U.S.A,North America,Standard,14.26,Game Console,42.9,No,0,10,Referral,No,FALSE,Google Pay,55-64,Romance
SUB101145,CUST21145,2023-03-15,16-01-2024,india,Asia Pacific,Basic,$5.67,Game Console,26.3,No,0,0,Social Media,TRUE,Y,Google Pay,55-64,Drama
SUB101326,CUST21326,2022-09-24,12/31/2022,United States,North America,Basic,8.51,Smart TV,29.6,No,0,6,Paid Search,,,Credit Card,45-54,Romance
SUB100208,CUST20208,2022-02-12,05/26/2023,Japan,Asia Pacific,Standard,15.3,Desktop,61.6,No,0,7,Paid Search,TRUE,Y,Google Pay,35-44,Drama
SUB101443,CUST21443,2023-07-21,2024-02-22,germany,Europe,Free Trial,1.23,Smart TV,24.3,No,1,8,Email Campaign,FALSE,TRUE,Debit Card,45-54,Anime
SUB102974,CUST20374,2022-06-07,"December 13, 2022",Canada,North America,Basic,6.44,Game Console,53.4,Yes,0,10,Social Media,0,Y,Debit Card,55-64,Thriller
SUB101067,CUST21067,"April 03, 2025",2025-09-06,France,Europe,Free Trial,-1.13,Game Console,53.7,No,0,5,Referral,FALSE,No,Gift Card,18-24,Comedy
SUB100594,CUST20594,2022-05-19,2023-04-17,france,Europe,Basic,10.83,Desktop,,No,0,0,Email Campaign,TRUE,N,Credit Card,18-24,Anime
SUB101652,CUST21652,06-03-2024,14-01-2026,United States,North America,Standard,14.92,Smart TV,53.2,No,1,,Social Media,0,Yes,Gift Card,65+,Action
SUB100657,CUST20657,,06/09/2026,Mexico,North America,Premium,$20.44,iPad,5.3,No,2,10,Email Campaign,,Y,Apple Pay,18-24,Documentary
SUB101382,CUST21382,2026-05-24,09/20/2028,Italy,Europe,basic,9.55,Laptop,14.8,No,2,-5,Organic,FALSE,,Credit Card,65+,Anime
SUB101035,CUST21035,18 Feb 2023,2023-03-15,Canada,North America,Free Trial,0.46,Tablet,11.9,No,0,5,Organic,FALSE,TRUE,Apple Pay,45-54,Comedy
SUB101554,CUST21554,09/19/2025,27-01-2028,india,,Basic,8.94,PC,43.3,0,0,8,Email Campaign,TRUE,Yes,Apple Pay,25-34,Documentary
SUB101820,CUST21820,2021-06-12,10 Nov 2022,United States,North America,Basic,9,Smart TV,35.3,No,2,8,Affiliate,0,No,Apple Pay,65+,Romance
SUB102425,CUST22425,12-05-2024,2025-02-12,United Kingdom,Europe,standard,$14.32,Mobile,,No,1,1,Email Campaign,TRUE,TRUE,Credit Card,25-34,Kids & Family
SUB102076,CUST22076,18 Mar 2025,12/30/2025,United Kingdom,Europe,Standard,13.38,Tablet,43.2,,2,-5,Social Media,FALSE,TRUE,Credit Card,13-17,Drama
SUB102168,CUST22168,2022-05-09,09/11/2024,United States,North America,Basic,9.41,Mobile,41.8,No,0,2,Organic,FALSE,Yes,Debit Card,55-64,Action
SUB100906,CUST20906,07/14/2023,2025-11-02,United States,North America,Trial,-2.53,Console,50.4,no,0,0,Referral,1,N,Apple Pay,55-64,Reality TV
SUB100797,CUST20797,14 Mar 2025,"May 16, 2027",Germany,Europe,Basic,7.71,Tablet,33.9,No,1,,Affiliate,TRUE,TRUE,PayPal,65+,Comedy
SUB102040,CUST22040,2024-07-12,2025-05-02,United States,North America,BASIC,11.21,Tablet,28,No,2,0,Organic,TRUE,No,Google Pay,35-44,Sci-Fi
SUB100179,CUST20179,06/13/2021,2021-07-21,United States,North America,Basic,7.95,smart tv,32,No,1,9,Affiliate,TRUE,TRUE,Debit Card,25-34,Documentary
SUB101007,CUST21007,2025-11-25,,India,Asia Pacific,standard,12.22,Desktop,46.3,No,0,8,Social Media,,,Google Pay,25-34,Anime
SUB100536,CUST20536,2026-01-02,2028-01-01,Mexico,North America,Basic,7.89,desktop,39.5,No,1,0,Organic,FALSE,TRUE,Debit Card,65+,Thriller
SUB101444,CUST21444,15-06-2023,08/23/2023,U.K.,Europe,Free Trial,-0.49,Game Console,35.8,No,0,15,Referral,FALSE,,Google Pay,55-64,Action
SUB100609,CUST20609,2024-05-21,03/01/2025,United States,North America,basic,10.54,Game Console,43.2,No,1,,Email Campaign,0,Yes,Google Pay,45-54,Thriller
SUB102904,CUST20304,2022-10-07,02/07/2025,Germany,Europe,standard,13.95,Game Console,55.2,,1,,Organic,FALSE,Yes,Credit Card,55-64,Kids & Family
SUB100002,CUST20002,07/29/2021,"August 22, 2022",United Kingdom,Europe,Basic,9.89,Smart TV,53.8,No,1,8,Paid Search,,Y,Google Pay,25-34,Comedy
SUB100336,CUST20336,2023-01-26,09-03-2025,Canada,North America,Premium,18.41,Mobile,51.7,No,0,8,Organic,Yes,Y,Credit Card,,Comedy
SUB102404,CUST22404,03/28/2024,2025-01-18,India,Asia Pacific,Trial,0.48,Game Console,38.7,No,0,15,Organic,No,Y,Credit Card,18-24,Thriller
SUB102284,CUST22284,16 Jun 2021,18-11-2022,United States,North America,standard,14.39,tablet,58.6,,0,1,Referral,FALSE,No,PayPal,18-24,Kids & Family
SUB101641,CUST21641,2024-08-23,2026-01-09,United States,North America,Basic,11.46,Mobile,53.8,No,1,0,Paid Search,FALSE,TRUE,Gift Card,18-24,Romance
SUB101860,CUST21860,29-04-2023,2024-03-19,United States,North America,Basic,7.09 USD,Game Console,19.8,No,1,10,Paid Search,0,N,Debit Card,65+,Reality TV
SUB101423,CUST21423,2025-04-26,03 Nov 2025,India,Asia Pacific,Basic,9.75,Tablet,,No,1,7,Affiliate,TRUE,Y,Google Pay,65+,Romance
SUB101197,CUST21197,2024-10-30,04/20/2026,Brasil,Latin America,basic,6.14,tablet,24.3,,0,4,Referral,0,N,Google Pay,55-64,Action
SUB100649,CUST20649,"October 07, 2021",11/23/2021,Japan,Asia Pacific,Trial,-2.5,Game Console,47.3,Yes,1,5,Paid Search,TRUE,,Google Pay,25-34,Anime
SUB100560,CUST20560,,15-05-2024,Brazil,Latin America,Basic,8.09,Desktop,30.3,No,1,2,Affiliate,0,No,Apple Pay,55-64,Drama
SUB102551,CUST22551,"December 06, 2021",06/07/2022,United Kingdom,Europe,Standard,13.6,Tablet,43.3,,0,10,Social Media,FALSE,FALSE,Gift Card,55-64,Comedy
SUB101003,CUST21003,26-12-2022,2022-11-27,france,Europe,Basic,8.2,Smart TV,46.6,No,1,4,Referral,FALSE,N,PayPal,35-44,Sci-Fi
SUB102014,CUST22014,2021-01-04,2023-04-16,canada,North America,Standard,,Game Console,33,No,0,5,Affiliate,1,,Google Pay,25-34,Thriller
SUB100188,CUST20188,24 May 2024,2025-07-02,united kingdom,Europe,Premium,19.74,smart tv,0,No,2,7,Organic,TRUE,N,Credit Card,35-44,Reality TV
SUB102905,CUST20305,2022-08-13,28-02-2024,Canada,North America,BASIC,10.28,Desktop,48,N,0,8,Referral,0,Yes,Debit Card,65+,Reality TV
SUB100232,CUST20232,2026-06-27,29 Jan 2028,mexico,North America,Standard,12.65,Mobile,25.8,Yes,1,8,Email Campaign,Yes,,Google Pay,45-54,Sci-Fi
SUB101311,CUST21311,15-08-2025,"January 14, 2026",United States,North America,Premium,19.59,tablet,30.7,No,1,1,Social Media,Yes,,Apple Pay,18-24,Reality TV
SUB102492,CUST22492,14-07-2023,05/24/2024,France,Europe,Premium,19.38,Desktop,11.2,No,1,3,Affiliate,FALSE,Y,PayPal,35-44,Drama
SUB101613,CUST21613,2021-01-29,2022-12-17,India,Asia Pacific,Basic,9.39,Tablet,18.1,No,0,10,Referral,,Y,PayPal,13-17,Reality TV
SUB100775,CUST20775,2023-05-10,2024-06-07,INDIA,Asia Pacific,Free Trial,-0.75,Mobile,20.4,No,0,0,Affiliate,FALSE,Yes,Debit Card,35-44,Comedy
SUB101273,CUST21273,26-07-2023,2025-10-22,Japan,Asia Pacific,Basic,9.42,Game Console,35.9,No,1,10,Referral,No,FALSE,Apple Pay,55-64,Kids & Family
SUB100800,CUST20800,05/08/2021,12 Aug 2022,United States,North America,Premium,21.62,Game Console,45.2,No,1,3,Social Media,TRUE,FALSE,Debit Card,35-44,Comedy
SUB102265,CUST22265,,13-10-2021,Germany,Europe,Standard,12.48 USD,Console,47.9,Yes,0,9,Paid Search,FALSE,Y,Gift Card,65+,Anime
SUB102607,CUST20007,2023-07-31,09/02/2024,United States,North America,standard,12.94,Tablet,33.1,No,0,6,Email Campaign,FALSE,Yes,Apple Pay,35-44,Anime
SUB101625,CUST21625,08/16/2022,28-04-2024,India,Asia Pacific,Basic,8.01,Console,56.6,No,1,7,Email Campaign,,No,Gift Card,55-64,Reality TV
SUB100756,CUST20756,12/23/2025,2027-12-30,united states,North America,Std,15.56,Desktop,28.7,No,0,-5,Email Campaign,TRUE,Yes,PayPal,45-54,Kids & Family
SUB101717,CUST21717,04/04/2023,2023-09-29,USA,North America,Standard,15.74,Tablet,18.1,Yes,4,6,Social Media,1,Y,Apple Pay,45-54,Reality TV
SUB102036,CUST22036,2025-05-30,07-09-2027,United Kingdom,Europe,Basic,$6.87,Smart TV,,Yes,1,2,Referral,TRUE,TRUE,Credit Card,13-17,Comedy
SUB101250,CUST21250,09/06/2022,22-01-2024,Germany,,Premium,20.14,Mobile,23.3,Yes,1,10,Referral,Yes,TRUE,Credit Card,55-64,Romance
SUB100615,CUST20615,23-07-2026,07/17/2027,Brazil,Latin America,Standard,14.09,Tablet,41.5,N,0,6,Email Campaign,TRUE,N,Gift Card,35-44,Thriller
SUB102239,CUST22239,2025-08-13,,United Kingdom,Europe,Premium,20.89,Game Console,14.8,No,0,-5,Affiliate,0,FALSE,Credit Card,18-24,Sci-Fi
SUB102735,CUST20135,2026-07-24,12/26/2028,USA,North America,Basic,7.52,Desktop,38.4,,2,7,Referral,Yes,Y,Debit Card,65+,Kids & Family
SUB101991,CUST21991,,10/31/2027,united kingdom,Europe,Free Trial,1.72,Desktop,28.8,No,0,,Paid Search,TRUE,N,Google Pay,55-64,Romance
SUB102524,CUST22524,02/17/2023,,U.S.A,,Premium,-19.22,iPad,37,No,2,2,Paid Search,0,N,Google Pay,25-34,Reality TV
SUB100387,CUST20387,2024-12-07,"October 16, 2026",France,Europe,Standard,14.23,Phone,13.1,No,1,2,Email Campaign,FALSE,Y,PayPal,55-64,Romance
SUB100187,CUST20187,,27 Jun 2027,India,Asia Pacific,Standard,14.65,Desktop,81.6,Yes,1,9,Organic,Yes,TRUE,Credit Card,25-34,Documentary
SUB101924,CUST21924,13 Jul 2021,"July 31, 2021",India,Asia Pacific,Basic,9.01,mobile,14.5,No,0,9,Organic,FALSE,Yes,Gift Card,45-54,Drama
SUB100541,CUST20541,2024-11-03,12/27/2025,India,Asia Pacific,Standard,$14.12,Mobile,26.8,No,1,0,Email Campaign,FALSE,TRUE,Credit Card,13-17,Drama
SUB101339,CUST21339,02 Mar 2021,2022-11-03,United States,North America,basic,-8.91,PC,27.7,0,1,-5,Social Media,Yes,N,Debit Card,45-54,Action
SUB101514,CUST21514,22 Aug 2022,2024-05-01,U.K.,Europe,Basic,8.54,Game Console,44.7,No,1,8,Social Media,TRUE,Y,Gift Card,35-44,Romance
SUB102948,CUST20348,"June 17, 2025",2027-07-01,United States,North America,free trial,0.29,Game Console,47.2,No,1,15,Referral,TRUE,Yes,Apple Pay,13-17,Action
SUB100262,CUST20262,17 Aug 2022,"February 10, 2024",Germany,Europe,Free Trial,1.68 USD,Mobile,26.1,no,2,9,Paid Search,No,Yes,Apple Pay,65+,Action
SUB101680,CUST21680,16-12-2022,10-03-2023,united states,North America,Free Trial,$-0.33,Game Console,39.5,N,0,0,Affiliate,,No,Google Pay,35-44,Romance
SUB100905,CUST20905,07-08-2024,15-07-2025,Brasil,Latin America,Std,14.57,Desktop,29.8,Yes,1,15,Social Media,1,FALSE,Debit Card,18-24,Drama
SUB102306,CUST22306,05/22/2022,28-08-2023,Brazil,Latin America,Free Trial,-0.74,Mobile,52.6,No,0,7,Organic,FALSE,,Debit Card,35-44,Thriller
SUB100253,CUST20253,15 Jul 2023,2024-07-25,France,Europe,Std,16.89,smart tv,43.7,Yes,1,7,Social Media,FALSE,No,Apple Pay,13-17,Sci-Fi
SUB102130,CUST22130,12-02-2025,,United States,North America,Standard,13.43,iPad,26.8,No,2,-5,Affiliate,TRUE,N,Apple Pay,45-54,Thriller
SUB101659,CUST21659,"February 20, 2023",2024-04-21,United States,North America,BASIC,9.58,Phone,13.4,No,0,3,Social Media,FALSE,,Credit Card,35-44,Documentary
SUB100679,CUST20679,03/12/2026,2028-01-12,france,Europe,Basic,10.09,Desktop,,No,1,,Email Campaign,FALSE,TRUE,PayPal,45-54,Action
SUB100075,CUST20075,2025-07-05,"December 18, 2026",United States,North America,Basic,10.27,Smart TV,38.1,No,1,2,Email Campaign,1,,Credit Card,45-54,Sci-Fi
SUB100599,CUST20599,07-06-2023,14-07-2023,India,Asia Pacific,Free Trial,-1.59,iPad,25.3,,1,2,Organic,0,TRUE,PayPal,13-17,Drama
SUB101726,CUST21726,03/09/2022,06/22/2022,Brazil,Latin America,PREMIUM,$21.3,Console,46,No,0,1,Email Campaign,TRUE,,PayPal,18-24,Reality TV
SUB100317,CUST20317,"October 08, 2024",2026-05-09,India,Asia Pacific,Premium,19.62,Game Console,29.3,,0,3,Organic,1,N,Credit Card,55-64,Drama
SUB100938,CUST20938,14-03-2025,20 Jul 2027,France,,Std,12.71,Tablet,39,No,0,8,Social Media,TRUE,,Debit Card,65+,Thriller
SUB101469,CUST21469,01/18/2022,15-02-2023,INDIA,Asia Pacific,Basic,7.77,Smart TV,45.6,Yes,2,1,Paid Search,,No,Credit Card,13-17,Thriller
SUB101455,CUST21455,06-12-2021,"October 10, 2023",U.K.,Europe,Standard,14.95,Tablet,40.5,N,1,10,Paid Search,FALSE,N,PayPal,35-44,Documentary
SUB101148,CUST21148,2022-04-15,2023-05-30,U.K.,Europe,Free Trial,1.55,Desktop,40.2,No,0,-5,Email Campaign,Yes,Y,Debit Card,18-24,Romance
SUB102258,CUST22258,05/10/2026,11/28/2027,United States,North America,Standard,14.02,Game Console,0,,1,4,Email Campaign,FALSE,Yes,Apple Pay,65+,Kids & Family
SUB101307,CUST21307,25 Sep 2022,2023-10-29,Australia,Asia Pacific,standard,13.01,Game Console,34.2,Yes,0,2,Organic,0,TRUE,Credit Card,65+,Anime
SUB102097,CUST22097,04/23/2023,2025-02-17,brazil,Latin America,Premium,20.56,Desktop,69.4,Yes,2,-5,Social Media,FALSE,Y,Credit Card,18-24,Reality TV
SUB101889,CUST21889,2025-06-28,26 Mar 2026,Japan,Asia Pacific,Basic,10,Desktop,,No,0,-5,Referral,TRUE,No,Apple Pay,13-17,Drama
SUB102129,CUST22129,2023-10-31,07/11/2025,United States,North America,Standard,10.94,Desktop,51,,1,5,Paid Search,1,N,PayPal,25-34,Kids & Family
SUB100324,CUST20324,07/12/2025,07-02-2026,India,Asia Pacific,Premium,20.19,SmartTV,,No,1,8,Social Media,TRUE,Yes,Debit Card,55-64,Action
SUB102722,CUST20122,03/25/2026,04 Jul 2028,Spain,Europe,Premium,,Desktop,35.3,Yes,1,,Email Campaign,TRUE,Yes,Google Pay,18-24,Thriller
SUB102223,CUST22223,2023-10-09,08 Jan 2024,United States,North America,Standard,16.13,Tablet,52.7,Yes,0,9,Affiliate,FALSE,No,Credit Card,18-24,Romance
SUB100636,CUST20636,2023-02-17,03/30/2023,India,Asia Pacific,Premium,20.02,Smart TV,,No,0,3,Social Media,0,TRUE,Gift Card,25-34,Reality TV
SUB101117,CUST21117,13 Aug 2021,2022-07-20,United States,North America,Basic,7.09,Mobile,20.1,No,0,4,Affiliate,FALSE,FALSE,PayPal,13-17,Documentary
SUB101846,CUST21846,2025-02-20,,United States,North America,Premium,19.81,Game Console,36.6,No,1,1,Email Campaign,1,Y,Debit Card,18-24,Anime
SUB101268,CUST21268,2023-05-27,04/28/2024,United States,North America,Standard,11.98,Tablet,32.8,No,1,5,Email Campaign,TRUE,No,Credit Card,35-44,Documentary
SUB101286,CUST21286,10/28/2021,,United States,North America,Std,,smart tv,63.2,No,1,10,Affiliate,1,N,Apple Pay,65+,Sci-Fi
SUB101473,CUST21473,"October 01, 2025",05/30/2026,INDIA,Asia Pacific,Standard,13.11,Mobile,35.6,1,1,4,Organic,,N,PayPal,55-64,Kids & Family
SUB102720,CUST20120,09/14/2022,2022-08-25,Mexico,North America,premium,20.75,Tablet,,No,0,6,Affiliate,TRUE,Yes,Google Pay,18-24,Thriller
SUB102633,CUST20033,2021-09-21,04/03/2022,United States,North America,Standard,13.02,Desktop,54.8,yes,1,1,Paid Search,,N,Apple Pay,13-17,Sci-Fi
SUB101210,CUST21210,2022-08-07,01-04-2023,Australia,Asia Pacific,Basic,8.7,Smart TV,15.8,No,1,15,Email Campaign,1,N,Google Pay,55-64,Drama
SUB102582,CUST22582,01/14/2022,2022-10-11,U.K.,Europe,Premium,19.73,Tablet,40,,0,,Referral,No,Y,PayPal,65+,Action
SUB100744,CUST20744,23-05-2021,,Brazil,Latin America,Standard,13.24,Mobile,13.6,1,1,0,Paid Search,FALSE,Y,Gift Card,18-24,Action
SUB102682,CUST20082,2022-09-27,19-07-2024,Italy,Europe,Premium,19.62,Smart TV,49.6,No,1,7,Referral,TRUE,Yes,Gift Card,18-24,Drama
SUB100287,CUST20287,,"December 26, 2026",japan,Asia Pacific,Premium,20.22,TV,5.9,No,0,6,Referral,0,TRUE,Debit Card,35-44,Comedy
SUB100956,CUST20956,2026-03-02,05-11-2026,germany,Europe,Standard,$11.68,Tablet,57.6,No,0,15,Email Campaign,FALSE,N,Debit Card,25-34,Romance
SUB100153,CUST20153,,2023-02-09,U.S.A,North America,premium,19.59,Game Console,61,No,1,7,Affiliate,FALSE,Yes,Gift Card,35-44,Kids & Family
SUB100956,CUST20956,2026-03-02,05-11-2026,germany,Europe,Standard,$11.68,Tablet,57.6,No,0,15,Email Campaign,FALSE,N,Debit Card,25-34,Romance
SUB102218,CUST22218,06/28/2021,2023-04-30,Brazil,Latin America,Premium,21.29,Game Console,22.7,No,2,15,Referral,1,,Google Pay,,Anime
SUB100762,CUST20762,2025-11-28,2026-07-13,France,Europe,Standard,14.73,Smart TV,46.1,No,0,6,Social Media,FALSE,No,Gift Card,13-17,Drama
SUB100478,CUST20478,2021-07-10,07-08-2022,United States,North America,BASIC,11.68,Tablet,35,1,2,0,Email Campaign,,N,Gift Card,13-17,Action
SUB100985,CUST20985,2021-05-06,12/06/2022,United States,North America,Basic,,Tablet,35.6,Yes,0,8,Email Campaign,TRUE,Y,Credit Card,25-34,Drama
SUB102508,CUST22508,08/25/2023,"January 14, 2026",United States,North America,Free Trial,$1.22,Tablet,43.4,No,0,15,Affiliate,1,N,Credit Card,25-34,Documentary
SUB101812,CUST21812,2026-01-02,"November 18, 2026",Brazil,Latin America,Basic,8.21,Smart TV,29.5,No,0,6,Email Campaign,,FALSE,Debit Card,18-24,Documentary
SUB100263,CUST20263,05/14/2025,07/09/2026,United States,North America,Standard,15.74,smart tv,37.6,No,1,3,Paid Search,No,FALSE,Gift Card,55-64,Romance
SUB101082,CUST21082,11/14/2025,10/02/2027,AUS,Asia Pacific,standard,14.57,Game Console,,1,1,0,Affiliate,TRUE,No,PayPal,65+,Kids & Family
SUB100430,CUST20430,20 Apr 2022,"March 01, 2024",United States,North America,Basic,7.26,Desktop,33.8,,0,3,Organic,TRUE,TRUE,PayPal,65+,Drama
SUB100250,CUST20250,04/30/2026,09/12/2026,India,Asia Pacific,BASIC,10.63,Tablet,,No,2,15,Referral,Yes,FALSE,Google Pay,55-64,Drama
SUB101271,CUST21271,18-02-2022,2022-09-24,brazil,Latin America,Free Trial,-2.52,Game Console,51.8,0,1,10,Organic,No,Y,Credit Card,25-34,Reality TV
SUB102868,CUST20268,2024-08-24,02/28/2026,Brazil,Latin America,Free Trial,0.14,Desktop,38.4,,0,7,Paid Search,,Yes,Gift Card,18-24,Action
SUB100020,CUST20020,17-07-2026,03/17/2028,Canada,North America,PREMIUM,19,Game Console,48,,1,6,Social Media,Yes,N,PayPal,55-64,Sci-Fi
SUB102564,CUST22564,04-10-2024,2026-04-23,Australia,Asia Pacific,Basic,9.2,Mobile,,No,1,7,Paid Search,FALSE,No,Apple Pay,55-64,Comedy
SUB101960,CUST21960,,2025-06-24,France,Europe,Standard,12.98,Phone,49.1,No,0,10,Social Media,TRUE,FALSE,PayPal,25-34,Comedy
SUB100659,CUST20659,,13 Jul 2027,united states,North America,Standard,13.32,Game Console,34.6,No,2,,Paid Search,TRUE,TRUE,Gift Card,13-17,Documentary
SUB102354,CUST22354,,,United States,North America,Free Trial,-0.06,Game Console,29.6,No,0,15,Referral,,Yes,Apple Pay,25-34,Anime
SUB102094,CUST22094,22-08-2023,01-08-2025,brazil,Latin America,Free Trial,0.36,Game Console,46.1,Yes,0,5,Organic,No,No,PayPal,13-17,Drama
SUB100807,CUST20807,2021-08-31,"February 14, 2022",Japan,Asia Pacific,Std,13.08,Desktop,46.5,No,1,0,Social Media,No,N,Google Pay,25-34,Kids & Family
SUB101510,CUST21510,2022-09-24,03/21/2023,INDIA,Asia Pacific,Basic,8.87,Desktop,18.3,yes,0,5,Affiliate,FALSE,FALSE,Credit Card,35-44,Anime
SUB102353,CUST22353,07/25/2021,"July 02, 2022",Mexico,,standard,15.07 USD,Desktop,51.3,0,1,-5,Organic,TRUE,TRUE,PayPal,55-64,Reality TV
SUB100922,CUST20922,10/28/2021,14-09-2022,United States,North America,Standard,14.8,Desktop,44.5,,2,15,Social Media,1,Yes,Google Pay,13-17,Kids & Family
SUB100819,CUST20819,12/15/2021,2022-10-12,Canada,North America,Standard,14.77,Smart TV,5.2,No,2,,Email Campaign,Yes,,Google Pay,65+,Reality TV
SUB102714,CUST20114,2021-04-25,02/07/2023,United States,North America,Std,14.57,Tablet,51.1,No,0,6,Referral,No,Y,Gift Card,13-17,Drama
SUB100343,CUST20343,"May 13, 2021",2021-07-23,India,Asia Pacific,Basic,10.79 USD,Mobile,25.8,Yes,2,,Social Media,No,FALSE,Gift Card,18-24,Sci-Fi
SUB100354,CUST20354,07/05/2021,2023-12-14,germany,Europe,free trial,0.78,Tablet,34.7,No,0,-5,Paid Search,No,FALSE,Apple Pay,65+,Romance
SUB102599,CUST22599,2024-01-18,01/10/2026,Canada,North America,Basic,11.44 USD,Game Console,22.5,No,0,6,Social Media,Yes,TRUE,PayPal,25-34,Documentary
SUB100521,CUST20521,03/28/2021,16-07-2021,germany,Europe,Free Trial,-0.91,Tablet,17.8,Yes,1,3,Organic,,FALSE,Google Pay,35-44,Drama
SUB102055,CUST22055,2025-05-24,26-11-2026,United States,North America,Basic,8.9,smart tv,13.9,No,1,7,Affiliate,,FALSE,Gift Card,55-64,Kids & Family
SUB100016,CUST20016,"November 10, 2022",03/08/2023,Germany,Europe,Standard,16.56,Game Console,26.9,Yes,1,9,Email Campaign,0,TRUE,Gift Card,,Reality TV
SUB101993,CUST21993,27 Dec 2021,12/04/2023,United States,North America,Basic,7.98,Desktop,58.3,No,1,1,Paid Search,TRUE,FALSE,Debit Card,35-44,Drama
SUB102488,CUST22488,2024-08-12,05/21/2025,United States,North America,basic,9.35,Desktop,50.6,No,3,,Paid Search,0,No,Credit Card,18-24,Kids & Family
SUB100843,CUST20843,2021-07-04,19-03-2022,india,Asia Pacific,Premium,19.35,Game Console,10,0,0,,Affiliate,TRUE,FALSE,Google Pay,55-64,Anime
SUB100565,CUST20565,2021-05-20,2021-12-10,Germany,Europe,Premium,19.17,console,,No,2,9,Referral,No,FALSE,Apple Pay,65+,Documentary
SUB102651,CUST20051,16-08-2024,08-12-2024,France,Europe,Standard,$15.06,Game Console,41.3,No,0,0,Paid Search,TRUE,FALSE,Debit Card,35-44,Action
SUB102766,CUST20166,07 Mar 2026,10/28/2027,India,Asia Pacific,Basic,10.03,Game Console,28.1,Yes,0,3,Referral,,FALSE,Debit Card,35-44,Drama
SUB100052,CUST20052,08/16/2022,29-06-2022,Spain,Europe,premium,19.56,Smart TV,49.8,No,1,-5,Affiliate,0,Y,Gift Card,35-44,Sci-Fi
SUB101994,CUST21994,05/24/2023,24-06-2025,Germany,Europe,Standard,14.42,Game Console,40.1,Yes,2,6,Social Media,,FALSE,PayPal,55-64,Romance
SUB102117,CUST22117,"December 03, 2021","January 17, 2024",USA,North America,Basic,10.33,Laptop,65.2,,0,5,Paid Search,Yes,N,Google Pay,13-17,Drama
SUB102887,CUST20287,09/03/2021,"June 04, 2022",United States,North America,Trial,-0.5,Game Console,40.5,No,2,-5,Email Campaign,FALSE,N,Apple Pay,55-64,Reality TV
SUB101920,CUST21920,2022-12-16,2022-12-24,U.S.A,North America,Free Trial,0.86,Desktop,11.3,No,0,15,Referral,FALSE,Y,Apple Pay,45-54,Romance
SUB102762,CUST20162,2021-08-08,2021-12-16,japan,Asia Pacific,Standard,16.98 USD,Game Console,43.9,,1,6,Email Campaign,No,Y,Google Pay,35-44,Romance
SUB101595,CUST21595,02/04/2022,04/16/2024,Germany,Europe,Free Trial,-0.66,iPad,35.8,No,0,3,Email Campaign,0,N,Gift Card,18-24,Thriller
SUB102000,CUST22000,2024-03-14,16-12-2025,United Kingdom,Europe,Free Trial,-1.63,Smart TV,4.2,No,1,3,Paid Search,0,N,Credit Card,35-44,Sci-Fi
SUB100395,CUST20395,2026-01-18,,United Kingdom,Europe,Standard,12.49,Game Console,45.2,no,0,3,Affiliate,0,Y,Debit Card,18-24,Documentary
SUB102136,CUST22136,2023-08-16,2024-08-03,India,Asia Pacific,Basic,9.53,Desktop,29.8,No,1,-5,Organic,FALSE,Yes,PayPal,25-34,Comedy
SUB100832,CUST20832,06/05/2024,16-06-2026,Japan,Asia Pacific,Basic,8.88,Mobile,3,No,2,0,Affiliate,Yes,TRUE,Google Pay,45-54,Kids & Family
SUB100448,CUST20448,"April 26, 2024",2026-01-17,France,Europe,BASIC,7.96,Smart TV,44.6,,0,-5,Affiliate,Yes,TRUE,Credit Card,13-17,Anime
SUB101324,CUST21324,10/01/2022,28 Dec 2024,Brasil,Latin America,Premium,19.57,Mobile,6.4,No,1,-5,Affiliate,TRUE,No,Google Pay,13-17,Action
SUB100972,CUST20972,2023-04-18,25-05-2023,united states,North America,Basic,7.76 USD,Tablet,53.2,No,1,1,Social Media,,N,Apple Pay,55-64,Action
SUB102251,CUST22251,05/02/2022,2023-02-20,INDIA,Asia Pacific,Free Trial,-0.35,desktop,70.9,,1,6,Social Media,0,,Credit Card,45-54,Reality TV
SUB102575,CUST22575,06/10/2022,07 Dec 2022,INDIA,Asia Pacific,Standard,14.26,Phone,47.3,,0,6,Referral,,Yes,PayPal,13-17,Sci-Fi
SUB101856,CUST21856,2022-11-29,"July 31, 2023",United Kingdom,Europe,BASIC,12.4,Smart TV,27.5,No,0,8,Social Media,1,No,Debit Card,35-44,Anime
SUB100043,CUST20043,2025-12-16,16 Nov 2026,france,Europe,Std,12.55,Console,44.7,,2,-5,Referral,,Y,Google Pay,55-64,Reality TV
SUB102844,CUST20244,,"April 05, 2024",Brazil,Latin America,Free Trial,1.38,Game Console,8.3,Yes,1,10,Organic,,Yes,Debit Card,45-54,Drama
SUB101906,CUST21906,05-06-2021,2021-08-07,France,Europe,Standard,13.06,Mobile,63.6,No,1,4,Social Media,FALSE,N,Gift Card,13-17,Sci-Fi
SUB101388,CUST21388,2024-09-02,12/08/2024,Brazil,Latin America,Premium,21.77 USD,console,32.8,Yes,3,6,Email Campaign,TRUE,N,PayPal,35-44,Kids & Family
SUB102802,CUST20202,23 Apr 2024,04/27/2024,Germany,,Standard,-15.35,Mobile,0,No,0,6,Email Campaign,1,No,Apple Pay,55-64,Sci-Fi
SUB101384,CUST21384,2023-11-20,2025-08-02,INDIA,Asia Pacific,standard,14.59,Tablet,56.3,,1,5,Affiliate,FALSE,N,Credit Card,35-44,Romance
SUB101377,CUST21377,2025-06-13,01/15/2027,India,Asia Pacific,Standard,14.98,Mobile,50.4,1,2,-5,Organic,TRUE,Yes,PayPal,18-24,Sci-Fi
SUB102574,CUST22574,30-04-2021,03/16/2023,United States,North America,Standard,17.59,Tablet,13.5,No,0,6,Affiliate,1,Yes,Google Pay,13-17,Drama
SUB100431,CUST20431,"February 13, 2023","November 26, 2024",México,,Standard,14.09,Tablet,21.1,No,0,15,Social Media,TRUE,No,Credit Card,35-44,Anime
SUB100076,CUST20076,07-05-2024,02-02-2025,Brazil,Latin America,Premium,19.8,Phone,14.3,No,0,9,Paid Search,TRUE,,Debit Card,,Romance
SUB101252,CUST21252,2024-03-09,2026-03-03,United Kingdom,Europe,Standard,14.66,Game Console,0.8,Yes,2,10,Social Media,TRUE,Yes,PayPal,55-64,Documentary
SUB100639,CUST20639,2024-11-27,22 Aug 2026,United States,North America,Premium,17.39,Desktop,0,No,0,4,Organic,1,N,Debit Card,65+,Sci-Fi
SUB102909,CUST20309,03/26/2024,2026-07-04,Canada,North America,premium,21.57,Mobile,59,,0,6,Email Campaign,FALSE,No,Credit Card,18-24,Romance
SUB102017,CUST22017,2021-04-11,,India,Asia Pacific,Basic,10.03,iPad,49.3,No,0,10,Organic,Yes,No,PayPal,45-54,Action
SUB100156,CUST20156,,2025-04-27,United States,North America,Premium,$22.08,Desktop,43.8,Yes,0,7,Affiliate,No,N,Debit Card,18-24,Action
SUB101873,CUST21873,2026-02-07,2028-02-15,United States,North America,Standard,15.1,Desktop,43.9,Yes,0,3,Organic,TRUE,,Debit Card,55-64,Action
SUB101177,CUST21177,27-09-2022,01/01/2024,Canada,North America,standard,15.33,Mobile,313.5,Y,1,6,Referral,FALSE,Yes,Gift Card,35-44,Action
SUB100353,CUST20353,07/15/2026,03-01-2027,united kingdom,Europe,Premium,20.66,Console,30.6,No,0,-5,Email Campaign,FALSE,Y,Gift Card,55-64,Comedy
SUB102640,CUST20040,2026-06-13,2027-10-21,United States,North America,Basic,10.28,Smart TV,50.2,,0,2,Email Campaign,Yes,,Apple Pay,55-64,Thriller
SUB102763,CUST20163,11 Dec 2022,01/18/2023,Brazil,Latin America,Free Trial,-1.59,Tablet,19.5,No,3,3,Organic,TRUE,TRUE,Debit Card,18-24,Anime
SUB101372,CUST21372,2026-05-29,01 Sep 2027,Mexico,North America,standard,14.89,Phone,52.4,Y,1,10,Affiliate,TRUE,N,Google Pay,65+,Sci-Fi
SUB101868,CUST21868,05/31/2022,14-06-2023,India,Asia Pacific,Basic,8.75,Smart TV,9.6,No,2,6,Organic,0,,Apple Pay,65+,Action
SUB102273,CUST22273,06/03/2024,2026-10-01,japan,Asia Pacific,Basic,9.43,iPad,17,No,2,9,Email Campaign,FALSE,No,Apple Pay,65+,Anime
SUB100695,CUST20695,"June 17, 2025",08/07/2025,Germany,Europe,Basic,9.54,Mobile,0,Yes,0,10,Email Campaign,FALSE,,PayPal,25-34,Documentary
SUB102924,CUST20324,07-08-2025,07/19/2026,Germany,Europe,premium,19.71,Desktop,51.6,No,0,8,Organic,Yes,,Debit Card,35-44,Drama
SUB100814,CUST20814,2021-05-17,2022-04-26,India,Asia Pacific,standard,13.97,Tablet,40.7,No,0,4,Email Campaign,Yes,Yes,Google Pay,25-34,Comedy
SUB101498,CUST21498,01/31/2023,28-09-2023,united kingdom,Europe,Basic,9.13,Smart TV,54.7,No,2,-5,Social Media,FALSE,N,Gift Card,35-44,Action
SUB102086,CUST22086,2025-01-23,2026-07-16,Australia,Asia Pacific,Basic,7.98,Desktop,40.7,Y,0,,Paid Search,No,N,Gift Card,55-64,Action
SUB101794,CUST21794,07/12/2022,02/23/2023,Canada,North America,Basic,9.93,Game Console,34.2,No,0,15,Social Media,1,Yes,Gift Card,45-54,Anime
SUB100120,CUST20120,05/04/2025,04/04/2026,United States,North America,Standard,13.35,Smart TV,17.5,Y,1,9,Social Media,Yes,Yes,Debit Card,,Thriller
SUB102712,CUST20112,2024-09-24,2025-08-20,United States,North America,Standard,13.8,mobile,13.7,,0,4,Organic,FALSE,No,Apple Pay,13-17,Drama
SUB102035,CUST22035,2023-07-06,2025-03-21,Italy,Europe,Premium,18.57,Laptop,46,Yes,1,-5,Organic,Yes,No,Google Pay,45-54,Drama
SUB100159,CUST20159,"April 19, 2021",2021-11-09,India,Asia Pacific,Basic,10.18,Desktop,11.4,No,1,15,Social Media,1,N,Google Pay,35-44,Documentary
SUB100747,CUST20747,06-11-2024,08 Jun 2026,India,Asia Pacific,Free Trial,,Phone,11.4,No,3,5,Paid Search,No,Y,Gift Card,13-17,Drama
SUB100190,CUST20190,09 Jun 2026,12/07/2026,Spain,Europe,Standard,14.12,PC,61.2,No,1,-5,Paid Search,No,Yes,Credit Card,65+,Action
SUB102391,CUST22391,28-02-2025,2025-12-23,Japan,Asia Pacific,Basic,8.94,Mobile,38.5,0,1,8,Social Media,TRUE,No,Debit Card,55-64,Kids & Family
SUB102234,CUST22234,01/15/2025,09/26/2025,Canada,North America,Premium,19.42,Game Console,0,no,1,1,Affiliate,0,,Google Pay,45-54,Thriller
SUB100957,CUST20957,"June 21, 2023",2024-06-21,Deutschland,Europe,Premium,,SmartTV,11.2,,0,3,Organic,1,TRUE,Credit Card,55-64,Comedy
SUB100852,CUST20852,2025-12-06,2027-01-28,United States,North America,Basic,6.26,console,47.8,No,2,7,Referral,FALSE,TRUE,Apple Pay,25-34,Action
SUB102906,CUST20306,15-09-2024,15-12-2024,Canada,North America,Standard,12.24,Desktop,18.2,No,1,,Paid Search,TRUE,Yes,Gift Card,13-17,Comedy
SUB102271,CUST22271,"January 10, 2026",25 Feb 2026,India,Asia Pacific,basic,10.96,Desktop,41.2,Yes,0,,Affiliate,1,FALSE,Apple Pay,13-17,Sci-Fi
SUB102623,CUST20023,12/05/2022,26-11-2022,Canada,North America,Standard,14.45,Game Console,15.1,,0,-5,Social Media,FALSE,TRUE,Google Pay,45-54,Romance
SUB102441,CUST22441,11/27/2024,2025-07-04,United States,North America,Premium,21.43,Game Console,37,No,0,,Paid Search,,FALSE,Gift Card,55-64,Anime
SUB102171,CUST22171,10/15/2022,23 Sep 2024,France,Europe,Standard,14.53 USD,Desktop,31.4,No,1,2,Referral,TRUE,Yes,PayPal,25-34,Thriller
SUB101226,CUST21226,2022-04-06,,Brasil,Latin America,basic,8.46,Desktop,61.5,No,1,4,Organic,FALSE,TRUE,Apple Pay,13-17,Action
SUB102366,CUST22366,2024-10-04,04/16/2025,United States,North America,Standard,15.92,Game Console,59.1,No,0,1,Paid Search,1,TRUE,Credit Card,65+,Action
SUB102956,CUST20356,13-06-2021,2023-09-21,United States,North America,Standard,13.74,mobile,37.6,No,0,0,Organic,Yes,TRUE,PayPal,35-44,Sci-Fi
SUB102637,CUST20037,,2023-03-01,australia,Asia Pacific,Basic,9.85,desktop,15.4,No,3,4,Paid Search,TRUE,FALSE,PayPal,55-64,Reality TV
SUB101843,CUST21843,24 Nov 2022,2025-03-20,México,North America,Std,$13.71,Game Console,31.4,No,1,,Organic,1,Y,PayPal,45-54,Anime
SUB102208,CUST22208,"February 12, 2023",2024-07-26,france,Europe,Free Trial,-0.04,Smart TV,14.6,No,1,1,Paid Search,No,TRUE,Google Pay,13-17,Sci-Fi
SUB101915,CUST21915,02/13/2022,17 Dec 2023,U.S.A,North America,Premium,19.1,iPad,7.9,Yes,1,7,Organic,Yes,N,Debit Card,35-44,Comedy
SUB100065,CUST20065,01/07/2026,,canada,North America,Std,13.22,tablet,16.5,No,1,15,Affiliate,,Y,Google Pay,55-64,Kids & Family
SUB100850,CUST20850,2024-09-03,01/28/2025,United Kingdom,Europe,Premium,20.3,Smart TV,55.5,No,1,0,Referral,FALSE,Yes,Gift Card,25-34,Documentary
SUB102230,CUST22230,2024-08-06,04-07-2024,India,Asia Pacific,BASIC,7.73,tablet,43.6,No,0,2,Organic,TRUE,TRUE,Apple Pay,13-17,Action
SUB102964,CUST20364,12/14/2023,28 Aug 2025,Canada,North America,Standard,14.52 USD,Tablet,38.5,Y,0,6,Affiliate,FALSE,FALSE,Apple Pay,13-17,Thriller
SUB101802,CUST21802,03-03-2022,2023-11-08,United States,North America,Premium,21.25,Game Console,33.7,No,1,1,Referral,1,FALSE,Gift Card,65+,Reality TV
SUB102257,CUST22257,17 Apr 2022,10/21/2022,United States,North America,Premium,$18.83,Game Console,46.3,No,0,8,Organic,No,FALSE,Gift Card,25-34,Sci-Fi
SUB100741,CUST20741,07-02-2026,2026-09-21,U.S.A,North America,standard,15.04,Game Console,7.5,,0,5,Affiliate,FALSE,Yes,Credit Card,35-44,Anime
SUB102361,CUST22361,22-04-2024,01-09-2024,United States,North America,Basic,7.27,Desktop,70.7,Yes,0,4,Referral,Yes,Yes,Apple Pay,13-17,Documentary
SUB100524,CUST20524,2022-01-24,07-12-2022,Spain,Europe,Standard,12.5,mobile,30.9,No,0,,Affiliate,FALSE,N,PayPal,35-44,Comedy
SUB100955,CUST20955,2024-08-21,08/28/2024,INDIA,Asia Pacific,Basic,7.68,Mobile,55.5,Yes,0,1,Social Media,Yes,,PayPal,45-54,Thriller
SUB102416,CUST22416,2024-06-18,,united states,North America,Standard,14.6,Game Console,17.6,Yes,1,8,Paid Search,0,N,PayPal,35-44,Anime
SUB102865,CUST20265,10/04/2021,10/11/2023,Canada,North America,Free Trial,1.44,Game Console,46.7,,1,4,Organic,TRUE,Yes,Gift Card,35-44,Romance
SUB101617,CUST21617,2022-03-08,2023-07-30,United States,North America,Standard,15.15,Tablet,27.6,No,0,6,Affiliate,No,Y,Credit Card,13-17,Thriller
SUB101215,CUST21215,10 Jul 2021,2021-12-08,INDIA,Asia Pacific,Basic,9.97,Game Console,87.1,No,0,15,Referral,,Y,Gift Card,35-44,Reality TV
SUB102504,CUST22504,2025-02-19,16 Jul 2025,United States,North America,Standard,13,Laptop,42.5,No,0,5,Social Media,Yes,No,Gift Card,65+,Drama
SUB102189,CUST22189,14-07-2025,10/11/2027,USA,North America,Premium,19.89,Smart TV,,No,0,6,Social Media,0,,Google Pay,13-17,Anime
SUB101419,CUST21419,03/16/2025,14-01-2026,United States,North America,Standard,14.28,Desktop,18.6,,0,2,Affiliate,No,,Gift Card,25-34,Sci-Fi
SUB101385,CUST21385,2021-07-22,08/05/2023,INDIA,Asia Pacific,Std,14.45,Game Console,36.9,No,1,,Affiliate,TRUE,N,PayPal,25-34,Comedy
SUB102800,CUST20200,"July 04, 2024",2024-12-24,Brazil,Latin America,Premium,19.5,Desktop,0,No,0,,Paid Search,No,,Debit Card,25-34,Reality TV
SUB102293,CUST22293,02/25/2024,09/13/2024,United States,North America,Standard,15.98,Tablet,0,No,0,9,Referral,No,No,PayPal,45-54,Comedy
SUB100887,CUST20887,,06 Nov 2024,U.S.A,North America,premium,17.07,Game Console,15.3,No,0,15,Email Campaign,TRUE,No,Google Pay,65+,Drama
SUB101331,CUST21331,07/15/2023,2025-03-01,Canada,North America,Std,15.87,Game Console,45.2,No,0,6,Referral,,FALSE,Credit Card,18-24,Drama
SUB101983,CUST21983,2025-04-19,2027-01-15,India,Asia Pacific,Standard,$15.43,Smart TV,16.8,No,0,6,Social Media,0,TRUE,Credit Card,65+,Romance
SUB100840,CUST20840,,2023-02-25,france,Europe,Basic,8.34,tablet,,yes,0,-5,Paid Search,No,Y,Credit Card,55-64,Reality TV
SUB101239,CUST21239,11/18/2023,2024-12-07,UK,Europe,Free Trial,0.92,Smart TV,19.8,No,1,0,Organic,No,TRUE,Apple Pay,25-34,Anime
SUB102161,CUST22161,11 Nov 2024,11/29/2024,spain,Europe,Basic,7.92,Game Console,0,No,1,6,Email Campaign,TRUE,FALSE,Google Pay,18-24,Documentary
SUB100588,CUST20588,2025-01-13,10/31/2025,United States,North America,Basic,9.43,Game Console,43.3,No,0,8,Affiliate,FALSE,N,Apple Pay,,Action
SUB100064,CUST20064,2026-07-02,2028-04-08,U.K.,Europe,Standard,15.75,tablet,11.2,Yes,0,3,Paid Search,FALSE,Y,Google Pay,13-17,Romance
SUB101122,CUST21122,04/28/2025,07/06/2026,India,Asia Pacific,PREMIUM,20.39,Game Console,39.9,No,0,3,Social Media,0,TRUE,Debit Card,65+,Comedy
SUB101308,CUST21308,2021-11-03,2023-11-16,United States,North America,Premium,-20.1,Desktop,15.3,,1,9,Affiliate,1,TRUE,Gift Card,25-34,Documentary
SUB100678,CUST20678,16 Feb 2023,07/18/2025,India,Asia Pacific,Basic,$8.69,Laptop,27.4,N,2,15,Paid Search,Yes,No,Google Pay,13-17,Kids & Family
SUB101022,CUST21022,2023-07-23,23-11-2023,Spain,Europe,Premium,20.69,Tablet,25.1,No,0,10,Referral,,N,Debit Card,55-64,Sci-Fi
SUB101321,CUST21321,06/29/2024,11/22/2025,India,Asia Pacific,Basic,9.31,Phone,16,No,1,6,Organic,Yes,N,Credit Card,65+,Sci-Fi
SUB102327,CUST22327,2024-04-18,08/05/2026,INDIA,Asia Pacific,basic,8.24,Console,22,Yes,0,8,Organic,,,Gift Card,35-44,Romance
SUB100443,CUST20443,12/18/2022,2023-03-07,INDIA,Asia Pacific,basic,-8.47,Desktop,0,No,1,10,Referral,FALSE,TRUE,Gift Card,25-34,Anime
SUB101555,CUST21555,16-03-2022,2023-05-16,India,Asia Pacific,BASIC,8.12,Smart TV,42.4,No,0,7,Paid Search,,FALSE,Google Pay,13-17,Kids & Family
SUB102021,CUST22021,2021-09-01,25 Nov 2021,Brazil,Latin America,Premium,20.21,Tablet,43.3,,0,,Referral,FALSE,Y,PayPal,25-34,Action
SUB102360,CUST22360,2025-07-28,"August 28, 2025",Australia,Asia Pacific,Free Trial,0.3,Console,45.1,No,0,0,Email Campaign,TRUE,N,Gift Card,25-34,Anime
SUB101422,CUST21422,09/04/2023,2024-06-28,India,Asia Pacific,Standard,12.92,Mobile,5.6,,0,2,Organic,,No,Debit Card,18-24,Kids & Family
SUB101761,CUST21761,07/04/2026,"May 12, 2028",India,Asia Pacific,Standard,13.81,smart tv,43.1,1,0,2,Paid Search,FALSE,N,Google Pay,55-64,Reality TV
SUB101220,CUST21220,2025-03-14,09/16/2025,india,Asia Pacific,PREMIUM,19.5 USD,Tablet,36.8,No,1,8,Email Campaign,Yes,FALSE,Google Pay,13-17,Action
SUB101072,CUST21072,30-06-2026,30 Aug 2027,Germany,Europe,Standard,$14.39,mobile,18.8,No,2,5,Paid Search,No,,Google Pay,13-17,Reality TV
SUB102260,CUST22260,25 Jun 2024,2024-09-28,United States,North America,Standard,13.01,Desktop,54.9,No,0,9,Social Media,1,N,Debit Card,25-34,Romance
SUB100133,CUST20133,2021-07-16,2022-08-22,United States,North America,Basic,9.18,Laptop,42,No,1,-5,Organic,Yes,N,Gift Card,25-34,Comedy
SUB102876,CUST20276,10/09/2022,"September 03, 2023",india,Asia Pacific,Basic,8.46,Desktop,57.5,,1,3,Paid Search,Yes,Yes,Apple Pay,35-44,Anime
SUB101609,CUST21609,10/13/2022,"April 25, 2024",United States,North America,Basic,9.88,Mobile,53.2,No,1,8,Social Media,FALSE,No,PayPal,35-44,Comedy
SUB100144,CUST20144,06/18/2022,15 Apr 2023,canada,North America,Free Trial,-0.35,smart tv,32.9,No,2,9,Referral,Yes,N,Gift Card,35-44,Action
SUB102641,CUST20041,21-09-2025,12/12/2025,Germany,Europe,PREMIUM,21.59,Tablet,0,no,0,5,Paid Search,FALSE,,Apple Pay,13-17,Romance
SUB102660,CUST20060,05/03/2021,2021-11-05,Mexico,North America,Standard,11.67,Smart TV,,No,1,8,Paid Search,Yes,,PayPal,25-34,Comedy
SUB102497,CUST22497,12-11-2021,07-01-2024,United States,North America,Standard,13.79 USD,Smart TV,51.5,No,1,7,Affiliate,TRUE,FALSE,Gift Card,25-34,Comedy
SUB100381,CUST20381,2021-05-23,08/04/2021,Brazil,Latin America,Premium,20.75,desktop,41.8,No,1,15,Paid Search,TRUE,,PayPal,55-64,Anime
SUB100802,CUST20802,19-12-2023,11/16/2024,India,Asia Pacific,Standard,13.53,Phone,,,0,7,Affiliate,,Y,Credit Card,65+,Sci-Fi
SUB102879,CUST20279,27 Apr 2024,03/18/2026,United States,North America,Standard,14.48,Game Console,25.6,No,1,6,Paid Search,FALSE,Yes,Apple Pay,55-64,Sci-Fi
SUB100255,CUST20255,04/10/2022,2023-04-25,México,North America,Standard,12.12,smart tv,29.1,No,1,,Paid Search,TRUE,TRUE,Credit Card,45-54,Action
SUB100721,CUST20721,07/10/2023,"December 24, 2024",Brazil,Latin America,Standard,16.78,Game Console,65.3,,0,10,Affiliate,Yes,Y,Credit Card,45-54,Documentary
SUB101279,CUST21279,2022-04-11,07/08/2022,Australia,Asia Pacific,Basic,10.76,iPad,38.7,No,0,7,Referral,FALSE,N,Debit Card,65+,Thriller
SUB100920,CUST20920,"January 16, 2025","May 31, 2025",Japan,Asia Pacific,Premium,20.78,Smart TV,22.2,No,0,0,Paid Search,No,Y,Apple Pay,55-64,Comedy
SUB101018,CUST21018,"August 07, 2021",01/17/2023,India,Asia Pacific,Basic,9.59,Mobile,37,Yes,1,,Organic,Yes,FALSE,Credit Card,65+,Drama
SUB100008,CUST20008,"April 14, 2022","May 16, 2022",India,Asia Pacific,Basic,9.55 USD,Mobile,17.8,No,1,15,Email Campaign,Yes,N,Credit Card,55-64,Comedy
SUB101878,CUST21878,2021-12-11,"March 21, 2022",India,Asia Pacific,Standard,12.9,smart tv,44.2,,1,0,Referral,,,Debit Card,25-34,Sci-Fi
SUB102862,CUST20262,18-11-2024,02/28/2027,mexico,North America,Standard,13.57,Desktop,,No,0,8,Social Media,No,Yes,Google Pay,13-17,Thriller
SUB100979,CUST20979,09/25/2021,11/24/2021,United States,North America,PREMIUM,20.95,Tablet,,Yes,0,,Paid Search,,FALSE,Debit Card,25-34,Thriller
SUB101571,CUST21571,27 Jun 2024,2026-10-18,United States,North America,premium,19.93,Smart TV,45.9,No,0,1,Email Campaign,,Y,PayPal,65+,Comedy
SUB101263,CUST21263,2023-11-17,03/09/2024,U.S.A,North America,standard,14.57,Mobile,43.2,No,0,15,Paid Search,1,TRUE,Debit Card,13-17,Comedy
SUB101764,CUST21764,07/21/2025,08/14/2025,japan,Asia Pacific,Standard,$13.08,Game Console,46.4,Yes,2,7,Organic,,Y,Apple Pay,18-24,Romance
SUB101389,CUST21389,01/21/2021,12/07/2021,Brazil,Latin America,Standard,13.05,Desktop,24.7,No,0,6,Email Campaign,TRUE,FALSE,Google Pay,65+,Reality TV
SUB101141,CUST21141,2022-07-28,20 Aug 2022,germany,Europe,FreeTrial,1.4,Smart TV,53.6,,1,,Organic,1,TRUE,PayPal,45-54,Sci-Fi
SUB101683,CUST21683,10/29/2025,18 Jan 2026,japan,,Standard,14.5,Smart TV,34.5,No,1,7,Social Media,Yes,FALSE,Apple Pay,45-54,Thriller
SUB101464,CUST21464,26-02-2021,"April 06, 2022",Japan,Asia Pacific,Standard,14.26,console,67,N,2,10,Social Media,Yes,No,Debit Card,13-17,Comedy
SUB100549,CUST20549,02 Feb 2021,2022-09-29,united kingdom,Europe,Free Trial,1.36,tablet,47.3,No,0,8,Email Campaign,Yes,Yes,Google Pay,13-17,Romance
SUB100925,CUST20925,2025-10-27,2027-06-19,Germany,Europe,Standard,-12.31,Mobile,48.1,No,0,0,Organic,0,N,Google Pay,18-24,Comedy
SUB100548,CUST20548,06/11/2026,2028-04-28,India,Asia Pacific,Basic,10.16,Mobile,59.8,Yes,0,,Referral,1,TRUE,PayPal,65+,Comedy
SUB102834,CUST20234,2023-08-22,07-10-2024,Canada,North America,PREMIUM,20.19,iPad,19.1,,0,10,Paid Search,TRUE,FALSE,Gift Card,25-34,Action
SUB102598,CUST22598,2025-08-05,12-02-2027,france,Europe,Trial,-1.9,Desktop,24.2,yes,0,6,Referral,No,TRUE,Apple Pay,65+,Drama
SUB101690,CUST21690,04/24/2024,03/03/2026,Japan,Asia Pacific,PREMIUM,19.4,Tablet,43,no,0,5,Paid Search,FALSE,TRUE,Gift Card,45-54,Drama
SUB102188,CUST22188,"August 16, 2023",2025-06-24,United States,North America,Basic,8.17,Smart TV,65.9,No,0,-5,Referral,TRUE,FALSE,Google Pay,35-44,Comedy
SUB102960,CUST20360,2021-04-23,2023-03-11,Mexico,North America,BASIC,10.9,Desktop,33.7,No,1,10,Paid Search,TRUE,No,Debit Card,35-44,Reality TV
SUB101248,CUST21248,2023-01-20,04/05/2024,United States,,Std,13.27,iPad,69.1,,0,5,Organic,0,,Debit Card,55-64,Comedy
SUB100238,CUST20238,2025-07-03,2025-10-24,Japan,Asia Pacific,Basic,10.27,Console,12.2,No,0,4,Social Media,0,Yes,Gift Card,18-24,Anime
SUB102823,CUST20223,20-01-2022,04/29/2023,USA,North America,FreeTrial,1.84,Mobile,62.4,yes,1,-5,Organic,0,No,Apple Pay,18-24,Comedy
SUB100748,CUST20748,"September 08, 2023",2025-10-30,Australia,Asia Pacific,Premium,19.31,Desktop,22.5,No,0,2,Social Media,Yes,N,Debit Card,35-44,Action
SUB100096,CUST20096,04/17/2024,27-05-2026,Mexico,North America,Std,13.77,Desktop,27.3,No,0,9,Paid Search,No,Yes,Credit Card,65+,Comedy
SUB102576,CUST22576,12/30/2023,,India,Asia Pacific,Premium,19.99,Smart TV,37.2,No,1,5,Paid Search,0,No,Google Pay,45-54,Anime
SUB100046,CUST20046,04/20/2024,05/06/2024,United States,North America,Standard,14.79 USD,Desktop,33,yes,1,7,Affiliate,0,,PayPal,13-17,Drama
SUB100728,CUST20728,2023-01-25,09-04-2023,India,Asia Pacific,Basic,10.15,console,20.5,Yes,0,7,Email Campaign,1,TRUE,Apple Pay,13-17,Anime
SUB102790,CUST20190,,02/10/2025,Japan,Asia Pacific,Std,14.03,Desktop,44.5,No,1,6,Paid Search,1,N,Gift Card,25-34,Drama
SUB102007,CUST22007,23 Nov 2023,2025-08-28,India,Asia Pacific,basic,11.63,Console,34.6,No,2,3,Paid Search,0,TRUE,Debit Card,35-44,Anime
SUB102992,CUST20392,"November 07, 2022",2024-01-11,Brazil,Latin America,basic,9.1,Desktop,22.1,Yes,0,7,Social Media,No,Yes,Debit Card,45-54,Thriller
SUB100898,CUST20898,09/15/2025,2027-11-04,United States,North America,Std,14.1,Desktop,0,,0,0,Social Media,FALSE,FALSE,Gift Card,18-24,Thriller
SUB100953,CUST20953,,"June 30, 2026",India,Asia Pacific,Premium,19.25,tablet,55.5,Yes,1,9,Affiliate,0,,Apple Pay,18-24,Reality TV
SUB100818,CUST20818,2025-12-25,09/30/2027,united states,North America,Standard,14.59,SmartTV,,No,1,9,Social Media,TRUE,Y,Credit Card,45-54,Anime
SUB100191,CUST20191,11/09/2024,12/22/2026,UK,Europe,Standard,$12.07,Mobile,10,No,1,0,Social Media,0,N,PayPal,55-64,Documentary
SUB101752,CUST21752,18-11-2021,14-03-2023,Italy,Europe,PREMIUM,18.89,PC,66.4,Yes,1,5,Email Campaign,0,N,Gift Card,35-44,Romance
SUB101019,CUST21019,02/07/2023,2023-10-26,UK,Europe,Free Trial,-1.35,Desktop,50.3,No,0,2,Paid Search,0,N,Gift Card,55-64,Kids & Family
SUB101705,CUST21705,2022-06-28,,India,Asia Pacific,Free Trial,2.25,Game Console,50.9,No,0,5,Social Media,FALSE,,Gift Card,65+,Sci-Fi
SUB101940,CUST21940,,10 Jun 2025,united kingdom,Europe,Premium,18.16,Desktop,30.4,Yes,0,3,Social Media,1,Yes,Credit Card,,Comedy
SUB102325,CUST22325,2023-01-12,18 Aug 2023,United States,North America,free trial,-1.31,Desktop,67.3,No,0,6,Social Media,TRUE,Yes,Credit Card,35-44,Sci-Fi
SUB101437,CUST21437,09-07-2024,2025-03-22,India,Asia Pacific,Standard,13.01,Desktop,43.4,No,0,-5,Social Media,TRUE,Y,Credit Card,65+,Drama
SUB100763,CUST20763,10-09-2024,17 Oct 2024,Mexico,North America,Std,14.36,Game Console,54.6,Yes,0,4,Paid Search,0,No,Debit Card,45-54,Comedy
SUB100503,CUST20503,15-05-2026,14 Jul 2028,japan,Asia Pacific,Premium,20.9,Smart TV,42.6,No,1,5,Affiliate,1,Yes,Credit Card,45-54,Romance
SUB102509,CUST22509,13 Aug 2025,23-10-2027,United States,North America,Standard,14.17,Smart TV,56.9,,1,5,Referral,No,N,Apple Pay,35-44,Sci-Fi
SUB100586,CUST20586,,"March 14, 2024",United States,,standard,13.89,Tablet,3,No,1,9,Organic,1,Y,Apple Pay,25-34,Reality TV
SUB102824,CUST20224,2024-12-26,22 Mar 2025,mexico,North America,Basic,9.71,Tablet,17.1,,0,6,Social Media,FALSE,Y,Debit Card,18-24,Drama
SUB102248,CUST22248,,,U.S.A,North America,Basic,10.24,Mobile,11.3,No,1,6,Social Media,FALSE,No,Debit Card,35-44,Comedy
SUB100424,CUST20424,2026-02-12,03/11/2026,Canada,North America,Standard,15.15,Mobile,27.8,No,1,,Organic,No,Yes,Google Pay,,Reality TV
SUB102058,CUST22058,02/01/2024,"July 07, 2026",United States,North America,Premium,20.36,Mobile,32.1,No,1,15,Referral,TRUE,FALSE,Apple Pay,25-34,Sci-Fi
SUB100029,CUST20029,06/19/2026,2028-01-06,France,Europe,Basic,8.66,Mobile,64.9,Yes,0,,Organic,1,No,Gift Card,55-64,Drama
SUB102917,CUST20317,2022-03-22,2022-06-25,united states,North America,Basic,10.32,Desktop,,Yes,0,0,Affiliate,TRUE,,Gift Card,13-17,Action
SUB100535,CUST20535,09/21/2022,10/25/2024,India,Asia Pacific,Basic,8.71,Mobile,3.1,No,0,0,Social Media,,N,Apple Pay,55-64,Drama
SUB102405,CUST22405,"April 21, 2021","April 18, 2023",United States,North America,Std,12.79,Game Console,4.3,Yes,0,9,Organic,TRUE,TRUE,PayPal,55-64,Reality TV
SUB101267,CUST21267,05/08/2022,"August 20, 2024",Japan,Asia Pacific,Premium,17.91,Phone,45,,2,7,Paid Search,TRUE,TRUE,PayPal,45-54,Romance
SUB102981,CUST20381,2026-04-11,07/31/2026,Mexico,North America,Standard,10.41,Tablet,45.9,No,0,8,Organic,TRUE,Y,Debit Card,45-54,Romance
SUB102006,CUST22006,2024-04-10,03/18/2025,United Kingdom,Europe,Std,13.12,iPad,38.2,,0,8,Affiliate,,N,Google Pay,55-64,Reality TV
SUB102836,CUST20236,03 May 2025,11/28/2026,United States,North America,BASIC,9.45,Tablet,86.4,Yes,0,-5,Organic,TRUE,N,Google Pay,13-17,Documentary
SUB101475,CUST21475,"November 03, 2024",07/13/2025,United States,North America,Standard,13.17,Console,75.6,Yes,0,4,Affiliate,,No,Gift Card,13-17,Kids & Family
SUB101871,CUST21871,2021-01-31,05/09/2021,France,Europe,Premium,20.35,Mobile,46.8,No,0,2,Affiliate,FALSE,Yes,PayPal,13-17,Kids & Family
SUB100540,CUST20540,03-03-2026,2027-02-24,United States,,Basic,9.51,Smart TV,36.2,,0,8,Affiliate,FALSE,N,Apple Pay,18-24,Action
SUB101285,CUST21285,2025-12-01,2027-05-21,United Kingdom,Europe,Standard,14.54,iPad,54.9,No,0,4,Referral,,No,Google Pay,55-64,Drama
SUB100946,CUST20946,08/14/2025,2026-12-14,United States,North America,premium,20.71,Mobile,32.4,,0,2,Organic,0,N,Debit Card,65+,Thriller
SUB100575,CUST20575,2021-05-18,08/24/2022,United States,North America,Premium,20.32,mobile,23.8,No,0,4,Paid Search,,Yes,Gift Card,13-17,Sci-Fi
SUB100119,CUST20119,02/28/2026,30-08-2026,United States,North America,Std,13.79,Tablet,13.8,yes,1,6,Social Media,0,N,Debit Card,13-17,Thriller
SUB100787,CUST20787,"June 19, 2023",10/17/2025,United States,North America,Free Trial,0.41,mobile,58.8,Yes,3,-5,Paid Search,Yes,Yes,Gift Card,45-54,Documentary
SUB101227,CUST21227,,2026-04-25,United States,North America,Basic,9.78,Smart TV,35.3,No,1,2,Organic,FALSE,Y,PayPal,55-64,Romance
SUB102856,CUST20256,2023-03-26,,Canada,North America,Premium,21.33,mobile,58,No,1,9,Email Campaign,,Y,Credit Card,55-64,Anime
SUB102139,CUST22139,2023-07-05,2025-02-05,France,Europe,Premium,21.31,Game Console,20.6,No,0,5,Paid Search,FALSE,TRUE,Gift Card,18-24,Documentary
SUB100110,CUST20110,2025-04-09,23 Aug 2026,U.S.A,North America,PREMIUM,19.15,Laptop,30.5,Yes,1,1,Email Campaign,No,TRUE,Google Pay,65+,Comedy
SUB102531,CUST22531,2023-01-09,15 Jul 2023,Canada,North America,FreeTrial,-0.3,iPad,56.5,Yes,0,10,Email Campaign,,Yes,PayPal,55-64,Comedy
SUB100784,CUST20784,,25-04-2024,Brazil,,Std,13.97,Smart TV,5.9,yes,0,3,Social Media,TRUE,,Debit Card,18-24,Drama
SUB101952,CUST21952,20-03-2024,08/31/2024,canada,North America,Standard,14.94,Mobile,6.6,,0,3,Email Campaign,TRUE,Yes,Google Pay,25-34,Reality TV
SUB102636,CUST20036,03/07/2026,2026-09-06,Germany,Europe,Std,13.62,Smart TV,62,No,0,3,Email Campaign,,No,PayPal,65+,Documentary
SUB102782,CUST20182,2025-12-06,02 Feb 2026,united states,North America,Premium,20.75,Game Console,42.6,No,0,5,Organic,FALSE,No,Apple Pay,45-54,Sci-Fi
SUB101119,CUST21119,2023-04-05,11-09-2023,United Kingdom,Europe,Standard,12.75,tablet,33.3,No,0,3,Paid Search,TRUE,N,PayPal,45-54,Kids & Family
SUB102975,CUST20375,2022-12-12,2023-03-11,united states,North America,Standard,14.28,Desktop,28.7,,0,2,Social Media,FALSE,,PayPal,13-17,Anime
SUB100215,CUST20215,06/24/2021,18-06-2023,united states,North America,Standard,12.74,Smart TV,44.5,No,0,6,Referral,TRUE,Yes,Google Pay,35-44,Sci-Fi
SUB100779,CUST20779,2021-11-19,27 Nov 2021,japan,Asia Pacific,Basic,7.61,Desktop,16.2,No,0,7,Organic,Yes,Yes,Apple Pay,65+,Action
SUB101551,CUST21551,2021-03-23,05/24/2022,United States,North America,PREMIUM,20.39 USD,Console,38.7,No,0,,Organic,Yes,No,Debit Card,35-44,Reality TV
SUB100310,CUST20310,05/18/2022,15 Aug 2023,USA,North America,Basic,8.46,Desktop,35.6,No,1,0,Referral,,N,Debit Card,65+,Comedy
SUB101161,CUST21161,12-04-2026,09-06-2028,USA,North America,Basic,8.4,Mobile,36.7,No,1,5,Organic,0,TRUE,Credit Card,35-44,Romance
SUB102590,CUST22590,05/02/2021,11/03/2022,India,Asia Pacific,Free Trial,-0.86,Mobile,19.3,No,1,3,Paid Search,0,Yes,Google Pay,45-54,Action
SUB100219,CUST20219,2023-12-13,2025-09-11,canada,North America,Premium,-19.2,Smart TV,43.6,No,1,7,Organic,FALSE,TRUE,Gift Card,25-34,Reality TV
SUB100429,CUST20429,31-07-2023,05/11/2024,United Kingdom,Europe,Premium,20.79,SmartTV,15.4,1,2,7,Affiliate,Yes,,Apple Pay,45-54,Thriller
SUB102681,CUST20081,05/02/2026,2027-04-05,Spain,Europe,Standard,11.87,Mobile,58.8,No,0,7,Paid Search,Yes,TRUE,Gift Card,45-54,Anime
SUB100713,CUST20713,12/29/2023,10/13/2025,Mexico,North America,Trial,-0.33 USD,Smart TV,16.4,Yes,0,,Paid Search,No,No,PayPal,55-64,Thriller
SUB102191,CUST22191,"March 28, 2026",05-02-2027,United States,North America,Basic,8.92,Tablet,1,No,1,9,Referral,FALSE,,Gift Card,45-54,Romance
SUB102336,CUST22336,07 Jun 2025,2026-11-26,japan,Asia Pacific,Std,13.4,Phone,0,No,0,9,Paid Search,Yes,,Debit Card,18-24,Romance
SUB100009,CUST20009,2022-05-25,,United States,North America,Premium,20.43,Mobile,15.8,,0,1,Social Media,No,Y,Gift Card,18-24,Thriller
SUB102609,CUST20009,09-07-2024,09/03/2024,Mexico,North America,Standard,15.76,Game Console,50.7,No,1,7,Social Media,TRUE,,Gift Card,18-24,Action
SUB101662,CUST21662,06/26/2024,"October 27, 2025",Brazil,Latin America,Free Trial,0.94,Mobile,5.6,No,0,5,Email Campaign,No,Y,PayPal,35-44,Romance
SUB101221,CUST21221,"January 21, 2026",10/12/2026,Canada,,Standard,15.19,Mobile,22.9,yes,0,4,Referral,,Y,Gift Card,55-64,Sci-Fi
SUB102229,CUST22229,09 Nov 2025,24-05-2027,Canada,,Basic,8.22,Game Console,68.9,Yes,1,1,Email Campaign,TRUE,,Credit Card,45-54,Drama
SUB100596,CUST20596,2024-05-13,09/22/2026,United States,North America,Basic,11.31,Mobile,74.2,No,0,5,Email Campaign,FALSE,FALSE,Debit Card,25-34,Thriller
SUB102408,CUST22408,2021-05-11,08/02/2022,United States,North America,Trial,0.76,Mobile,20.2,No,1,5,Email Campaign,1,Y,Apple Pay,18-24,Sci-Fi
SUB101472,CUST21472,2024-02-20,04-03-2026,germany,Europe,Basic,$8.96,Mobile,41.1,No,1,0,Affiliate,No,N,Gift Card,55-64,Action
SUB100561,CUST20561,02-08-2022,10/19/2024,Australia,Asia Pacific,Basic,8.77,Console,29.6,No,1,4,Referral,TRUE,TRUE,Credit Card,35-44,Sci-Fi
SUB102277,CUST22277,"July 29, 2026",01/04/2029,france,Europe,Standard,15.54,mobile,29.1,No,2,1,Paid Search,1,Yes,Apple Pay,45-54,Romance
SUB100517,CUST20517,,,United States,North America,basic,10.17,Game Console,,No,0,2,Social Media,TRUE,FALSE,Debit Card,13-17,Documentary
SUB101588,CUST21588,2023-05-17,03/19/2025,United States,North America,Basic,8.85,Tablet,56.2,No,1,3,Referral,0,TRUE,Google Pay,,Reality TV
SUB102016,CUST22016,"September 08, 2025",2026-02-22,Australia,Asia Pacific,Free Trial,0.69,Smart TV,42.5,Y,1,3,Social Media,FALSE,Yes,Credit Card,13-17,Anime
SUB102503,CUST22503,06/28/2026,18 Jun 2027,United States,North America,BASIC,7.64,Console,35.1,,0,2,Email Campaign,No,FALSE,Gift Card,65+,Drama
SUB101663,CUST21663,,08 Sep 2027,Spain,Europe,Standard,13.71,Game Console,,No,0,-5,Referral,0,Y,Credit Card,18-24,Drama
SUB101874,CUST21874,"November 16, 2021",2022-08-29,France,Europe,Basic,10.1,console,50,,1,3,Paid Search,No,TRUE,Gift Card,55-64,Drama
SUB101217,CUST21217,07-05-2021,"April 01, 2023",japan,Asia Pacific,Basic,$9.91,console,51.4,1,2,,Social Media,,TRUE,Debit Card,35-44,Romance
SUB101806,CUST21806,03/20/2021,2022-01-06,India,Asia Pacific,Basic,10.42,Console,21.9,No,0,7,Referral,Yes,N,Gift Card,18-24,Reality TV
SUB101333,CUST21333,2022-07-07,"December 29, 2023",U.S.A,North America,Standard,15.47,Smart TV,30.6,No,1,-5,Organic,TRUE,No,Credit Card,55-64,Reality TV
SUB100675,CUST20675,07/21/2024,,United Kingdom,Europe,Basic,9.41,Desktop,73.3,0,1,,Social Media,,No,Gift Card,55-64,Kids & Family
SUB100820,CUST20820,2025-09-22,11/13/2025,United States,North America,Standard,14.05 USD,Mobile,32.6,No,2,-5,Referral,FALSE,FALSE,Apple Pay,25-34,Romance
SUB100432,CUST20432,2024-10-29,04/22/2026,India,Asia Pacific,BASIC,9.99,Desktop,8.2,No,0,9,Organic,TRUE,FALSE,Debit Card,45-54,Romance
SUB102900,CUST20300,05/27/2024,01 Feb 2026,United States,North America,Basic,$8.65,Laptop,34.8,no,1,7,Referral,TRUE,,Debit Card,35-44,Kids & Family
SUB101069,CUST21069,2023-01-13,07/17/2024,United States,North America,Standard,13.91,Smart TV,,,0,,Paid Search,TRUE,TRUE,Gift Card,13-17,Comedy
SUB101774,CUST21774,2022-10-25,08/15/2024,India,,free trial,0.59,smart tv,52,Yes,2,3,Email Campaign,TRUE,No,Google Pay,25-34,Comedy
SUB100314,CUST20314,,2023-08-06,France,Europe,free trial,-1.25,Tablet,0,No,0,7,Paid Search,FALSE,TRUE,Apple Pay,13-17,Action
SUB102355,CUST22355,2021-03-28,,Mexico,North America,Basic,8.86,Tablet,32.9,,1,3,Organic,FALSE,Y,Credit Card,35-44,Action
SUB102803,CUST20203,2022-10-01,10/31/2022,India,Asia Pacific,Standard,12.17,Tablet,18.1,No,0,1,Affiliate,0,No,Gift Card,65+,Reality TV
SUB100061,CUST20061,30 Jul 2026,08/17/2027,Canada,North America,Standard,12.76,Tablet,38.6,No,1,2,Paid Search,TRUE,Yes,Credit Card,65+,Action
SUB101963,CUST21963,2024-02-22,"October 19, 2024",India,Asia Pacific,Basic,8.92,Desktop,34.2,Yes,1,7,Email Campaign,Yes,FALSE,Apple Pay,65+,Anime
SUB100683,CUST20683,,2025-09-28,Canada,North America,Premium,21.14,Smart TV,4.7,1,0,0,Paid Search,TRUE,Yes,Gift Card,65+,Action
SUB101908,CUST21908,2025-06-18,,United States,North America,Premium,19.82,Tablet,28.6,0,1,3,Organic,,Y,Google Pay,45-54,Romance
SUB102833,CUST20233,"April 29, 2021","April 24, 2022",Italy,Europe,Premium,21.21,Mobile,,1,0,4,Referral,TRUE,FALSE,Debit Card,18-24,Reality TV
SUB101153,CUST21153,08-03-2024,,Spain,Europe,Standard,16.67,Mobile,29.6,No,1,4,Social Media,,No,Gift Card,18-24,Drama
SUB100890,CUST20890,04-08-2025,2026-10-16,Germany,Europe,BASIC,9.35,mobile,55.3,No,0,0,Referral,Yes,,PayPal,35-44,Action
SUB100945,CUST20945,2021-02-10,"April 04, 2022",Japan,Asia Pacific,Premium,19.32,iPad,56.4,No,1,3,Referral,,Y,Google Pay,25-34,Anime
SUB102057,CUST22057,2022-08-20,2023-10-24,India,Asia Pacific,Std,14.23,Smart TV,14.8,Yes,0,5,Paid Search,No,Yes,Google Pay,35-44,Documentary
SUB101336,CUST21336,05-06-2022,10/13/2024,Spain,Europe,premium,17.88,Desktop,30.2,No,0,10,Affiliate,1,Yes,Debit Card,65+,Thriller
SUB101862,CUST21862,"November 03, 2022",2024-11-06,australia,Asia Pacific,Premium,23.35,Smart TV,27.7,,0,2,Social Media,0,Yes,PayPal,65+,Sci-Fi
SUB100645,CUST20645,06/06/2021,02/14/2023,Brazil,Latin America,Basic,-6.43,Mobile,40.2,No,1,8,Social Media,FALSE,N,Google Pay,18-24,Anime
SUB101887,CUST21887,2022-09-08,2024-03-22,United Kingdom,Europe,Premium,18.22,Desktop,31.6,No,3,2,Affiliate,FALSE,FALSE,Debit Card,65+,Anime
SUB100527,CUST20527,2026-07-03,"June 27, 2028",Brazil,Latin America,Standard,14.17,Mobile,43.2,No,0,10,Paid Search,FALSE,No,Apple Pay,55-64,Drama
SUB100507,CUST20507,09/10/2021,"October 06, 2021",united states,North America,Free Trial,0.06,Tablet,29.5,No,1,6,Social Media,FALSE,FALSE,Debit Card,35-44,Anime
SUB101231,CUST21231,12-08-2021,09 Dec 2021,United Kingdom,Europe,Free Trial,-2.44,Game Console,39.2,N,0,1,Social Media,1,No,Credit Card,65+,Anime
SUB103000,CUST20400,09/23/2022,2022-12-27,United States,North America,standard,12.38,TV,8.1,No,1,-5,Affiliate,FALSE,Yes,Gift Card,18-24,Kids & Family
SUB100717,CUST20717,2026-01-13,10-01-2027,UK,Europe,Basic,7.49,Mobile,57.4,No,1,6,Referral,TRUE,Yes,Apple Pay,25-34,Documentary
SUB102024,CUST22024,"March 06, 2025",12/06/2025,Italy,Europe,Premium,19.73,Mobile,31.9,,0,2,Paid Search,TRUE,,Debit Card,45-54,Drama
SUB101842,CUST21842,2022-08-23,2025-01-24,Germany,Europe,Basic,8.05,mobile,45.4,No,0,9,Paid Search,FALSE,FALSE,Debit Card,35-44,Comedy
SUB101017,CUST21017,,14-08-2027,U.S.A,North America,Standard,12.8,Mobile,48.2,N,1,8,Affiliate,TRUE,Y,Apple Pay,55-64,Documentary
SUB101969,CUST21969,04/13/2026,05/06/2027,Germany,Europe,Premium,21.56,Phone,61.8,No,1,3,Paid Search,1,Yes,Google Pay,55-64,Sci-Fi
SUB100055,CUST20055,11/06/2023,09/18/2024,Brazil,Latin America,Standard,$15.0,Smart TV,0.5,No,0,,Email Campaign,No,No,Debit Card,35-44,Reality TV
SUB100050,CUST20050,2021-03-01,05-12-2021,United States,North America,Free Trial,0.48,SmartTV,,,0,-5,Referral,,Y,Google Pay,45-54,Anime
SUB100767,CUST20767,,,Germany,Europe,Premium,21.81,Tablet,29.8,yes,0,2,Affiliate,FALSE,N,PayPal,18-24,Romance
SUB101202,CUST21202,09/08/2021,01/12/2024,United States,North America,Premium,20.73,PC,0,No,2,10,Email Campaign,TRUE,Yes,Credit Card,65+,Sci-Fi
SUB102157,CUST22157,04 Sep 2023,"October 04, 2024",Australia,Asia Pacific,Free Trial,,mobile,30,No,1,6,Affiliate,No,TRUE,Credit Card,45-54,Thriller
SUB100810,CUST20810,05/26/2023,29-04-2025,United States,North America,Standard,15.35,Desktop,0,,3,,Referral,TRUE,No,Debit Card,13-17,Thriller
SUB102071,CUST22071,02/27/2026,17 Sep 2026,United States,North America,Premium,20.35,Mobile,12.2,No,0,10,Organic,,No,Apple Pay,35-44,Anime
SUB100377,CUST20377,"June 15, 2025",07/13/2027,united states,,Free Trial,1.36,Mobile,16.6,Yes,0,7,Paid Search,,,Apple Pay,55-64,Reality TV
SUB100737,CUST20737,,2025-11-05,United States,North America,Basic,8.52,Mobile,,No,0,15,Organic,TRUE,TRUE,Credit Card,55-64,Drama
SUB102639,CUST20039,2022-06-01,11 Jan 2023,Japan,Asia Pacific,Standard,13.78,Desktop,34.5,No,0,0,Social Media,,Yes,Gift Card,35-44,Drama
SUB100595,CUST20595,06 Oct 2021,07/27/2022,Australia,Asia Pacific,Basic,8.68,Tablet,50,No,1,6,Affiliate,Yes,TRUE,Gift Card,65+,Kids & Family
SUB100349,CUST20349,16-01-2022,2022-03-17,Spain,Europe,Std,13.75,Laptop,57.3,,2,-5,Email Campaign,FALSE,FALSE,Credit Card,,Sci-Fi
SUB100094,CUST20094,02/24/2026,2027-08-14,Brazil,Latin America,Free Trial,-1.47,Phone,7.6,No,0,6,Paid Search,0,No,Credit Card,35-44,Reality TV
SUB101249,CUST21249,28 Nov 2025,12 Feb 2026,Canada,North America,Standard,14.25,Smart TV,51.1,Yes,0,10,Paid Search,TRUE,FALSE,Gift Card,13-17,Comedy
SUB102855,CUST20255,12/31/2023,2024-11-24,United States,North America,Free Trial,0.47,Smart TV,41.5,No,0,8,Social Media,0,N,Gift Card,65+,Drama
SUB102954,CUST20354,,04/21/2025,United States,North America,Premium,$17.26,Desktop,48.9,No,2,10,Referral,TRUE,FALSE,Google Pay,55-64,Thriller
SUB102585,CUST22585,2025-02-25,15 Jul 2026,India,Asia Pacific,Premium,19.71,Game Console,5.6,Yes,0,,Social Media,No,,Credit Card,55-64,Anime
SUB102427,CUST22427,2021-12-27,"November 10, 2023",United States,North America,Standard,13.57,Mobile,39.5,Yes,1,8,Affiliate,,Y,Apple Pay,55-64,Reality TV
SUB102563,CUST22563,01/07/2021,2022-03-21,INDIA,Asia Pacific,Standard,$12.21,Smart TV,67.3,No,1,,Affiliate,0,TRUE,Gift Card,35-44,Thriller
SUB101682,CUST21682,"April 06, 2021",04/01/2022,Brazil,Latin America,Standard,13.19,Smart TV,33.5,,1,-5,Email Campaign,1,TRUE,Gift Card,18-24,Reality TV
SUB102342,CUST22342,2023-10-05,"May 16, 2024",United States,North America,Basic,10.95,Smart TV,52.4,,1,15,Paid Search,0,N,Credit Card,13-17,Action
SUB100136,CUST20136,06/28/2021,01/18/2023,Brasil,Latin America,Basic,8.87,Mobile,76.9,,0,,Affiliate,No,FALSE,Credit Card,65+,Reality TV
SUB102519,CUST22519,06/04/2021,"July 18, 2022",spain,Europe,basic,8.93,Smart TV,73.3,No,0,6,Organic,FALSE,,PayPal,45-54,Romance
SUB100936,CUST20936,19 Jun 2025,2025-11-04,Germany,Europe,Basic,,Game Console,37,Y,2,15,Affiliate,TRUE,N,Debit Card,35-44,Action
SUB101715,CUST21715,2022-08-05,2022-12-05,Germany,Europe,Standard,13.94,Mobile,3.4,No,0,9,Affiliate,1,N,Gift Card,18-24,Drama
SUB102668,CUST20068,01/08/2021,"December 05, 2020",Canada,North America,Standard,13.91,tablet,22.5,N,0,15,Email Campaign,TRUE,FALSE,Credit Card,13-17,Anime
SUB100778,CUST20778,03/23/2024,09/07/2026,U.S.A,North America,Std,$14.16,Desktop,18.7,No,0,2,Affiliate,FALSE,Y,Google Pay,45-54,Anime
SUB101135,CUST21135,04/08/2025,14-01-2027,Spain,,basic,10.32,Laptop,40.5,No,0,8,Email Campaign,,No,Google Pay,18-24,Comedy
SUB101679,CUST21679,30-06-2024,2024-10-08,Japan,Asia Pacific,Basic,,Smart TV,15.7,No,0,,Affiliate,FALSE,Y,Debit Card,45-54,Comedy
SUB101665,CUST21665,2021-01-28,24-11-2021,India,Asia Pacific,basic,7.89,Phone,36.3,No,2,7,Affiliate,No,FALSE,Apple Pay,25-34,Thriller
SUB100708,CUST20708,"November 02, 2022","June 26, 2024",India,Asia Pacific,Premium,19.73,Mobile,30.8,No,0,-5,Paid Search,TRUE,Y,PayPal,35-44,Comedy
SUB100561,CUST20561,02-08-2022,10/19/2024,Australia,Asia Pacific,Basic,8.77,Console,29.6,No,1,4,Referral,TRUE,TRUE,Credit Card,35-44,Sci-Fi
SUB100654,CUST20654,2026-03-07,22 Mar 2026,UK,Europe,Standard,14.96,Phone,21.5,,1,3,Referral,0,,Apple Pay,13-17,Drama
SUB101271,CUST21271,18-02-2022,2022-09-24,brazil,Latin America,Free Trial,-2.52,Game Console,51.8,0,1,10,Organic,No,Y,Credit Card,25-34,Reality TV
SUB102875,CUST20275,2025-04-15,02/10/2026,Italy,Europe,Basic,10.34,Game Console,35.6,,1,,Referral,1,FALSE,Apple Pay,55-64,Sci-Fi
SUB100418,CUST20418,2025-12-10,2026-06-02,Canada,North America,BASIC,10.7,smart tv,71.7,No,0,7,Paid Search,Yes,Y,Credit Card,55-64,Romance
SUB101879,CUST21879,03/08/2025,15-04-2027,México,North America,Basic,8.9,Mobile,0,,1,2,Email Campaign,,No,PayPal,25-34,Kids & Family
SUB100987,CUST20987,05/05/2022,2024-07-20,Japan,Asia Pacific,Basic,$8.64,Mobile,39,,1,10,Paid Search,FALSE,FALSE,PayPal,13-17,Thriller
SUB102595,CUST22595,2024-09-29,2025-01-19,France,Europe,Free Trial,$0.46,Mobile,36,,0,8,Social Media,TRUE,FALSE,Google Pay,35-44,Documentary
SUB100131,CUST20131,11/20/2024,11/13/2025,Canada,North America,Basic,,Desktop,310.7,No,1,2,Social Media,Yes,No,Debit Card,65+,Drama
SUB100848,CUST20848,08-08-2021,04 Dec 2021,Spain,Europe,Standard,11.2,SmartTV,39.7,,0,,Organic,TRUE,Yes,Gift Card,13-17,Action
SUB101150,CUST21150,30-05-2023,2025-08-28,Mexico,North America,PREMIUM,21.63,Mobile,36.1,Yes,0,7,Social Media,Yes,Yes,Apple Pay,35-44,Action
SUB100025,CUST20025,07/28/2021,2023-12-15,India,Asia Pacific,premium,20.8,Desktop,36.4,Yes,2,8,Organic,0,Y,Google Pay,18-24,Reality TV
SUB101805,CUST21805,"February 12, 2023",14-05-2024,India,Asia Pacific,premium,20.75,Desktop,49.5,No,0,4,Social Media,No,No,Apple Pay,25-34,Comedy
SUB101890,CUST21890,04-03-2024,2026-03-21,U.K.,Europe,Free Trial,-0.38,Desktop,20,Yes,1,6,Social Media,Yes,No,PayPal,45-54,Anime
SUB101528,CUST21528,2024-11-30,"March 07, 2025",India,Asia Pacific,Standard,14.91,TV,60.4,No,2,15,Email Campaign,1,FALSE,Apple Pay,13-17,Comedy
SUB102204,CUST22204,2025-06-26,25 Dec 2026,AUS,Asia Pacific,BASIC,11.28,Desktop,52,No,0,3,Social Media,1,,Credit Card,65+,Action
SUB102994,CUST20394,08/12/2022,25 May 2024,México,North America,basic,$9.41,Desktop,67.4,,0,6,Affiliate,0,No,Debit Card,35-44,Thriller
SUB102328,CUST22328,10/01/2022,18-05-2024,UK,Europe,standard,13.14,Smart TV,9.3,No,0,5,Affiliate,,FALSE,PayPal,45-54,Comedy
SUB101023,CUST21023,12/16/2022,24-04-2024,India,Asia Pacific,Free Trial,-2.17,Mobile,22.9,yes,0,6,Referral,Yes,Y,Credit Card,55-64,Thriller
SUB100873,CUST20873,02/11/2023,,brazil,Latin America,Basic,10.31,SmartTV,47.6,Y,1,6,Affiliate,No,Y,Google Pay,45-54,Romance
SUB101567,CUST21567,,2026-01-06,United Kingdom,Europe,Free Trial,0.5,iPad,32.3,,1,7,Affiliate,No,Y,PayPal,65+,Reality TV
SUB100226,CUST20226,08/22/2023,2024-04-07,france,Europe,premium,22.33,Tablet,76.5,No,2,10,Social Media,0,No,Apple Pay,65+,Comedy
SUB102023,CUST22023,2021-05-02,14 Mar 2023,Australia,Asia Pacific,Standard,13.88,tablet,0,No,0,1,Email Campaign,TRUE,Y,Debit Card,65+,Kids & Family
SUB101470,CUST21470,07/15/2026,05 Oct 2028,Canada,North America,Basic,9.13,Tablet,38.7,Yes,0,5,Affiliate,0,N,Apple Pay,35-44,Romance
SUB101462,CUST21462,06/03/2022,,India,Asia Pacific,Basic,10.51,Desktop,35.5,No,0,,Email Campaign,,Y,Google Pay,45-54,Kids & Family
SUB101057,CUST21057,06/16/2025,2027-05-04,USA,North America,Standard,16.64,Mobile,24.5,Yes,0,5,Organic,FALSE,FALSE,Debit Card,25-34,Romance
SUB102835,CUST20235,2025-04-03,03-10-2026,Australia,Asia Pacific,Standard,15.03,Mobile,0,Yes,0,8,Paid Search,Yes,Yes,Credit Card,13-17,Drama
SUB102376,CUST22376,2026-03-18,17-02-2026,United States,North America,Standard,14.37,Game Console,36.4,No,1,10,Social Media,FALSE,TRUE,PayPal,55-64,Anime
SUB102228,CUST22228,03/24/2025,20 Jan 2027,Spain,Europe,Standard,14.27,mobile,36.2,No,0,8,Social Media,0,TRUE,Debit Card,18-24,Kids & Family
SUB100948,CUST20948,12/03/2023,2025-08-19,Germany,Europe,Premium,$20.03,Smart TV,37.9,Yes,1,,Email Campaign,Yes,TRUE,PayPal,35-44,Sci-Fi
SUB101909,CUST21909,11/08/2023,10/24/2025,canada,North America,Premium,19.79,Smart TV,7.3,No,0,15,Paid Search,Yes,TRUE,Gift Card,65+,Comedy
SUB102059,CUST22059,09-01-2021,2022-11-01,United Kingdom,Europe,Free Trial,4.14,Mobile,40.7,No,0,7,Affiliate,1,Y,Debit Card,18-24,Documentary
SUB100355,CUST20355,29-09-2022,2024-05-25,spain,Europe,Standard,14.83,Mobile,14.3,No,1,10,Organic,No,TRUE,Google Pay,45-54,Sci-Fi
SUB100068,CUST20068,2025-07-18,,United States,North America,Premium,18.23 USD,Mobile,14.7,0,2,10,Affiliate,0,,PayPal,45-54,Action
SUB101698,CUST21698,"December 15, 2024",2025-05-19,Mexico,North America,Premium,18.66,Tablet,36.3,0,0,3,Affiliate,TRUE,N,Debit Card,65+,Sci-Fi
SUB100722,CUST20722,01/31/2021,23-09-2021,United States,North America,Basic,$8.62,Mobile,23.1,No,0,6,Organic,TRUE,Y,Credit Card,,Comedy
SUB100146,CUST20146,2022-01-26,2021-12-10,Spain,Europe,Free Trial,1.77,Game Console,0,Yes,0,6,Organic,1,N,Google Pay,25-34,Kids & Family
SUB100416,CUST20416,2025-02-08,2025-08-25,United States,North America,BASIC,8.53,Tablet,19.9,No,1,6,Affiliate,TRUE,TRUE,Google Pay,35-44,Thriller
SUB101531,CUST21531,04/20/2021,2021-07-07,United States,North America,Premium,21.25,Tablet,25.7,No,2,10,Email Campaign,,N,Debit Card,35-44,Comedy
SUB100046,CUST20046,04/20/2024,05/06/2024,United States,North America,Standard,14.79 USD,Desktop,33,yes,1,7,Affiliate,0,,PayPal,13-17,Drama
SUB100172,CUST20172,2024-07-21,,italy,Europe,Standard,15.93,Game Console,0,No,1,-5,Organic,FALSE,,Apple Pay,,Action
SUB100727,CUST20727,01/05/2022,14-04-2023,United States,North America,Premium,22.13,Tablet,,No,0,2,Affiliate,FALSE,N,Debit Card,25-34,Comedy
SUB101896,CUST21896,26-07-2022,2024-11-17,Spain,Europe,Free Trial,-0.63,Mobile,30.1,No,2,7,Affiliate,TRUE,N,Credit Card,35-44,Sci-Fi
SUB100056,CUST20056,07/19/2025,2027-07-20,United States,North America,Basic,9.51,Mobile,39.8,,0,8,Email Campaign,TRUE,Yes,PayPal,13-17,Reality TV
SUB100139,CUST20139,12/06/2025,01/04/2026,France,Europe,standard,15.42,Game Console,,Yes,0,0,Social Media,FALSE,Yes,Gift Card,25-34,Romance
SUB102244,CUST22244,2021-08-22,2023-06-15,United Kingdom,Europe,Trial,0.97,Game Console,31.8,No,0,6,Organic,0,FALSE,Google Pay,13-17,Drama
SUB100450,CUST20450,06-10-2022,2023-09-26,Canada,North America,Basic,-9.11,Game Console,32.1,,1,4,Affiliate,FALSE,N,Apple Pay,13-17,Kids & Family
SUB101998,CUST21998,05-11-2023,2025-04-04,France,Europe,Standard,13.6,Desktop,35.1,No,1,-5,Social Media,TRUE,Y,Apple Pay,55-64,Sci-Fi
SUB100989,CUST20989,03/11/2023,25 Dec 2023,India,Asia Pacific,Free Trial,-1.63,Tablet,42.8,Yes,2,,Social Media,0,No,Debit Card,55-64,Comedy
SUB100970,CUST20970,07/16/2024,2024-05-25,Canada,North America,Standard,14.28,Desktop,0,No,0,-5,Paid Search,No,Yes,Debit Card,65+,Anime
SUB100137,CUST20137,02/24/2023,05 Jul 2024,Mexico,North America,Free Trial,1.89,SmartTV,42.7,No,0,15,Paid Search,,Y,PayPal,25-34,Sci-Fi
SUB101897,CUST21897,13-12-2025,,INDIA,Asia Pacific,Standard,15.37,Smart TV,20.4,Yes,1,5,Social Media,1,TRUE,Credit Card,13-17,Drama
SUB100175,CUST20175,2024-05-06,2024-07-15,United States,North America,PREMIUM,20.43,Tablet,51.9,0,0,-5,Paid Search,,FALSE,Credit Card,18-24,Anime
SUB102303,CUST22303,2024-06-13,20-01-2025,United States,North America,Premium,18.55,Mobile,0,,0,10,Paid Search,1,,Apple Pay,25-34,Comedy
SUB101966,CUST21966,06/28/2025,2026-06-19,United States,North America,Free Trial,0.03,Mobile,0,,1,3,Paid Search,Yes,Yes,Gift Card,,Thriller
SUB100386,CUST20386,"February 21, 2022",02/27/2023,France,Europe,Basic,10.61,Mobile,,No,1,2,Paid Search,Yes,N,Google Pay,35-44,Drama
SUB101725,CUST21725,,17 Apr 2025,United States,North America,Premium,18.14,Desktop,28.9,No,1,15,Email Campaign,TRUE,Yes,PayPal,35-44,Action
SUB102808,CUST20208,2025-01-15,27 Dec 2026,United States,North America,Free Trial,-2.34,Phone,28.4,No,0,,Organic,,Yes,Gift Card,55-64,Comedy
SUB100445,CUST20445,2025-10-02,"December 28, 2027",australia,Asia Pacific,Standard,13.32,Mobile,26.8,No,0,9,Organic,FALSE,Yes,Google Pay,35-44,Romance
SUB101102,CUST21102,07/13/2023,2025-06-21,japan,Asia Pacific,FreeTrial,0.01,SmartTV,33,No,4,-5,Organic,No,TRUE,Debit Card,45-54,Kids & Family
SUB102848,CUST20248,2022-08-17,2023-03-11,germany,Europe,Standard,14.53,iPad,48.2,N,2,10,Organic,Yes,No,PayPal,25-34,Comedy
SUB101828,CUST21828,"April 23, 2025",12/31/2026,Deutschland,Europe,Premium,22.36,Smart TV,14.1,No,1,,Affiliate,FALSE,TRUE,Credit Card,65+,Documentary
SUB102995,CUST20395,"May 19, 2026",02/15/2028,Canada,North America,Premium,21.72,tablet,42.8,no,1,2,Email Campaign,FALSE,N,Credit Card,65+,Documentary
SUB101884,CUST21884,05/01/2021,06/11/2021,Mexico,North America,Basic,11.13,mobile,25.1,N,0,5,Organic,FALSE,Y,PayPal,25-34,Comedy
SUB101290,CUST21290,07/27/2025,07/29/2027,USA,North America,Basic,7.06,tablet,18.5,,1,15,Organic,FALSE,,Gift Card,13-17,Reality TV
SUB101582,CUST21582,2021-10-04,2022-01-29,Brazil,Latin America,Standard,13.14,console,46.3,No,1,10,Organic,FALSE,,PayPal,45-54,Anime
SUB100090,CUST20090,2024-05-19,2026-10-30,United States,North America,Standard,14.33,Game Console,61.1,No,0,3,Email Campaign,1,Y,Apple Pay,35-44,Documentary
SUB102505,CUST22505,,"November 02, 2025",Canada,North America,Standard,11.82,Smart TV,0,No,1,3,Paid Search,1,Yes,Google Pay,65+,Action
SUB101306,CUST21306,2023-01-27,07 Jul 2023,india,Asia Pacific,Basic,10.61,iPad,64.3,No,2,5,Organic,TRUE,N,Credit Card,,Romance
SUB102101,CUST22101,10/27/2025,01/13/2027,United States,North America,standard,14.49,Smart TV,,No,2,0,Social Media,0,TRUE,Apple Pay,45-54,Sci-Fi
SUB102049,CUST22049,2021-06-29,,Canada,North America,Basic,9.87 USD,mobile,15,No,0,7,Email Campaign,1,Y,PayPal,13-17,Sci-Fi
SUB102178,CUST22178,"April 22, 2022",04-09-2022,Japan,Asia Pacific,Premium,22.32,Smart TV,41.3,No,1,,Referral,No,TRUE,Credit Card,25-34,Thriller
SUB101030,CUST21030,02 Dec 2024,06-02-2025,Germany,Europe,FreeTrial,-1.69,Smart TV,0,No,0,15,Affiliate,FALSE,Y,Google Pay,65+,Comedy
SUB101330,CUST21330,2022-05-23,,United States,North America,premium,19.7,Phone,42.3,No,0,0,Referral,FALSE,No,Credit Card,13-17,Action
SUB100040,CUST20040,10/14/2025,31-01-2026,Canada,North America,Standard,14.74,Tablet,28.8,No,0,10,Referral,1,Y,Debit Card,25-34,Documentary
SUB101013,CUST21013,06 Oct 2024,2027-02-22,United States,North America,basic,10.19,PC,15.1,Yes,0,2,Affiliate,TRUE,FALSE,Debit Card,65+,Documentary
SUB100944,CUST20944,2022-10-28,"April 03, 2023",United States,North America,Standard,13.45,Smart TV,13.5,No,1,9,Affiliate,1,Y,Debit Card,65+,Kids & Family
SUB100666,CUST20666,2024-01-15,,INDIA,Asia Pacific,Standard,16.22,iPad,44.4,No,0,2,Social Media,No,,Google Pay,18-24,Romance
SUB102379,CUST22379,2022-09-29,2023-01-20,France,Europe,BASIC,9.69,Tablet,0.5,No,1,15,Affiliate,FALSE,TRUE,Google Pay,45-54,Action
SUB100453,CUST20453,02-08-2022,21-02-2023,USA,North America,Premium,,tablet,36.4,No,1,6,Organic,Yes,,Apple Pay,18-24,Sci-Fi
SUB100781,CUST20781,2026-05-28,2027-12-17,U.K.,Europe,Std,14.18,Tablet,49.6,No,1,1,Paid Search,0,,Debit Card,18-24,Documentary
SUB100099,CUST20099,12-10-2021,08/16/2022,India,Asia Pacific,Premium,19.52,Desktop,34.9,No,0,1,Referral,1,N,Apple Pay,65+,Romance
SUB101149,CUST21149,2025-10-04,11-03-2026,U.S.A,North America,Basic,9.98,Mobile,40.6,No,0,9,Paid Search,TRUE,FALSE,PayPal,55-64,Romance
SUB100178,CUST20178,05/05/2025,2027-05-28,United States,North America,Standard,14.27,Smart TV,40.4,Y,0,2,Paid Search,FALSE,,Debit Card,45-54,Thriller
SUB102185,CUST22185,02-10-2024,"March 20, 2025",UK,Europe,Premium,20.29,Tablet,391,,1,7,Referral,0,Y,Gift Card,25-34,Documentary
SUB100337,CUST20337,2023-09-20,2023-11-28,france,Europe,Basic,9.41,tablet,82.7,No,0,4,Social Media,TRUE,FALSE,Gift Card,18-24,Drama
SUB101919,CUST21919,16-02-2024,,Italy,Europe,Free Trial,,Mobile,10.7,Yes,0,0,Organic,Yes,No,PayPal,45-54,Documentary
SUB102167,CUST22167,14-06-2021,14 Jul 2023,Canada,North America,Basic,8.45,Game Console,74.1,No,0,6,Paid Search,No,,Gift Card,65+,Comedy
SUB102039,CUST22039,20-01-2026,02 Jun 2028,France,Europe,free trial,0.21,PC,19.4,Y,3,10,Email Campaign,TRUE,Yes,Debit Card,18-24,Romance
SUB101557,CUST21557,01/10/2026,07 May 2026,India,Asia Pacific,Premium,20.05,Desktop,22.5,N,0,-5,Email Campaign,0,Yes,Google Pay,55-64,Kids & Family
SUB102967,CUST20367,"January 23, 2021",11/28/2021,AUS,Asia Pacific,Premium,19.52,mobile,23.7,No,2,4,Paid Search,TRUE,Yes,Google Pay,35-44,Thriller
SUB101601,CUST21601,2021-08-27,12/20/2021,mexico,North America,Free Trial,0.1,tablet,1.8,,0,9,Email Campaign,FALSE,No,Debit Card,18-24,Reality TV
SUB101642,CUST21642,06/16/2022,2022-07-17,India,Asia Pacific,Standard,15.16 USD,tablet,96.8,No,0,5,Paid Search,TRUE,FALSE,Credit Card,25-34,Documentary
SUB100352,CUST20352,04/24/2022,02-09-2023,Spain,Europe,Premium,18.82,Tablet,16.8,,0,-5,Email Campaign,FALSE,TRUE,Apple Pay,35-44,Comedy
SUB100625,CUST20625,"November 13, 2024","August 18, 2025",United States,North America,Standard,14.35,Smart TV,20.5,Yes,2,1,Affiliate,1,Yes,Debit Card,45-54,Drama
SUB102241,CUST22241,04/11/2025,2027-04-05,United Kingdom,Europe,Std,13.68,Mobile,31.6,No,0,10,Paid Search,1,Y,Credit Card,25-34,Anime
SUB102573,CUST22573,2023-03-14,2025-05-04,Australia,Asia Pacific,Standard,13.89,Game Console,33.8,No,2,3,Social Media,No,FALSE,Google Pay,35-44,Documentary
SUB102532,CUST22532,24-08-2025,2026-10-06,Deutschland,,Standard,16.76,Phone,16.1,Yes,1,8,Organic,1,Y,Credit Card,18-24,Romance
SUB101552,CUST21552,2026-03-05,18 Aug 2027,Mexico,North America,Premium,$20.82,Mobile,45.9,No,1,5,Affiliate,1,N,Gift Card,65+,Comedy
SUB102184,CUST22184,2024-04-01,,France,Europe,Premium,18.88,Mobile,,No,1,10,Paid Search,TRUE,N,Debit Card,25-34,Drama
SUB102618,CUST20018,04/14/2022,29-07-2023,Brazil,Latin America,Standard,15.32,Tablet,22.6,1,2,6,Referral,FALSE,No,Google Pay,55-64,Documentary
SUB102090,CUST22090,12/18/2023,23 Sep 2024,India,Asia Pacific,Standard,-16.53,Mobile,62.8,No,2,3,Affiliate,1,Y,Apple Pay,65+,Action
SUB100724,CUST20724,,10/02/2021,Japan,Asia Pacific,Std,13.86,mobile,27.1,,0,0,Email Campaign,1,Yes,Gift Card,13-17,Comedy
SUB100699,CUST20699,"July 08, 2023",30 Oct 2023,India,Asia Pacific,Standard,13.6,Game Console,30.9,No,0,9,Social Media,No,Y,Credit Card,25-34,Reality TV
SUB100359,CUST20359,05/17/2022,"September 15, 2022",spain,Europe,Standard,12.76,iPad,33.1,No,1,15,Email Campaign,FALSE,FALSE,Apple Pay,45-54,Anime
SUB102938,CUST20338,06/12/2022,29-05-2022,India,Asia Pacific,standard,14.53,tablet,29.1,No,1,10,Referral,1,Y,Credit Card,45-54,Romance
SUB101322,CUST21322,05/30/2021,2022-05-19,United States,,Basic,8.77,Game Console,44,No,0,4,Paid Search,,FALSE,PayPal,13-17,Comedy
SUB101614,CUST21614,02/17/2021,2023-08-01,India,Asia Pacific,Basic,7.37,Tablet,52.4,No,0,,Email Campaign,FALSE,Yes,Debit Card,35-44,Documentary
SUB102776,CUST20176,20-02-2025,09/13/2026,france,Europe,Free Trial,0.08,mobile,38.4,Yes,1,7,Referral,FALSE,Yes,Google Pay,55-64,Comedy
SUB102620,CUST20020,2025-04-19,2027-07-04,India,Asia Pacific,Standard,11.77,Tablet,37.5,No,0,15,Organic,0,FALSE,Credit Card,,Anime
SUB101526,CUST21526,"July 23, 2025","December 26, 2026",United States,North America,Free Trial,-1.01,Mobile,52.2,No,0,,Paid Search,TRUE,TRUE,Debit Card,35-44,Romance
SUB100619,CUST20619,25 Jul 2021,09/03/2023,U.S.A,North America,Standard,12.79,Smart TV,68.7,No,0,0,Paid Search,FALSE,Y,PayPal,45-54,Documentary
SUB100466,CUST20466,14-12-2025,2028-04-24,brazil,Latin America,standard,15.97,Mobile,41.2,No,0,6,Email Campaign,Yes,No,PayPal,18-24,Anime
SUB101435,CUST21435,,"September 08, 2026",Brazil,Latin America,Basic,9.6,Tablet,37.8,No,1,3,Referral,Yes,Y,PayPal,45-54,Kids & Family
SUB102798,CUST20198,2025-02-01,2025-07-14,USA,North America,standard,11.17,Mobile,43.9,Yes,0,6,Organic,FALSE,TRUE,Google Pay,65+,Sci-Fi
SUB101420,CUST21420,27-12-2024,24-12-2025,Deutschland,Europe,Premium,21.88,Smart TV,33.8,No,1,1,Referral,1,TRUE,Credit Card,45-54,Documentary
SUB102625,CUST20025,10/09/2024,,India,Asia Pacific,Trial,0.46,Smart TV,16.1,No,2,8,Referral,0,TRUE,PayPal,35-44,Anime
SUB101703,CUST21703,01/09/2023,02-12-2023,United States,North America,Premium,23.37,console,42.5,No,0,1,Email Campaign,Yes,,Google Pay,45-54,Sci-Fi
SUB102128,CUST22128,2024-02-25,2024-11-30,Mexico,North America,Standard,12.84,Smart TV,63.2,No,1,0,Social Media,TRUE,Yes,Gift Card,18-24,Documentary
SUB101988,CUST21988,"July 02, 2025",2025-12-06,Germany,Europe,Premium,19.21,Game Console,9.9,No,0,-5,Social Media,Yes,Y,PayPal,25-34,Comedy
SUB100492,CUST20492,09 Mar 2024,2025-11-07,United Kingdom,Europe,Standard,14.75,smart tv,,,0,9,Social Media,1,Yes,Apple Pay,35-44,Sci-Fi
SUB102939,CUST20339,18-08-2022,2023-04-24,U.S.A,North America,Standard,13.7,TV,69.1,No,0,15,Paid Search,FALSE,FALSE,Gift Card,45-54,Reality TV
SUB101766,CUST21766,2024-07-19,2025-07-27,U.S.A,North America,Standard,15.23,Mobile,,No,1,15,Paid Search,0,N,PayPal,45-54,Sci-Fi
SUB102528,CUST22528,"January 09, 2026",29 Aug 2026,Deutschland,Europe,Premium,22.43,desktop,41.1,1,0,2,Affiliate,No,Y,Google Pay,25-34,Kids & Family
SUB102227,CUST22227,"June 26, 2023",2024-05-10,United States,North America,standard,14.25,Mobile,482.5,No,1,0,Social Media,0,N,PayPal,13-17,Anime
SUB101789,CUST21789,08/25/2023,2024-10-21,India,Asia Pacific,Standard,11.86,Mobile,62.9,No,1,0,Affiliate,FALSE,No,Google Pay,55-64,Anime
SUB101353,CUST21353,29-07-2025,2026-03-08,UK,Europe,Free Trial,0.21,Tablet,60.8,N,0,5,Paid Search,,Yes,Apple Pay,65+,Thriller
SUB101482,CUST21482,2021-12-22,29 Oct 2023,United States,North America,Standard,15.84,Game Console,31.1,No,2,4,Paid Search,FALSE,Yes,PayPal,13-17,Drama
SUB102719,CUST20119,24-12-2023,"May 23, 2024",Canada,North America,Basic,7.72,Game Console,17.4,No,1,0,Email Campaign,Yes,Yes,Apple Pay,45-54,Kids & Family
SUB101136,CUST21136,2021-04-02,"November 19, 2021",germany,Europe,Standard,14.54,Desktop,42.3,No,3,5,Email Campaign,1,FALSE,Gift Card,18-24,Comedy
SUB101936,CUST21936,09/09/2021,18-12-2022,United States,North America,Basic,9.74,Mobile,3,No,0,7,Referral,TRUE,N,PayPal,18-24,Action
SUB102430,CUST22430,2026-02-26,03/29/2028,Canada,North America,Standard,12.23,Desktop,13,Yes,0,5,Referral,No,Y,PayPal,25-34,Comedy
SUB101581,CUST21581,11/04/2021,17-09-2022,U.K.,Europe,Basic,7.81,Mobile,5,No,1,4,Social Media,Yes,TRUE,Apple Pay,55-64,Sci-Fi
SUB100480,CUST20480,2021-11-04,2022-10-15,Australia,Asia Pacific,Free Trial,0.16,Mobile,15,No,0,7,Referral,TRUE,No,Gift Card,25-34,Drama
SUB102266,CUST22266,2025-11-19,13 Jun 2026,Canada,North America,premium,19.11,Tablet,41.4,No,1,-5,Organic,TRUE,TRUE,Debit Card,65+,Anime
SUB100103,CUST20103,2024-11-15,04/18/2025,canada,North America,PREMIUM,$19.93,Game Console,18.1,,0,15,Referral,TRUE,Yes,Credit Card,65+,Comedy
SUB101479,CUST21479,16 Sep 2024,04-11-2025,United States,North America,premium,20.37,Tablet,19.3,,1,3,Paid Search,1,Y,PayPal,18-24,Comedy
SUB100743,CUST20743,16 Nov 2022,2022-11-24,Canada,North America,Standard,13.25,Desktop,34.5,No,1,6,Email Campaign,1,N,Apple Pay,18-24,Documentary
SUB102672,CUST20072,28-05-2025,19-10-2025,AUS,Asia Pacific,Standard,15.46,console,21.7,No,2,5,Referral,Yes,FALSE,Credit Card,55-64,Reality TV
SUB100054,CUST20054,22 Dec 2021,05/27/2022,United States,North America,Basic,7.85,Desktop,28.2,No,0,,Social Media,Yes,TRUE,Gift Card,35-44,Sci-Fi
SUB100988,CUST20988,2023-03-07,26-04-2024,INDIA,Asia Pacific,Standard,13.07,Desktop,18.9,No,0,10,Affiliate,1,Y,Apple Pay,25-34,Reality TV
SUB102555,CUST22555,06-05-2026,11-09-2028,united states,North America,Std,11.97,Desktop,37.3,No,0,15,Paid Search,,N,Google Pay,18-24,Thriller
SUB100069,CUST20069,03/27/2023,2024-09-15,Germany,Europe,Basic,9.37,Smart TV,51.8,No,1,1,Social Media,Yes,TRUE,Gift Card,65+,Drama
SUB100718,CUST20718,2023-11-21,22 Nov 2025,Mexico,North America,Basic,8.19,Mobile,42.2,Yes,0,6,Social Media,TRUE,Yes,Apple Pay,55-64,Comedy
SUB101101,CUST21101,03 Jun 2024,01 Sep 2024,India,Asia Pacific,Free Trial,-1.04,Desktop,,No,2,-5,Social Media,TRUE,TRUE,Debit Card,35-44,Romance
SUB100334,CUST20334,2024-04-18,09/14/2025,United States,North America,Standard,10.91,TV,50.7,No,0,,Referral,FALSE,,Google Pay,65+,Sci-Fi
SUB102470,CUST22470,2024-06-04,2025-05-30,United States,North America,Basic,5.7,Mobile,26.1,No,0,-5,Email Campaign,TRUE,TRUE,Google Pay,35-44,Reality TV
SUB101392,CUST21392,"July 07, 2025",12/27/2025,France,,Basic,9.68,Mobile,22.1,No,0,-5,Paid Search,TRUE,FALSE,PayPal,18-24,Romance
SUB101240,CUST21240,2023-12-14,2024-06-10,united states,North America,Standard,15.3,Game Console,79.2,,1,7,Organic,0,N,Credit Card,65+,Action
SUB100785,CUST20785,"June 23, 2023",13-07-2025,USA,North America,Basic,7.48,iPad,35.6,,0,0,Referral,,N,Debit Card,18-24,Documentary
SUB101174,CUST21174,2024-11-22,2025-04-23,United States,North America,Premium,21.87,Smart TV,15,No,0,7,Paid Search,Yes,Y,Google Pay,55-64,Thriller
SUB101159,CUST21159,"September 28, 2022",2025-02-09,USA,North America,Free Trial,-1.08,Tablet,3.9,No,0,8,Social Media,FALSE,TRUE,Debit Card,25-34,Comedy
SUB101316,CUST21316,09/19/2021,11 Jul 2022,Canada,North America,Free Trial,$1.97,Game Console,24.7,No,1,2,Email Campaign,0,Yes,Google Pay,45-54,Documentary
SUB101138,CUST21138,2024-03-03,08/05/2024,Canada,North America,Standard,15.16,Game Console,3.4,No,0,10,Paid Search,FALSE,,Gift Card,45-54,Anime
SUB100128,CUST20128,10 Sep 2025,2027-03-19,INDIA,Asia Pacific,Standard,14.92,Desktop,43.7,No,0,8,Paid Search,TRUE,Yes,Credit Card,55-64,Action
SUB101584,CUST21584,2025-04-21,2026-11-20,United Kingdom,Europe,Basic,7.81,Game Console,20.5,,0,-5,Email Campaign,No,Y,Debit Card,55-64,Sci-Fi
SUB101975,CUST21975,2023-02-23,"May 14, 2023",France,Europe,Standard,14.27,Desktop,69,yes,1,5,Organic,FALSE,N,Apple Pay,18-24,Anime
SUB101262,CUST21262,06/07/2022,06/14/2023,United States,North America,premium,20.73,Tablet,47.6,No,0,15,Affiliate,1,Y,Gift Card,13-17,Comedy
SUB102616,CUST20016,13-12-2021,"February 02, 2024",France,Europe,BASIC,6.59,Mobile,49.8,No,0,2,Affiliate,FALSE,Yes,Credit Card,55-64,Kids & Family
SUB101107,CUST21107,10/26/2023,2025-07-12,india,Asia Pacific,standard,14.17,tablet,46.6,,0,,Email Campaign,0,FALSE,Google Pay,55-64,Action
SUB100951,CUST20951,10-08-2025,2027-03-09,Australia,Asia Pacific,Free Trial,0.66,Smart TV,,No,0,2,Social Media,TRUE,No,Debit Card,55-64,Anime
SUB102123,CUST22123,"June 14, 2026","October 08, 2027",Brazil,Latin America,premium,19.77,Desktop,9.6,Yes,0,8,Paid Search,FALSE,Y,Debit Card,65+,Thriller
SUB101130,CUST21130,12 Aug 2021,"May 01, 2023",United States,North America,Standard,$14.75,Smart TV,53.2,No,1,10,Email Campaign,,FALSE,Credit Card,18-24,Romance
SUB102970,CUST20370,"January 03, 2023",18 Mar 2023,United States,North America,Std,13.74,Tablet,49.1,,1,2,Organic,FALSE,TRUE,Gift Card,13-17,Anime
SUB101559,CUST21559,,18 Mar 2023,United Kingdom,Europe,Premium,21.51,mobile,56.3,No,0,7,Social Media,Yes,Y,Google Pay,13-17,Thriller
SUB100462,CUST20462,14-01-2025,07/03/2026,USA,North America,Basic,11.25,Smart TV,31.6,No,2,10,Social Media,0,,Debit Card,65+,Kids & Family
SUB100640,CUST20640,21-08-2022,2023-09-24,United States,North America,Free Trial,0.96,Tablet,36.2,,0,2,Paid Search,FALSE,TRUE,Google Pay,35-44,Sci-Fi
SUB100758,CUST20758,2023-02-22,"May 08, 2024",United Kingdom,Europe,Premium,16.69,Game Console,30.3,No,2,15,Social Media,TRUE,,Gift Card,25-34,Romance
SUB102698,CUST20098,2023-08-26,2024-01-27,Canada,North America,Standard,$12.69,Game Console,,No,2,3,Email Campaign,TRUE,No,Debit Card,13-17,Documentary
SUB100930,CUST20930,2021-09-10,2023-10-02,India,Asia Pacific,standard,15.04,Tablet,23.8,No,1,15,Organic,,,PayPal,45-54,Kids & Family
SUB100231,CUST20231,06/20/2026,09/14/2026,United States,North America,Free Trial,-1.91,Tablet,0,No,1,,Email Campaign,TRUE,No,Debit Card,25-34,Thriller
SUB101320,CUST21320,16 Aug 2023,2025-07-14,United States,North America,Free Trial,-0.02,Desktop,23.3,No,0,3,Email Campaign,1,TRUE,Apple Pay,55-64,Romance
SUB100556,CUST20556,03 Jun 2025,2026-06-28,canada,North America,Basic,9.11,Desktop,,Y,2,10,Social Media,TRUE,,PayPal,65+,Reality TV
SUB100544,CUST20544,01/15/2023,29 Jul 2024,India,Asia Pacific,Free Trial,-0.72,Console,35.2,No,1,7,Affiliate,No,TRUE,Debit Card,45-54,Thriller
SUB102604,CUST20004,08/03/2021,11 Jan 2024,Australia,Asia Pacific,Standard,14.98,Desktop,56.1,No,0,1,Email Campaign,,No,PayPal,65+,Documentary
SUB102542,CUST22542,2024-07-13,2026-10-01,Germany,Europe,basic,8.75,Smart TV,20.8,Yes,0,5,Organic,FALSE,Y,Google Pay,55-64,Comedy
SUB102841,CUST20241,09-03-2023,27 Jan 2024,India,,Free Trial,0.02,Game Console,98.6,Y,2,3,Referral,0,TRUE,PayPal,18-24,Thriller
SUB102540,CUST22540,2022-10-30,2023-05-08,germany,Europe,Standard,14.94,Game Console,67.9,No,0,4,Affiliate,TRUE,Y,Gift Card,18-24,Romance
SUB100099,CUST20099,12-10-2021,08/16/2022,India,Asia Pacific,Premium,19.52,Desktop,34.9,No,0,1,Referral,1,N,Apple Pay,65+,Romance
SUB101431,CUST21431,2022-04-29,12-12-2023,Spain,Europe,Standard,12.99,Game Console,42.9,Yes,2,2,Organic,FALSE,FALSE,Apple Pay,,Kids & Family
SUB101251,CUST21251,29-05-2025,"June 23, 2027",france,Europe,Basic,9,Phone,63.7,No,1,3,Paid Search,FALSE,Yes,PayPal,55-64,Action
SUB101888,CUST21888,05/02/2025,28-05-2025,Italy,Europe,Free Trial,-1.99,Smart TV,13.9,No,1,9,Referral,FALSE,FALSE,Google Pay,55-64,Anime
SUB101900,CUST21900,13-12-2021,01/01/2022,Brasil,Latin America,Premium,21.47,Mobile,33.7,No,1,,Affiliate,TRUE,Y,Apple Pay,65+,Documentary
SUB101006,CUST21006,30 Dec 2022,2023-06-07,united states,North America,Standard,13.91,console,8.3,No,0,8,Social Media,,N,Gift Card,65+,Documentary
SUB101471,CUST21471,"April 21, 2026",2027-04-25,USA,North America,FreeTrial,2.34 USD,Smart TV,9.6,Yes,0,5,Social Media,Yes,Yes,Gift Card,35-44,Kids & Family
SUB102061,CUST22061,04/02/2026,,Germany,Europe,Standard,,Game Console,36.9,No,1,15,Email Campaign,FALSE,N,PayPal,,Sci-Fi
SUB102310,CUST22310,02/16/2022,05-05-2022,France,Europe,basic,8.71,tablet,16.1,Yes,0,2,Affiliate,0,Y,Apple Pay,45-54,Reality TV
SUB100295,CUST20295,12-06-2023,11/06/2025,United States,,Standard,12.52,PC,40,No,0,0,Affiliate,TRUE,N,Gift Card,13-17,Comedy
SUB102455,CUST22455,"February 05, 2025",,Brazil,Latin America,Basic,8.67,Desktop,,No,1,8,Social Media,TRUE,Y,Apple Pay,25-34,Comedy
SUB102738,CUST20138,2025-08-19,19-05-2027,United States,North America,Standard,,Tablet,26.9,No,2,9,Social Media,FALSE,Y,PayPal,13-17,Thriller
SUB102857,CUST20257,2021-10-11,2022-12-26,Deutschland,Europe,Premium,18.94,Laptop,39.8,No,1,0,Social Media,Yes,N,Credit Card,55-64,Comedy
SUB102354,CUST22354,,,United States,North America,Free Trial,-0.06,Game Console,29.6,No,0,15,Referral,,Yes,Apple Pay,25-34,Anime
SUB100160,CUST20160,20-11-2024,"December 15, 2025",India,Asia Pacific,Premium,20.93,Smart TV,31.2,No,1,15,Email Campaign,1,N,PayPal,45-54,Anime
SUB101237,CUST21237,2021-02-27,01-05-2022,Japan,Asia Pacific,Basic,10.64,Tablet,35,No,0,6,Social Media,TRUE,TRUE,Google Pay,35-44,Comedy
SUB100651,CUST20651,2022-05-24,"April 27, 2023",India,Asia Pacific,standard,11.01,Game Console,15.1,No,0,3,Affiliate,FALSE,Y,Credit Card,55-64,Drama
SUB100910,CUST20910,2021-01-26,05/30/2021,Canada,North America,Basic,7.94,Tablet,30.5,N,0,9,Paid Search,FALSE,Yes,Credit Card,25-34,Sci-Fi
SUB102884,CUST20284,,07/08/2027,india,Asia Pacific,Premium,18.78,Game Console,72.8,No,2,2,Affiliate,FALSE,N,Apple Pay,65+,Sci-Fi
SUB102432,CUST22432,2024-03-31,03 Nov 2025,United States,North America,standard,13.88,Mobile,47.3,No,0,5,Organic,No,N,Gift Card,65+,Drama
SUB102690,CUST20090,28-07-2022,2024-11-05,United States,North America,Free Trial,0.73,Desktop,54.2,No,0,5,Paid Search,TRUE,,Apple Pay,18-24,Thriller
SUB101558,CUST21558,2022-01-20,21-02-2024,México,North America,free trial,-0.63,Smart TV,,No,0,7,Referral,FALSE,,Credit Card,18-24,Romance
SUB100321,CUST20321,2025-12-08,03-09-2027,United States,North America,Standard,16.45,iPad,,No,1,9,Referral,FALSE,Y,PayPal,55-64,Anime
SUB100015,CUST20015,2025-05-22,21 Aug 2027,Mexico,North America,Basic,9.49,Smart TV,43.6,No,0,6,Referral,Yes,N,Credit Card,25-34,Romance
SUB100976,CUST20976,2022-05-26,2024-10-11,INDIA,Asia Pacific,Free Trial,-0.28,Desktop,20.3,,2,4,Email Campaign,,TRUE,Apple Pay,25-34,Documentary
SUB102510,CUST22510,2023-05-03,2024-07-25,India,Asia Pacific,Premium,19.11,Smart TV,35.6,No,1,4,Organic,0,Y,PayPal,25-34,Reality TV
SUB101447,CUST21447,,2026-04-11,canada,North America,Standard,13.41,Desktop,72.8,No,0,5,Affiliate,No,Y,PayPal,25-34,Action
SUB100463,CUST20463,2023-08-22,08/27/2023,United States,North America,Standard,14.49,Desktop,30.4,No,2,,Referral,Yes,,PayPal,65+,Thriller
SUB102758,CUST20158,11-04-2022,2022-06-03,India,Asia Pacific,Standard,13.23,Mobile,31.5,No,0,15,Paid Search,FALSE,Yes,Apple Pay,18-24,Comedy
SUB101693,CUST21693,10-06-2021,"May 13, 2021",Canada,North America,standard,12.49,Console,49.2,No,3,7,Paid Search,FALSE,,PayPal,65+,Kids & Family
SUB101720,CUST21720,2021-01-14,09/17/2022,Germany,Europe,Basic,9.11,Mobile,6.7,No,1,5,Organic,FALSE,Y,Google Pay,65+,Action
SUB100644,CUST20644,17-11-2022,"March 11, 2023",Italy,Europe,Basic,8.46,Mobile,,No,0,5,Affiliate,Yes,Yes,Google Pay,25-34,Anime
SUB100620,CUST20620,2024-12-06,09/12/2026,united states,North America,basic,8.35,console,55.9,No,2,10,Organic,FALSE,No,Debit Card,25-34,Romance
SUB100652,CUST20652,04-08-2024,2025-11-15,Italy,Europe,Standard,15.47,Tablet,0,yes,1,4,Affiliate,FALSE,,Debit Card,45-54,Drama
SUB100254,CUST20254,08/29/2023,01-11-2024,Canada,North America,Premium,19.32,Desktop,44.3,,0,3,Affiliate,0,No,Gift Card,45-54,Action
SUB101882,CUST21882,2024-07-08,,United States,North America,basic,11.18,Tablet,10.7,No,1,15,Referral,TRUE,Y,Debit Card,55-64,Reality TV
SUB100874,CUST20874,2022-04-06,2023-07-23,United States,North America,Standard,16.04,Console,80.4,Yes,1,9,Email Campaign,,N,Gift Card,55-64,Romance
SUB100467,CUST20467,23 Feb 2023,25 Aug 2023,India,,Trial,0.71,Desktop,12,No,1,9,Organic,0,Y,Credit Card,55-64,Sci-Fi
SUB100754,CUST20754,2025-04-27,2027-05-01,Italy,Europe,Premium,21.06,Console,347.2,No,0,7,Email Campaign,TRUE,FALSE,Debit Card,55-64,Romance
SUB102670,CUST20070,2021-12-16,03/10/2022,U.K.,Europe,Premium,19.97,Mobile,28.7,No,1,4,Paid Search,FALSE,FALSE,Credit Card,45-54,Reality TV
SUB100942,CUST20942,01/30/2022,2022-10-04,germany,Europe,standard,13.67,Tablet,23.4,No,2,1,Referral,No,Y,Google Pay,45-54,Thriller
SUB100883,CUST20883,12/09/2025,01/23/2028,brazil,Latin America,Basic,10.33,PC,40.9,No,0,9,Email Campaign,TRUE,Yes,Apple Pay,65+,Reality TV
SUB100292,CUST20292,22-03-2026,2027-09-12,france,Europe,Standard,14.85,Desktop,74.9,,0,7,Affiliate,TRUE,N,Credit Card,35-44,Comedy
SUB100234,CUST20234,02-11-2023,22-03-2026,united states,North America,Standard,15.32,Desktop,15.8,No,0,,Affiliate,TRUE,,Credit Card,13-17,Action
SUB100127,CUST20127,03 Jan 2023,,united states,North America,Free Trial,,Game Console,30.1,N,0,0,Affiliate,,Yes,Credit Card,25-34,Anime
SUB101305,CUST21305,"September 23, 2021",2023-12-27,Spain,Europe,Free Trial,-0.66,Tablet,31.9,Yes,1,8,Affiliate,,Y,Google Pay,55-64,Thriller
SUB101767,CUST21767,2021-03-14,24 Jan 2023,United Kingdom,Europe,Basic,10.1,Desktop,29.9,No,1,,Organic,,No,PayPal,65+,Documentary
SUB101519,CUST21519,"April 11, 2023",2024-08-25,india,Asia Pacific,Premium,18.62,Smart TV,26.2,No,1,0,Email Campaign,1,No,PayPal,35-44,Reality TV
SUB102272,CUST22272,2025-05-01,2025-05-26,India,Asia Pacific,Standard,14.52,Smart TV,55.9,No,0,7,Affiliate,1,TRUE,Gift Card,45-54,Romance
SUB102659,CUST20059,29 May 2024,09 Jun 2026,INDIA,Asia Pacific,Standard,13.98,Mobile,52.4,No,0,15,Referral,FALSE,FALSE,Credit Card,13-17,Action
SUB102098,CUST22098,2024-04-08,05/23/2026,canada,North America,Free Trial,-0.46,Game Console,67.5,,1,-5,Email Campaign,TRUE,,Credit Card,18-24,Thriller
SUB102418,CUST22418,09-09-2022,2023-06-14,United States,North America,Premium,19.59,TV,,No,0,15,Organic,FALSE,Y,Google Pay,55-64,Kids & Family
SUB102026,CUST22026,"July 08, 2021",2022-07-22,USA,North America,Basic,7.53,Game Console,18.5,No,1,15,Social Media,1,N,Debit Card,55-64,Kids & Family
SUB101486,CUST21486,14 Jan 2024,2026-04-01,United States,North America,Free Trial,1.66,Game Console,47.8,Yes,2,2,Affiliate,No,No,Gift Card,45-54,Anime
SUB101242,CUST21242,2023-07-09,25-02-2024,USA,North America,standard,13.33,iPad,59.6,No,0,10,Social Media,FALSE,FALSE,Gift Card,55-64,Drama
SUB100535,CUST20535,09/21/2022,10/25/2024,India,Asia Pacific,Basic,8.71,Mobile,3.1,No,0,0,Social Media,,N,Apple Pay,55-64,Drama
SUB100526,CUST20526,"January 29, 2022",08/07/2022,Canada,North America,Standard,12.34,Game Console,64.4,,1,15,Social Media,0,FALSE,PayPal,55-64,Documentary
SUB101426,CUST21426,2023-12-06,2026-04-19,USA,North America,Basic,10.83,Mobile,36.3,No,0,,Affiliate,,FALSE,Google Pay,25-34,Comedy
SUB101081,CUST21081,09/26/2025,"August 30, 2026",Brazil,Latin America,Basic,9.39,Mobile,36,,0,7,Social Media,TRUE,FALSE,Apple Pay,45-54,Documentary
SUB102448,CUST22448,01/16/2022,2022-08-31,United States,North America,Free Trial,1.79,Tablet,56.1,No,2,-5,Paid Search,Yes,FALSE,Apple Pay,35-44,Kids & Family
SUB102749,CUST20149,2024-04-18,04/29/2026,France,Europe,Standard,12.6,Mobile,17.1,No,0,5,Referral,No,TRUE,Debit Card,35-44,Kids & Family
SUB100590,CUST20590,10/09/2025,16-11-2027,Canada,North America,Premium,19.03,Tablet,47.7,No,0,8,Affiliate,0,Y,Google Pay,18-24,Thriller
SUB100674,CUST20674,2026-02-08,03-05-2026,India,Asia Pacific,Standard,14.66,Game Console,9.2,0,0,0,Referral,TRUE,FALSE,PayPal,13-17,Romance
SUB102592,CUST22592,03/06/2025,22 Mar 2026,United States,North America,Premium,$20.71,Desktop,53.5,No,2,1,Referral,TRUE,TRUE,Credit Card,13-17,Sci-Fi
SUB102155,CUST22155,2023-08-30,08/31/2023,United Kingdom,Europe,Basic,9.68,SmartTV,17.9,,1,3,Referral,FALSE,TRUE,Gift Card,45-54,Anime
SUB101347,CUST21347,2021-04-25,2022-02-08,United States,North America,Free Trial,0.36,Phone,32.7,No,0,5,Organic,,FALSE,Google Pay,65+,Thriller
SUB101376,CUST21376,10/06/2021,28-08-2023,USA,North America,Premium,17.8,Mobile,70.1,Yes,1,2,Social Media,TRUE,No,Apple Pay,35-44,Kids & Family
SUB100836,CUST20836,03/26/2021,2022-07-22,United States,North America,Premium,19.12,Game Console,29.4,Yes,0,4,Paid Search,1,TRUE,Gift Card,35-44,Sci-Fi
SUB100252,CUST20252,10/11/2021,2022-06-12,France,Europe,standard,10.43,Desktop,24.1,,1,15,Affiliate,FALSE,Yes,Apple Pay,35-44,Reality TV
SUB100667,CUST20667,2024-09-20,11/02/2026,United States,North America,Basic,9.78,Phone,89.2,No,1,-5,Organic,FALSE,N,Gift Card,18-24,Action
SUB102210,CUST22210,"September 25, 2025",03/06/2028,India,Asia Pacific,Standard,14.5,Game Console,35.4,Yes,1,-5,Referral,,TRUE,Apple Pay,55-64,Romance
SUB101872,CUST21872,06 Jan 2026,2026-10-14,italy,,BASIC,8.91,Smart TV,,no,0,9,Affiliate,Yes,,Credit Card,18-24,Thriller
SUB100391,CUST20391,26-07-2021,2023-10-30,United Kingdom,Europe,free trial,$1.07,Game Console,35.2,,2,0,Email Campaign,TRUE,N,Debit Card,18-24,Reality TV
SUB101468,CUST21468,"April 06, 2021",2021-12-05,México,,Premium,16.97,Mobile,0,No,0,3,Email Campaign,FALSE,N,Debit Card,55-64,Comedy
SUB102605,CUST20005,2021-06-11,2022-07-21,United States,North America,Standard,$14.16,Mobile,99.8,1,1,15,Referral,,,Apple Pay,18-24,Reality TV
SUB101363,CUST21363,"February 01, 2024",03/14/2024,Mexico,North America,Premium,$18.97,Tablet,48,Yes,2,2,Social Media,No,Y,Apple Pay,65+,Documentary
SUB100795,CUST20795,13-12-2024,16 Feb 2025,United States,North America,Standard,,Desktop,41.4,1,0,1,Affiliate,1,,Gift Card,25-34,Drama
SUB101985,CUST21985,11 Feb 2023,27 Nov 2023,INDIA,Asia Pacific,premium,19.62,Smart TV,21.2,,0,10,Paid Search,No,Yes,Apple Pay,13-17,Documentary
SUB101934,CUST21934,2023-06-03,"March 07, 2024",United Kingdom,Europe,Standard,12.53,Smart TV,6.7,No,0,9,Paid Search,Yes,Y,Gift Card,13-17,Comedy
SUB102105,CUST22105,11/07/2025,2026-02-09,India,Asia Pacific,Standard,15.68,Smart TV,59.6,yes,1,5,Affiliate,No,Y,Google Pay,65+,Sci-Fi
SUB100682,CUST20682,2022-05-13,2022-10-12,United States,North America,Free Trial,1.59,Game Console,59.9,No,1,0,Organic,FALSE,N,Apple Pay,65+,Anime
SUB101206,CUST21206,"March 13, 2024",2025-09-07,United States,North America,Standard,16.52,console,23.5,,1,10,Social Media,TRUE,Y,PayPal,55-64,Comedy
SUB101078,CUST21078,2024-01-09,"August 24, 2025",Spain,Europe,Standard,$13.1,Game Console,22.7,0,0,10,Referral,,,Google Pay,35-44,Comedy
SUB102246,CUST22246,"September 30, 2022","December 06, 2023",Spain,Europe,Standard,12.72,Smart TV,41.4,No,1,3,Organic,Yes,FALSE,PayPal,65+,Sci-Fi
SUB102395,CUST22395,12/02/2021,29 Jul 2022,france,Europe,Standard,13.18,Console,64.4,Yes,1,6,Email Campaign,TRUE,,Google Pay,65+,Thriller
SUB100152,CUST20152,22 Jun 2023,08/25/2023,Mexico,North America,Basic,8.92,Tablet,13.9,no,2,15,Organic,FALSE,TRUE,PayPal,55-64,Thriller
SUB101525,CUST21525,04/15/2023,09/26/2023,United States,North America,Basic,9.51,PC,76.5,No,0,15,Affiliate,TRUE,N,Credit Card,13-17,Documentary
SUB102838,CUST20238,2024-05-15,2026-08-08,india,Asia Pacific,Basic,8.98,Smart TV,25.7,No,2,3,Paid Search,FALSE,No,Google Pay,18-24,Thriller
SUB100828,CUST20828,2021-10-05,2021-09-25,United States,North America,Standard,12.67,Mobile,32.9,0,1,1,Affiliate,1,TRUE,Gift Card,13-17,Thriller
SUB101255,CUST21255,2022-01-29,2023-03-06,India,Asia Pacific,Basic,11.26,Desktop,48.6,,0,3,Paid Search,,No,Credit Card,18-24,Reality TV
SUB100525,CUST20525,"June 10, 2024",,Japan,Asia Pacific,Premium,20.12,SmartTV,83.9,No,0,4,Social Media,Yes,N,Credit Card,35-44,Kids & Family
SUB101266,CUST21266,,04/07/2026,France,Europe,Premium,19.62,Tablet,75.4,Yes,1,9,Affiliate,Yes,Y,Credit Card,35-44,Sci-Fi
SUB102070,CUST22070,20-07-2023,"June 02, 2024",United States,North America,Standard,$12.38,tablet,30.5,No,2,,Paid Search,Yes,Y,Apple Pay,25-34,Reality TV
SUB100406,CUST20406,21 Nov 2021,2023-12-20,Italy,Europe,Standard,-13.39,mobile,22.4,No,1,2,Social Media,0,Y,Credit Card,45-54,Sci-Fi
SUB100258,CUST20258,18-10-2024,03/26/2026,United States,North America,Basic,9.79,Tablet,21.2,Yes,1,10,Affiliate,,N,Credit Card,35-44,Thriller
SUB102907,CUST20307,,19-03-2023,canada,North America,Standard,13.66,Tablet,50.6,No,0,-5,Organic,TRUE,TRUE,Gift Card,18-24,Comedy
SUB102437,CUST22437,09-02-2026,11 Aug 2027,germany,Europe,Standard,14.93,Game Console,15.8,No,0,15,Referral,No,Y,Google Pay,55-64,Kids & Family
SUB100186,CUST20186,07-09-2022,2024-04-04,INDIA,Asia Pacific,Standard,$15.02,Tablet,51.8,No,1,4,Referral,FALSE,No,Google Pay,18-24,Anime
SUB102092,CUST22092,2024-11-14,"October 14, 2025",Germany,Europe,Free Trial,1.07,Smart TV,57.4,No,1,3,Affiliate,Yes,Yes,Apple Pay,55-64,Drama
SUB100474,CUST20474,"September 20, 2022",2024-01-11,germany,Europe,Basic,4.61,smart tv,0.5,No,0,15,Affiliate,,No,Credit Card,65+,Sci-Fi
SUB100813,CUST20813,21-07-2024,12/09/2025,United States,North America,premium,18.99,PC,37.9,No,0,5,Paid Search,0,TRUE,Gift Card,45-54,Romance
SUB102389,CUST22389,2024-05-29,2025-11-23,india,Asia Pacific,Standard,$13.91,Mobile,36.3,No,0,6,Email Campaign,TRUE,N,PayPal,35-44,Thriller
SUB101167,CUST21167,04/24/2023,14 Jul 2023,italy,Europe,standard,13.78,Desktop,21.2,No,0,15,Paid Search,,No,PayPal,65+,Romance
SUB100365,CUST20365,04 Feb 2024,10/18/2025,India,Asia Pacific,Premium,$20.06,Smart TV,46,No,0,10,Email Campaign,No,,Debit Card,45-54,Sci-Fi
SUB100352,CUST20352,04/24/2022,02-09-2023,Spain,Europe,Premium,18.82,Tablet,16.8,,0,-5,Email Campaign,FALSE,TRUE,Apple Pay,35-44,Comedy
SUB101859,CUST21859,22-05-2024,2026-03-04,India,Asia Pacific,Basic,8.18,Smart TV,25.5,No,0,8,Email Campaign,FALSE,No,PayPal,13-17,Reality TV
SUB101351,CUST21351,2023-12-01,01/09/2026,india,Asia Pacific,Basic,9.13,Tablet,38.2,,2,15,Organic,TRUE,,PayPal,65+,Thriller
SUB102364,CUST22364,"April 01, 2024",01-04-2026,Australia,Asia Pacific,Std,13.33,Game Console,38.6,Yes,1,-5,Email Campaign,No,,Google Pay,35-44,Sci-Fi
SUB100330,CUST20330,22-04-2026,2028-08-10,United States,North America,Standard,13.97,Tablet,17,no,1,2,Organic,FALSE,N,PayPal,25-34,Documentary
SUB100513,CUST20513,2025-03-12,12/19/2026,India,Asia Pacific,Free Trial,-0.01,Mobile,55.9,Yes,2,3,Organic,,Yes,Gift Card,35-44,Anime
SUB100663,CUST20663,04/04/2026,,United States,North America,Standard,14.88,Tablet,0,no,1,2,Email Campaign,TRUE,Yes,PayPal,45-54,Anime
SUB100346,CUST20346,28-02-2023,13-08-2023,United States,North America,Free Trial,-2.7,Mobile,18.5,No,0,15,Referral,Yes,TRUE,Google Pay,13-17,Action
SUB101604,CUST21604,04/30/2022,,Australia,Asia Pacific,premium,19.91,Smart TV,47.3,No,0,-5,Affiliate,No,Y,Gift Card,65+,Romance
SUB100833,CUST20833,2021-10-23,05/03/2023,France,Europe,Standard,$14.15,Desktop,44,No,0,6,Referral,,N,Google Pay,18-24,Action
SUB100684,CUST20684,2026-01-15,02/07/2026,Spain,Europe,free trial,0.99,Game Console,43.1,,0,-5,Affiliate,TRUE,Y,Gift Card,13-17,Documentary
SUB102688,CUST20088,2022-10-17,02/14/2024,United Kingdom,Europe,Trial,-0.64,Desktop,53.5,N,0,2,Social Media,TRUE,No,Google Pay,65+,Documentary
SUB101677,CUST21677,2025-11-19,17-10-2027,Canada,,Basic,8.29,Tablet,34.8,No,0,,Social Media,FALSE,No,PayPal,25-34,Drama
SUB102997,CUST20397,2021-03-06,2022-02-28,spain,,Free Trial,-0.36,Desktop,45.9,,0,9,Affiliate,No,Y,Credit Card,55-64,Romance
SUB100773,CUST20773,2024-08-21,"October 25, 2025",Spain,Europe,Standard,13.12,Tablet,23.4,No,0,4,Affiliate,FALSE,,Google Pay,18-24,Comedy
SUB100067,CUST20067,21 Mar 2024,2025-09-14,Spain,Europe,Std,14.75,mobile,30.6,Yes,1,2,Social Media,No,No,Credit Card,13-17,Kids & Family
SUB101951,CUST21951,2021-02-18,2021-06-28,United States,North America,Premium,20.01 USD,Desktop,52.8,No,2,7,Organic,,Yes,Credit Card,35-44,Documentary
SUB102771,CUST20171,04/11/2025,01/10/2027,United States,North America,Basic,9.45 USD,tablet,44.8,No,1,4,Referral,FALSE,No,Debit Card,13-17,Romance
SUB101716,CUST21716,2023-12-03,04-12-2025,India,Asia Pacific,Premium,20.84,Tablet,459.1,No,1,4,Referral,,N,PayPal,25-34,Action
SUB102421,CUST22421,08/02/2022,01 Sep 2024,Australia,Asia Pacific,Basic,7.55,Game Console,14.2,No,0,-5,Organic,TRUE,TRUE,Credit Card,55-64,Action
SUB100235,CUST20235,"March 22, 2025",2027-05-19,India,Asia Pacific,Premium,20.41,Tablet,26.9,No,1,5,Affiliate,1,FALSE,Debit Card,55-64,Thriller
SUB100646,CUST20646,07/14/2023,21-06-2024,Germany,Europe,Basic,10.0 USD,Laptop,,yes,0,4,Organic,No,,Gift Card,65+,Drama
SUB102466,CUST22466,2024-04-26,26-09-2024,Canada,North America,Standard,14.14,Game Console,26.8,Yes,0,10,Email Campaign,TRUE,Y,Debit Card,18-24,Drama
SUB102348,CUST22348,10/31/2024,06/23/2025,United States,North America,Std,12.72,Console,41.5,Y,1,,Social Media,FALSE,,PayPal,55-64,Action
SUB101667,CUST21667,"June 19, 2023","August 21, 2025",United Kingdom,Europe,Basic,8.02 USD,Mobile,28.1,,1,15,Social Media,,N,Google Pay,45-54,Kids & Family
SUB101823,CUST21823,2021-01-27,"September 25, 2021",Germany,Europe,BASIC,7.09,Smart TV,35.2,No,0,10,Paid Search,FALSE,Y,Google Pay,65+,Sci-Fi
SUB102078,CUST22078,29-11-2021,2024-01-15,India,Asia Pacific,Standard,13.05,Tablet,59.1,N,4,15,Paid Search,TRUE,TRUE,Google Pay,13-17,Kids & Family
SUB101139,CUST21139,05/19/2021,11/01/2022,United States,North America,Free Trial,0.54,Tablet,,no,1,7,Social Media,Yes,No,Gift Card,35-44,Anime
SUB100542,CUST20542,13 Aug 2024,2025-05-29,Germany,Europe,free trial,-1.68,Game Console,4.1,No,0,4,Organic,Yes,No,PayPal,25-34,Drama
SUB101314,CUST21314,"March 14, 2022",13 Nov 2023,france,Europe,Standard,12.83,Desktop,15.9,0,1,3,Email Campaign,FALSE,Yes,Debit Card,25-34,Documentary
SUB102968,CUST20368,2021-08-14,"May 16, 2022",United States,North America,Basic,8.33,Smart TV,7,Yes,1,9,Social Media,,TRUE,Credit Card,65+,Thriller
SUB100201,CUST20201,31-05-2024,,Canada,North America,Standard,14.97,SmartTV,27.1,No,0,7,Social Media,,Y,Debit Card,13-17,Sci-Fi
SUB101964,CUST21964,2025-02-27,14-11-2026,United Kingdom,Europe,Basic,8.12,iPad,82.7,No,1,8,Paid Search,TRUE,FALSE,Google Pay,35-44,Comedy
SUB101296,CUST21296,26 Aug 2021,10/10/2022,India,Asia Pacific,Standard,12.8,Game Console,31.1,Yes,0,-5,Organic,FALSE,FALSE,Credit Card,55-64,Sci-Fi
SUB102362,CUST22362,11/24/2025,10-07-2027,Germany,Europe,Standard,13.26,Desktop,38.4,no,0,8,Organic,FALSE,N,Google Pay,65+,Documentary
SUB100307,CUST20307,2025-10-12,2026-02-01,United Kingdom,Europe,Free Trial,-0.97,Console,9.3,No,0,5,Social Media,1,No,Debit Card,35-44,Drama
SUB101309,CUST21309,2024-04-26,27-09-2024,France,Europe,Standard,13.92,Tablet,35.1,Yes,1,8,Email Campaign,FALSE,Y,Credit Card,65+,Anime
SUB100130,CUST20130,,2021-08-04,United Kingdom,Europe,PREMIUM,18.34,SmartTV,30.2,,0,0,Referral,0,FALSE,Debit Card,13-17,Romance
SUB100396,CUST20396,2025-05-05,2025-07-07,united kingdom,Europe,BASIC,9.46,Game Console,0,Yes,2,-5,Organic,,Yes,Apple Pay,25-34,Action
SUB102934,CUST20334,12/15/2021,2023-07-14,Australia,Asia Pacific,Free Trial,1.95,Tablet,39.1,Yes,0,9,Paid Search,FALSE,Y,Gift Card,65+,Thriller
SUB101930,CUST21930,07 Jul 2024,,United States,North America,BASIC,9.38,Mobile,59.7,no,0,7,Organic,TRUE,,Apple Pay,13-17,Sci-Fi
SUB100327,CUST20327,,12/16/2025,Brazil,Latin America,Standard,14.37,Desktop,17.6,No,0,5,Social Media,Yes,TRUE,Debit Card,35-44,Documentary
SUB100192,CUST20192,07/12/2025,04/29/2026,India,Asia Pacific,Premium,18.07,console,19.1,Yes,0,2,Paid Search,FALSE,TRUE,Debit Card,25-34,Sci-Fi
SUB100723,CUST20723,06/20/2025,2026-04-11,Brazil,Latin America,Basic,8.6,Tablet,45.2,No,1,-5,Email Campaign,FALSE,,Debit Card,25-34,Thriller
SUB101855,CUST21855,01/30/2025,,United Kingdom,Europe,Free Trial,-0.88,TV,49,,0,5,Paid Search,,FALSE,Debit Card,13-17,Action
SUB100308,CUST20308,06-05-2023,"December 12, 2024",United States,North America,Standard,14.85,Phone,39.8,1,0,9,Email Campaign,TRUE,,Apple Pay,18-24,Thriller
SUB101065,CUST21065,04/21/2023,01 Sep 2024,United States,North America,Standard,17.23,Game Console,42.9,No,1,-5,Organic,TRUE,No,Gift Card,65+,Action
SUB101398,CUST21398,2025-12-31,2026-03-13,Spain,Europe,Std,13.23,Tablet,27.7,,0,0,Email Campaign,No,No,Credit Card,65+,Reality TV
SUB100496,CUST20496,"January 30, 2026",2027-07-19,Australia,Asia Pacific,Premium,21.57,Phone,32.8,No,0,1,Social Media,TRUE,Yes,Apple Pay,45-54,Drama
SUB100385,CUST20385,01/08/2022,01/04/2023,United States,North America,Standard,15.62,Desktop,40.1,Y,1,5,Affiliate,FALSE,No,Google Pay,45-54,Documentary
SUB102619,CUST20019,2021-11-11,"May 11, 2022",USA,North America,Basic,9.7,Tablet,21.8,No,1,3,Social Media,0,No,Google Pay,13-17,Thriller
SUB100583,CUST20583,05/03/2025,07/20/2026,United States,North America,Std,13.5,Tablet,27.7,no,0,10,Referral,0,Yes,Gift Card,35-44,Anime
SUB100398,CUST20398,,2024-02-13,united states,North America,Free Trial,1.27,Laptop,55.5,,0,-5,Social Media,Yes,TRUE,PayPal,18-24,Anime
SUB100394,CUST20394,"November 16, 2023",02-10-2024,Mexico,North America,basic,8.81,TV,20.1,,0,10,Paid Search,TRUE,TRUE,Debit Card,35-44,Comedy
SUB100283,CUST20283,2023-03-17,18-07-2025,U.S.A,North America,Standard,13.8,PC,21.9,No,0,10,Social Media,FALSE,No,Apple Pay,55-64,Reality TV
SUB102581,CUST22581,"February 22, 2024","June 14, 2025",India,Asia Pacific,standard,12.58,Game Console,23,No,0,5,Social Media,FALSE,,Gift Card,35-44,Comedy
SUB101630,CUST21630,2023-09-06,09/02/2024,United States,North America,standard,13.51,Game Console,69.9,No,1,8,Organic,,,Debit Card,55-64,Kids & Family
SUB100162,CUST20162,10/02/2023,04/17/2025,Australia,Asia Pacific,standard,16.17,TV,49.6,No,3,1,Affiliate,TRUE,No,Google Pay,,Romance
SUB101335,CUST21335,05/14/2025,2026-09-27,U.S.A,North America,Free Trial,-1.78,Game Console,37.8,0,1,5,Referral,TRUE,FALSE,Gift Card,25-34,Reality TV
SUB102789,CUST20189,10/11/2021,08-11-2021,Australia,Asia Pacific,free trial,-0.13,Smart TV,32.9,No,2,7,Social Media,Yes,FALSE,Debit Card,13-17,Romance
SUB101104,CUST21104,2026-01-23,2028-03-04,Brazil,Latin America,BASIC,$9.1,Tablet,19.6,Yes,1,4,Referral,0,TRUE,Gift Card,55-64,Drama
SUB100937,CUST20937,2025-08-28,09/11/2025,U.K.,Europe,Free Trial,-2.41,Tablet,40.3,No,0,-5,Social Media,,FALSE,Credit Card,18-24,Anime
SUB101040,CUST21040,2026-06-21,29-04-2028,united kingdom,Europe,Standard,14.15,Game Console,51.4,yes,0,4,Organic,FALSE,FALSE,Gift Card,35-44,Sci-Fi
SUB101367,CUST21367,2025-03-06,08-06-2025,Japan,Asia Pacific,Free Trial,-0.2,Game Console,50,Yes,1,,Social Media,Yes,Yes,Credit Card,13-17,Drama
SUB101275,CUST21275,"January 30, 2024",2026-05-27,U.S.A,,Standard,15.35,Desktop,16.2,No,1,10,Paid Search,TRUE,Y,Gift Card,18-24,Kids & Family
SUB102816,CUST20216,2023-08-06,28 Sep 2023,USA,North America,Standard,14.02,Desktop,,N,2,7,Paid Search,1,FALSE,Apple Pay,25-34,Sci-Fi
SUB101927,CUST21927,2026-06-27,2027-05-02,United States,North America,FreeTrial,-1.35,TV,41.4,,0,1,Referral,No,Y,Debit Card,25-34,Documentary
SUB101950,CUST21950,"January 02, 2023",04/04/2024,United States,North America,BASIC,7.67,Game Console,48.3,No,1,10,Social Media,0,FALSE,Google Pay,35-44,Sci-Fi
SUB102069,CUST22069,06/24/2022,07/20/2022,Brasil,Latin America,Free Trial,-1.59,Desktop,45.7,No,0,9,Email Campaign,,FALSE,Credit Card,45-54,Documentary
SUB100570,CUST20570,06/05/2023,"July 31, 2024",france,Europe,BASIC,$6.59,Tablet,24.1,,0,15,Paid Search,1,TRUE,Google Pay,45-54,Thriller
SUB101160,CUST21160,19 Jan 2023,"December 17, 2023",Brazil,Latin America,Standard,14.3,Phone,34.3,No,1,0,Affiliate,TRUE,N,Debit Card,25-34,Comedy
SUB101561,CUST21561,2023-05-13,18-09-2024,India,Asia Pacific,Standard,13.76,Smart TV,95.6,No,1,8,Email Campaign,TRUE,TRUE,Debit Card,13-17,Documentary
SUB101592,CUST21592,09/16/2023,03/01/2024,Germany,Europe,Standard,13.62,Desktop,57.1,No,1,15,Email Campaign,TRUE,Yes,Apple Pay,35-44,Anime
SUB101881,CUST21881,,2023-04-06,U.S.A,North America,Basic,7.86,Game Console,62,No,1,5,Organic,FALSE,TRUE,Credit Card,55-64,Thriller
SUB102530,CUST22530,"April 17, 2022","August 07, 2022",Japan,Asia Pacific,Basic,8.99,Desktop,45.2,No,0,10,Email Campaign,1,Yes,Credit Card,65+,Reality TV
SUB102082,CUST22082,14-01-2026,05/16/2028,Italy,Europe,free trial,-0.44,iPad,20.4,No,0,-5,Organic,1,,Apple Pay,55-64,Documentary
SUB100048,CUST20048,24-12-2025,02/20/2027,France,Europe,BASIC,6.97,Tablet,6.1,No,1,10,Social Media,0,N,Apple Pay,45-54,Reality TV
SUB100030,CUST20030,24 Jun 2021,,United States,North America,Premium,18.95,smart tv,54.4,no,0,6,Email Campaign,Yes,Yes,Debit Card,13-17,Action
SUB101596,CUST21596,29 Jun 2022,08-04-2023,INDIA,Asia Pacific,Standard,13.92,iPad,49.1,No,1,1,Referral,FALSE,,PayPal,55-64,Romance
SUB101926,CUST21926,03/22/2024,,United States,North America,Free Trial,-1.53,SmartTV,43,yes,0,,Paid Search,FALSE,,Gift Card,25-34,Anime
SUB100502,CUST20502,2021-08-16,2021-12-31,INDIA,Asia Pacific,Standard,14.79 USD,Smart TV,27.5,1,2,,Referral,1,,Google Pay,65+,Comedy
SUB101847,CUST21847,09/24/2022,"August 02, 2024",Germany,Europe,Premium,19.05,Console,17.8,No,1,15,Referral,,N,Apple Pay,45-54,Action
SUB102502,CUST22502,2022-08-18,08-01-2023,France,Europe,Standard,13.06,Smart TV,2,No,0,-5,Email Campaign,,,Google Pay,25-34,Kids & Family
SUB102822,CUST20222,2025-02-05,"April 04, 2026",Canada,North America,Standard,12.8,Desktop,0.3,,1,7,Affiliate,,,Credit Card,25-34,Action
SUB101186,CUST21186,03/17/2025,"April 23, 2026",INDIA,Asia Pacific,Basic,7.06,Smart TV,48.4,No,0,1,Paid Search,0,Yes,Google Pay,35-44,Thriller
SUB101269,CUST21269,28 Nov 2024,07/20/2026,United States,North America,Standard,13.47,Smart TV,0,No,2,3,Paid Search,,Yes,Credit Card,35-44,Reality TV
SUB102559,CUST22559,10/26/2023,2025-01-17,Germany,Europe,Basic,10.62,Game Console,48.2,No,0,15,Organic,Yes,FALSE,Debit Card,25-34,Reality TV
SUB101857,CUST21857,12/07/2023,2025-08-02,Mexico,North America,Standard,-14.08,Phone,26.1,,0,,Social Media,0,Yes,PayPal,55-64,Anime
SUB102579,CUST22579,02/20/2023,08/12/2023,Japan,Asia Pacific,Free Trial,,Desktop,63.3,No,1,10,Email Campaign,Yes,No,Google Pay,45-54,Thriller
SUB101863,CUST21863,2022-02-16,,INDIA,Asia Pacific,Standard,11.99,Tablet,53,,1,0,Referral,No,TRUE,Debit Card,55-64,Thriller
SUB101795,CUST21795,2025-12-21,01/28/2026,Mexico,North America,Basic,9.76,Game Console,19.7,1,0,6,Affiliate,TRUE,N,Credit Card,65+,Comedy
SUB102709,CUST20109,04/08/2021,21-10-2021,Germany,Europe,Free Trial,0.68,Mobile,0,,0,10,Referral,FALSE,N,Debit Card,35-44,Drama
SUB102550,CUST22550,2023-04-04,05/17/2025,United Kingdom,Europe,Premium,18.35,Desktop,24.2,Yes,0,6,Email Campaign,TRUE,FALSE,Gift Card,65+,Comedy
SUB100433,CUST20433,03/04/2026,04/07/2027,United States,North America,Premium,19.5 USD,Smart TV,23.3,Yes,1,9,Email Campaign,No,,Credit Card,35-44,Sci-Fi
SUB102302,CUST22302,04/30/2021,26-01-2022,Japan,Asia Pacific,Standard,$12.58,Desktop,41.3,No,0,10,Social Media,TRUE,Yes,Credit Card,13-17,Kids & Family
SUB100997,CUST20997,31 Jul 2023,03/26/2024,France,Europe,Standard,15.34,tablet,,No,0,2,Social Media,,Y,Google Pay,25-34,Documentary
SUB102925,CUST20325,10/18/2023,23 Dec 2024,Canada,North America,Standard,16.04,Smart TV,498.8,No,1,6,Organic,TRUE,TRUE,PayPal,65+,Action
SUB102858,CUST20258,2024-03-10,01/15/2026,Germany,Europe,Free Trial,-1.02,Game Console,31.2,No,0,5,Referral,,N,Debit Card,45-54,Thriller
SUB100367,CUST20367,2021-12-05,02/01/2022,United States,North America,Basic,9.18,Mobile,50.6,Yes,0,-5,Affiliate,No,TRUE,Debit Card,55-64,Drama
SUB101077,CUST21077,2023-04-10,05/25/2023,Germany,Europe,Premium,-23.37,Tablet,0.8,Yes,0,,Affiliate,0,Yes,Google Pay,35-44,Reality TV
SUB101079,CUST21079,05/08/2023,2025-05-22,United Kingdom,Europe,standard,12.97,Smart TV,13.4,No,1,-5,Referral,FALSE,No,Apple Pay,35-44,Anime
SUB100261,CUST20261,05/11/2024,"December 27, 2025",Australia,Asia Pacific,Standard,15.59,Mobile,31.2,,0,1,Referral,No,TRUE,Debit Card,25-34,Thriller
SUB102347,CUST22347,2022-03-19,"January 22, 2023",spain,Europe,Standard,15.35,Game Console,28.6,No,0,2,Email Campaign,FALSE,FALSE,PayPal,35-44,Comedy
SUB100557,CUST20557,01/22/2025,2026-04-10,U.S.A,North America,Basic,10.35,Console,27.8,No,0,1,Email Campaign,0,TRUE,Debit Card,25-34,Anime
SUB102624,CUST20024,03/03/2023,2024-07-09,India,Asia Pacific,Basic,10.08,Smart TV,41,Yes,1,15,Referral,Yes,N,Debit Card,25-34,Drama
SUB102067,CUST22067,2023-05-27,"April 02, 2024",Canada,North America,Standard,15.6,Smart TV,56,0,0,7,Organic,No,TRUE,PayPal,65+,Romance
SUB100573,CUST20573,09-12-2025,2027-05-06,Brasil,Latin America,Standard,15.21,Tablet,55.6,No,0,15,Affiliate,FALSE,TRUE,Google Pay,18-24,Anime
SUB102985,CUST20385,10/16/2022,07/22/2024,Germany,Europe,Standard,14.91,Desktop,35.9,No,0,-5,Paid Search,No,Yes,PayPal,35-44,Comedy
SUB102274,CUST22274,2024-09-02,2025-03-11,United States,North America,Basic,6.06,Smart TV,25.5,,0,6,Organic,Yes,Yes,Apple Pay,35-44,Documentary
SUB100600,CUST20600,07 May 2023,2023-11-21,United Kingdom,Europe,Free Trial,0.5,Desktop,33,No,0,3,Email Campaign,FALSE,N,Gift Card,55-64,Kids & Family
SUB102724,CUST20124,08/02/2025,11-07-2027,UK,,Free Trial,0.96,Tablet,73.2,No,0,-5,Affiliate,No,TRUE,PayPal,25-34,Documentary
SUB102042,CUST22042,2025-09-26,"May 31, 2027",japan,Asia Pacific,Free Trial,1.53,TV,64.4,No,2,6,Email Campaign,0,FALSE,Credit Card,65+,Kids & Family
SUB100420,CUST20420,2026-03-01,2027-12-15,United Kingdom,Europe,Premium,20.03,PC,70.1,,0,8,Affiliate,1,TRUE,Credit Card,35-44,Anime
SUB102137,CUST22137,06-03-2026,2027-03-06,united states,,Free Trial,-0.79,Mobile,68.6,No,1,4,Social Media,TRUE,No,Google Pay,25-34,Anime
SUB101303,CUST21303,2024-02-16,16-01-2026,United States,North America,Standard,13.17,Game Console,21.3,Yes,0,4,Email Campaign,1,Y,Gift Card,18-24,Romance
SUB101247,CUST21247,2024-01-31,03/25/2024,India,Asia Pacific,Basic,10.08,iPad,28.9,No,0,0,Email Campaign,0,FALSE,Gift Card,45-54,Kids & Family
SUB101233,CUST21233,03-03-2026,2028-08-04,India,Asia Pacific,Free Trial,2.18,Tablet,17.4,N,0,-5,Paid Search,1,,Gift Card,25-34,Kids & Family
SUB101449,CUST21449,17-08-2023,11/23/2023,USA,North America,free trial,0.43,Mobile,73.9,No,0,2,Organic,Yes,TRUE,Debit Card,25-34,Reality TV
SUB102267,CUST22267,2021-10-17,05/27/2022,United Kingdom,Europe,Basic,8.72,Mobile,45,No,0,10,Referral,,TRUE,PayPal,55-64,Comedy
SUB102356,CUST22356,02/09/2025,2025-12-15,Brasil,Latin America,Standard,13.9,Tablet,,No,0,6,Paid Search,1,No,Credit Card,35-44,Reality TV
SUB102205,CUST22205,28 Sep 2025,2027-02-28,Canada,North America,Free Trial,-0.51,Tablet,51.4,No,1,3,Paid Search,No,Y,Credit Card,,Sci-Fi
SUB101813,CUST21813,"September 29, 2022",19 Oct 2022,Brazil,Latin America,Standard,12.22,Game Console,63.5,,1,1,Paid Search,TRUE,,Apple Pay,55-64,Kids & Family
SUB102220,CUST22220,12/10/2022,23-11-2022,U.S.A,North America,Premium,19.98,Laptop,28.7,1,0,4,Paid Search,,N,Credit Card,45-54,Anime
SUB101467,CUST21467,2026-04-08,25-08-2028,Japan,Asia Pacific,Free Trial,0.91,Laptop,29.1,No,1,7,Paid Search,0,Y,Debit Card,45-54,Action
SUB100276,CUST20276,01/17/2023,"June 17, 2023",France,Europe,Basic,9.35,Desktop,75.7,No,0,-5,Paid Search,FALSE,FALSE,Debit Card,18-24,Sci-Fi
SUB100706,CUST20706,11/28/2024,04-09-2025,Canada,North America,Premium,22.67,Desktop,54.9,yes,1,15,Organic,FALSE,FALSE,Gift Card,18-24,Comedy
SUB102335,CUST22335,2022-05-07,"August 10, 2024",Germany,Europe,Basic,9,Desktop,50.9,1,1,0,Paid Search,,TRUE,Google Pay,55-64,Sci-Fi
SUB100454,CUST20454,2023-10-01,11/05/2024,japan,Asia Pacific,FreeTrial,-1.29,Tablet,20,,0,4,Organic,Yes,Yes,Gift Card,55-64,Documentary
SUB100114,CUST20114,2025-10-28,2026-01-24,Mexico,North America,Standard,16.24,Tablet,17.9,No,1,6,Email Campaign,TRUE,N,Credit Card,55-64,Sci-Fi
SUB100072,CUST20072,2026-06-21,01 Nov 2026,United Kingdom,Europe,Premium,17.43,Smart TV,40.4,Yes,2,7,Referral,TRUE,Y,Apple Pay,18-24,Action
SUB102029,CUST22029,,11-06-2028,United States,North America,Std,15.32,Game Console,52.2,No,0,15,Referral,0,Yes,Apple Pay,45-54,Kids & Family
SUB102131,CUST22131,2025-11-12,14 Sep 2026,Germany,Europe,Standard,16.02,Smart TV,20.7,No,0,5,Paid Search,FALSE,N,Apple Pay,13-17,Reality TV
SUB100100,CUST20100,"October 06, 2021",2022-08-30,canada,North America,Standard,13.79,console,41.8,No,0,5,Social Media,Yes,,Google Pay,13-17,Kids & Family
SUB102064,CUST22064,2025-03-15,"July 22, 2025",Canada,North America,Std,15.74,TV,42.5,No,0,9,Social Media,TRUE,,Credit Card,65+,Anime
SUB101826,CUST21826,07/12/2026,09 Nov 2027,japan,Asia Pacific,Standard,14.62,Smart TV,46.3,No,2,10,Affiliate,Yes,No,Credit Card,25-34,Kids & Family
SUB102584,CUST22584,13-01-2025,11/01/2025,Canada,North America,PREMIUM,$18.56,Smart TV,2,,1,,Organic,Yes,,Google Pay,55-64,Kids & Family
SUB102290,CUST22290,04/18/2021,2021-05-06,INDIA,Asia Pacific,Premium,19.47,Game Console,37,Yes,2,-5,Email Campaign,TRUE,Y,PayPal,13-17,Documentary
SUB100919,CUST20919,04/21/2025,12/21/2025,india,Asia Pacific,Standard,12.65,Laptop,27.3,,1,15,Referral,TRUE,TRUE,Google Pay,45-54,Documentary
SUB100452,CUST20452,10/08/2024,"October 01, 2026",India,Asia Pacific,Basic,11.46,console,30.5,No,2,8,Organic,FALSE,FALSE,Debit Card,25-34,Kids & Family
SUB102820,CUST20220,02/13/2022,"February 22, 2022",Germany,Europe,Free Trial,-0.64,Smart TV,72.9,,1,10,Referral,TRUE,TRUE,PayPal,13-17,Documentary
SUB102453,CUST22453,2022-02-14,2022-10-01,USA,North America,Standard,14.83,Mobile,15.9,,1,2,Social Media,0,No,Gift Card,55-64,Anime
SUB101515,CUST21515,,03/23/2024,Canada,North America,Premium,20.62,PC,52.8,No,1,10,Email Campaign,TRUE,FALSE,PayPal,65+,Thriller
SUB102393,CUST22393,07/16/2026,"March 10, 2028",Australia,Asia Pacific,Basic,8.81,Mobile,46.6,no,0,,Paid Search,FALSE,No,Credit Card,35-44,Reality TV
SUB101566,CUST21566,2022-03-23,,Japan,Asia Pacific,basic,9.31,Smart TV,16.8,No,3,5,Paid Search,TRUE,TRUE,Gift Card,35-44,Comedy
SUB100740,CUST20740,"October 12, 2024",2026-08-02,India,Asia Pacific,Trial,0.93,Game Console,18.8,Yes,1,6,Social Media,FALSE,Yes,Gift Card,45-54,Sci-Fi
SUB102413,CUST22413,2025-10-21,28 Sep 2026,Australia,Asia Pacific,Basic,8.22,Tablet,24.4,No,1,1,Paid Search,1,Y,PayPal,18-24,Reality TV
SUB101654,CUST21654,2022-07-26,2024-11-24,United States,North America,Basic,9.07,Game Console,21.5,No,1,2,Organic,FALSE,FALSE,Credit Card,65+,Anime
SUB100105,CUST20105,01/18/2022,2022-12-17,india,Asia Pacific,Premium,-19.59,Game Console,53.3,,0,,Referral,,,Apple Pay,55-64,Action
SUB101858,CUST21858,2025-01-12,2025-04-04,India,,Free Trial,-0.59,Tablet,65.9,No,1,7,Organic,FALSE,No,Credit Card,18-24,Thriller
SUB102889,CUST20289,"January 19, 2021",2022-12-14,mexico,North America,basic,9.4,Tablet,27.3,No,1,8,Email Campaign,TRUE,,Credit Card,25-34,Thriller
SUB102958,CUST20358,"May 20, 2022",2024-06-06,India,Asia Pacific,Standard,12.25,Game Console,59.8,No,0,1,Organic,No,No,Apple Pay,13-17,Documentary
SUB102787,CUST20187,09/19/2022,12/08/2023,Spain,Europe,Free Trial,-0.82,Desktop,64,No,1,1,Paid Search,No,FALSE,Apple Pay,35-44,Reality TV
SUB100242,CUST20242,04/25/2021,10 Jul 2023,Spain,Europe,BASIC,8.92,smart tv,31.6,No,0,10,Paid Search,TRUE,TRUE,Debit Card,25-34,Comedy
SUB102479,CUST22479,2023-05-23,"March 18, 2025",india,Asia Pacific,standard,13.91,Mobile,23.7,yes,1,,Paid Search,,,Apple Pay,65+,Thriller
SUB101989,CUST21989,2022-12-16,2025-02-22,Mexico,North America,Standard,14.29,Desktop,52.9,No,0,6,Organic,1,FALSE,Google Pay,13-17,Sci-Fi
SUB101570,CUST21570,03/10/2024,2025-05-12,Italy,Europe,Basic,7.24,Tablet,21,,1,4,Affiliate,Yes,FALSE,Apple Pay,35-44,Action
SUB101620,CUST21620,2022-06-20,08-06-2023,Australia,Asia Pacific,Standard,13.59,Tablet,37.1,Y,0,9,Organic,0,Yes,Apple Pay,45-54,Reality TV
SUB102679,CUST20079,10/21/2022,02/18/2024,Canada,North America,Free Trial,0.34,Mobile,47.4,No,2,15,Social Media,FALSE,N,Apple Pay,35-44,Thriller
SUB100097,CUST20097,03/24/2023,04/23/2023,United Kingdom,Europe,Premium,21.74,Game Console,12.9,No,1,6,Organic,TRUE,TRUE,Google Pay,18-24,Thriller
SUB102516,CUST22516,29 Jan 2026,2027-02-01,Brazil,Latin America,Basic,9.42,Game Console,0,Y,0,5,Organic,1,No,Debit Card,35-44,Romance
SUB101191,CUST21191,29 Oct 2021,07-01-2024,Canada,North America,basic,8.46 USD,Desktop,31.3,No,0,5,Social Media,No,N,Gift Card,45-54,Anime
SUB100085,CUST20085,,19 Oct 2026,canada,North America,Basic,8.8,Tablet,487.2,Yes,0,6,Email Campaign,FALSE,,Google Pay,35-44,Romance
SUB101719,CUST21719,16-12-2024,2027-04-17,Mexico,North America,Basic,8.72,Mobile,50.4,No,1,10,Paid Search,TRUE,Y,Apple Pay,13-17,Sci-Fi
SUB100010,CUST20010,2026-07-11,2027-04-08,México,North America,Basic,10.04,Phone,34,No,4,-5,Organic,Yes,N,Apple Pay,45-54,Action
SUB102653,CUST20053,01/13/2023,2023-12-09,Germany,Europe,Basic,9.23,mobile,37.4,No,1,,Referral,No,N,Credit Card,45-54,Reality TV
SUB100879,CUST20879,2022-02-10,2023-06-17,United States,North America,Free Trial,-1.46,Tablet,51.8,Yes,0,,Social Media,1,TRUE,Gift Card,55-64,Documentary
SUB101340,CUST21340,2026-03-27,2026-08-03,France,Europe,Premium,21.67 USD,Tablet,54.1,No,2,9,Organic,TRUE,Yes,Apple Pay,18-24,Anime
SUB100774,CUST20774,2021-05-22,2023-10-01,United States,North America,BASIC,8.55,Game Console,7.5,No,0,10,Organic,1,No,Gift Card,45-54,Kids & Family
SUB101386,CUST21386,2025-07-29,2026-08-03,United States,North America,Premium,20,PC,33.9,Yes,1,2,Email Campaign,0,N,PayPal,45-54,Reality TV
SUB100277,CUST20277,05/15/2023,2023-06-21,India,Asia Pacific,Standard,13.89,Tablet,28.9,No,2,8,Organic,TRUE,TRUE,PayPal,13-17,Thriller
SUB101409,CUST21409,05/10/2025,,United States,North America,BASIC,7.8,Tablet,,No,0,4,Email Campaign,,FALSE,Credit Card,18-24,Reality TV
SUB101593,CUST21593,,02/25/2023,Australia,Asia Pacific,Free Trial,0.51,smart tv,306.7,No,0,15,Organic,FALSE,N,Apple Pay,25-34,Comedy
SUB101373,CUST21373,12/24/2021,2022-02-07,Australia,Asia Pacific,Premium,19.16,Game Console,2.7,,0,8,Referral,Yes,N,Gift Card,18-24,Romance
SUB100089,CUST20089,04/17/2023,02/18/2024,Brazil,Latin America,standard,14.18,Tablet,32.6,No,0,2,Organic,TRUE,,PayPal,55-64,Documentary
SUB100091,CUST20091,2023-08-13,2025-06-07,India,Asia Pacific,PREMIUM,20.25,Tablet,26.8,Yes,0,7,Affiliate,FALSE,Yes,Google Pay,18-24,Documentary
SUB100281,CUST20281,2025-06-05,2026-03-12,Germany,Europe,Free Trial,0.06,Tablet,19.7,No,0,15,Email Campaign,,FALSE,PayPal,13-17,Drama
SUB101907,CUST21907,24-10-2021,17-11-2021,Germany,Europe,Premium,20.33,Smart TV,46.6,Yes,2,,Referral,0,FALSE,PayPal,,Romance
SUB102700,CUST20100,31-01-2026,01-07-2026,USA,North America,basic,8.28,Game Console,33.5,No,1,2,Email Campaign,TRUE,FALSE,Apple Pay,45-54,Sci-Fi
SUB101485,CUST21485,2025-06-25,12/08/2026,Mexico,North America,Standard,15.89,Desktop,,No,1,6,Paid Search,1,No,PayPal,18-24,Kids & Family
SUB101824,CUST21824,2026-06-28,2028-08-31,México,North America,Free Trial,-1.32,Phone,0.3,,0,15,Social Media,FALSE,Yes,Credit Card,13-17,Thriller
SUB101325,CUST21325,,2024-08-08,Australia,Asia Pacific,Standard,13.48,Tablet,37.4,No,1,2,Affiliate,0,,Debit Card,35-44,Kids & Family
SUB101427,CUST21427,03/02/2021,2021-08-20,India,Asia Pacific,Standard,14.68,Game Console,0,Y,0,,Paid Search,1,Y,Gift Card,45-54,Thriller
SUB100993,CUST20993,15-03-2026,30-08-2026,United States,North America,FreeTrial,-0.11,Tablet,24.4,Y,0,6,Paid Search,FALSE,TRUE,Debit Card,13-17,Comedy
SUB100366,CUST20366,12/19/2024,13-11-2026,United States,North America,Premium,19.76,SmartTV,40.6,Y,1,8,Organic,1,No,PayPal,55-64,Comedy
SUB102072,CUST22072,18 Dec 2022,2024-09-18,India,Asia Pacific,Standard,12.76,Smart TV,33.1,No,1,7,Affiliate,FALSE,Yes,Credit Card,45-54,Action
SUB100677,CUST20677,"February 12, 2023",05/15/2023,Germany,Europe,Standard,13.38,Mobile,26.8,No,1,5,Organic,No,N,Gift Card,55-64,Romance
SUB102027,CUST22027,04/19/2024,01/28/2025,United Kingdom,Europe,standard,10.86,Tablet,25.4,No,3,15,Organic,TRUE,Yes,PayPal,13-17,Anime
SUB100999,CUST20999,05/21/2022,"January 25, 2024",united kingdom,Europe,Premium,20.74,smart tv,9.7,,1,0,Social Media,TRUE,FALSE,Google Pay,65+,Romance
SUB101190,CUST21190,01/29/2025,"May 20, 2027",Canada,North America,PREMIUM,18.93,console,11.8,,0,3,Affiliate,TRUE,N,Apple Pay,65+,Kids & Family
SUB102359,CUST22359,13 Feb 2023,2024-05-02,Brazil,Latin America,Standard,11.89,Smart TV,52.3,No,0,-5,Social Media,FALSE,N,Credit Card,35-44,Anime
SUB102689,CUST20089,11/08/2022,2023-02-18,United States,North America,Basic,10.62,iPad,2.1,No,0,10,Paid Search,FALSE,FALSE,Google Pay,55-64,Action
SUB101760,CUST21760,"March 15, 2022",09/03/2022,United Kingdom,Europe,Std,14.2,desktop,42,Yes,0,8,Email Campaign,No,No,Gift Card,65+,Thriller
SUB102289,CUST22289,2022-11-13,21-02-2024,United States,North America,Standard,15.55,TV,12.2,,1,15,Paid Search,1,FALSE,Google Pay,55-64,Kids & Family
SUB102715,CUST20115,02/23/2025,2026-10-13,United Kingdom,Europe,Standard,15.76,Desktop,42.4,No,0,9,Organic,,Y,Google Pay,25-34,Romance
SUB101343,CUST21343,02/10/2024,2025-10-01,brazil,,Premium,21.02,Game Console,12.8,No,0,-5,Referral,1,Yes,PayPal,45-54,Documentary
SUB100095,CUST20095,19 Jun 2021,01-11-2023,India,Asia Pacific,Standard,15.97,Desktop,69.5,Yes,0,8,Referral,FALSE,N,Apple Pay,13-17,Action
SUB101287,CUST21287,"February 11, 2022",06/07/2023,Canada,North America,Standard,14.36,Smart TV,47.5,0,0,-5,Referral,TRUE,TRUE,Google Pay,65+,Kids & Family
SUB102147,CUST22147,02-01-2025,"July 07, 2025",U.S.A,North America,basic,8.34,Game Console,16,1,1,5,Organic,1,Yes,Apple Pay,55-64,Reality TV
SUB100168,CUST20168,25-09-2023,2024-09-24,United States,North America,Basic,8.18,Console,41.2,,0,5,Social Media,Yes,Yes,Credit Card,65+,Documentary
SUB100497,CUST20497,14-01-2025,2027-03-21,India,Asia Pacific,Free Trial,0.42,Phone,50.3,,0,4,Social Media,1,No,PayPal,45-54,Reality TV
SUB101750,CUST21750,01/14/2023,"September 18, 2024",Japan,Asia Pacific,Free Trial,,Desktop,35.8,No,0,3,Email Campaign,TRUE,N,Debit Card,18-24,Documentary
SUB102324,CUST22324,08/16/2024,01/08/2025,brazil,Latin America,basic,9.95,Game Console,16.2,no,0,3,Email Campaign,0,Y,Credit Card,35-44,Thriller
SUB100715,CUST20715,2024-11-23,04/22/2026,United States,North America,Basic,9.27,Game Console,33.3,No,1,-5,Paid Search,,Yes,Credit Card,18-24,Action
SUB101540,CUST21540,2023-03-08,2024-07-23,United States,North America,free trial,-0.79,iPad,75.3,No,0,2,Referral,,Yes,Credit Card,65+,Comedy
SUB100332,CUST20332,2024-07-13,,Italy,Europe,free trial,-2.05,console,2.7,Yes,3,6,Affiliate,Yes,Y,Gift Card,18-24,Comedy
SUB100220,CUST20220,14-11-2024,01-08-2025,Brazil,Latin America,Basic,8.76,Desktop,41.6,Yes,0,10,Organic,0,No,Gift Card,55-64,Action
SUB102482,CUST22482,08-03-2023,04/15/2024,India,Asia Pacific,standard,14.93,Smart TV,36,No,0,6,Email Campaign,FALSE,Yes,Apple Pay,25-34,Romance
SUB102021,CUST22021,2021-09-01,25 Nov 2021,Brazil,Latin America,Premium,20.21,Tablet,43.3,,0,,Referral,FALSE,Y,PayPal,25-34,Action
SUB102839,CUST20239,05/12/2022,08-11-2023,Mexico,North America,PREMIUM,21.23,Game Console,44.4,No,2,1,Referral,,N,Debit Card,18-24,Sci-Fi
SUB102535,CUST22535,20-11-2023,27 Jan 2026,United States,North America,Free Trial,-0.16,Smart TV,35.7,,0,-5,Referral,0,Y,Debit Card,25-34,Romance
SUB101538,CUST21538,"April 24, 2023",06/19/2025,france,Europe,Premium,19.05,Tablet,71.5,No,0,5,Paid Search,FALSE,Yes,Google Pay,,Sci-Fi
SUB100532,CUST20532,2023-11-06,2026-02-16,India,Asia Pacific,Free Trial,$-1.29,Desktop,44.1,,1,1,Affiliate,1,Y,PayPal,55-64,Reality TV
SUB101865,CUST21865,2021-03-31,04/17/2023,Germany,Europe,Free Trial,-0.34,Smart TV,22.4,Yes,0,15,Referral,FALSE,Yes,Debit Card,35-44,Comedy
SUB102864,CUST20264,2023-10-14,02/17/2025,Italy,Europe,Standard,13.86,Tablet,38,No,0,,Email Campaign,Yes,TRUE,Apple Pay,18-24,Comedy
SUB102309,CUST22309,23 Jan 2022,"October 21, 2023",Japan,Asia Pacific,Free Trial,-0.92,Tablet,38.4,No,2,0,Organic,TRUE,TRUE,Credit Card,13-17,Reality TV
SUB101981,CUST21981,2023-07-04,2024-01-29,United Kingdom,Europe,Standard,13.02,Mobile,22.6,No,1,15,Referral,FALSE,Yes,Debit Card,25-34,Kids & Family
SUB100306,CUST20306,04/11/2024,01/22/2026,India,Asia Pacific,Standard,12.28,Smart TV,43.9,,2,2,Organic,No,N,Gift Card,18-24,Reality TV
SUB101650,CUST21650,08/01/2023,07/06/2024,united states,North America,basic,9.92,Mobile,2.9,No,1,3,Email Campaign,TRUE,Yes,Gift Card,25-34,Comedy
SUB100197,CUST20197,2021-11-25,2023-05-22,Japan,Asia Pacific,Std,14.83,console,37.8,Yes,1,10,Organic,,TRUE,Debit Card,35-44,Reality TV
SUB101165,CUST21165,2026-03-25,11/25/2027,United States,,Premium,17.52,Smart TV,31.2,No,2,6,Social Media,No,FALSE,Credit Card,45-54,Comedy
SUB101619,CUST21619,2024-06-17,17 Oct 2024,India,Asia Pacific,Standard,15.96,Game Console,17.5,no,2,1,Organic,TRUE,Yes,PayPal,25-34,Sci-Fi
SUB101147,CUST21147,,2022-10-23,Brasil,Latin America,Basic,11.31,Tablet,35.3,N,1,3,Organic,0,,Credit Card,65+,Sci-Fi
SUB100495,CUST20495,2023-11-06,"August 09, 2024",Canada,North America,BASIC,10.77,Smart TV,70.9,,0,0,Paid Search,No,N,Apple Pay,25-34,Comedy
SUB100111,CUST20111,2025-08-17,"January 05, 2027",Brazil,Latin America,Standard,14.28,Tablet,38.5,No,0,7,Paid Search,TRUE,Y,Gift Card,55-64,Action
SUB101109,CUST21109,2025-04-21,,Canada,North America,Premium,20.57,Mobile,13.4,No,1,6,Social Media,TRUE,FALSE,Credit Card,55-64,Romance
SUB101270,CUST21270,2022-08-05,06-06-2024,Spain,Europe,Basic,9.46,Game Console,27.4,Yes,0,,Social Media,1,,PayPal,65+,Action
SUB102562,CUST22562,2025-12-10,2025-12-07,France,Europe,Basic,6.45,Game Console,33.9,No,0,2,Paid Search,,,PayPal,13-17,Reality TV
SUB102740,CUST20140,29 Apr 2026,02/20/2027,Canada,North America,Standard,15.7,Smart TV,51.2,No,0,6,Social Media,0,,PayPal,35-44,Sci-Fi
SUB100370,CUST20370,11/20/2023,2025-01-13,Canada,North America,Basic,10.42,Game Console,14.6,No,0,6,Social Media,1,Yes,Debit Card,35-44,Drama
SUB100794,CUST20794,2024-08-15,02/07/2025,Canada,North America,Standard,13.11,Desktop,42.6,Yes,3,6,Social Media,0,TRUE,Google Pay,65+,Drama
SUB100927,CUST20927,2024-07-15,2024-11-15,India,Asia Pacific,BASIC,10.22,Mobile,40.8,No,1,4,Referral,,No,Google Pay,13-17,Documentary
SUB102322,CUST22322,02/15/2021,2021-06-29,United States,North America,Premium,20.17,Tablet,40.5,Yes,1,6,Referral,Yes,,Google Pay,55-64,Thriller
SUB101816,CUST21816,05 Aug 2022,2024-10-27,United States,North America,premium,20.3 USD,Console,52.1,Yes,1,10,Email Campaign,FALSE,,PayPal,35-44,Romance
SUB100397,CUST20397,2022-12-02,"May 19, 2023",Brazil,Latin America,Basic,8.84,Tablet,54.9,Y,2,6,Referral,,FALSE,Google Pay,55-64,Romance
SUB101179,CUST21179,2026-05-28,03 May 2026,United States,North America,Premium,$19.7,Tablet,32.7,No,0,3,Affiliate,No,Y,Gift Card,25-34,Thriller
SUB101216,CUST21216,2026-04-03,04/17/2027,France,Europe,Basic,8.54,Mobile,25.8,Yes,1,6,Social Media,0,No,Debit Card,35-44,Thriller
SUB100798,CUST20798,22-02-2026,2028-04-23,united states,North America,Standard,15.35,Console,60.3,No,1,,Organic,1,,Gift Card,55-64,Action
SUB101299,CUST21299,2025-08-28,2025-11-11,Mexico,North America,Free Trial,-0.72,Game Console,27.2,No,1,-5,Email Campaign,FALSE,,Apple Pay,18-24,Documentary
SUB101063,CUST21063,02 Feb 2025,2026-12-05,United Kingdom,Europe,Standard,14.37,Game Console,60.2,No,0,9,Referral,0,N,Gift Card,55-64,Comedy
SUB100419,CUST20419,2022-06-12,02/26/2023,Canada,North America,Premium,$19.59,Game Console,73.1,,1,,Referral,Yes,Y,Gift Card,45-54,Thriller
SUB100376,CUST20376,09/10/2022,28-10-2024,United States,North America,Standard,16.45,Smart TV,70.7,No,0,4,Affiliate,0,Yes,Credit Card,25-34,Action
SUB102512,CUST22512,2024-06-04,"June 11, 2026",United States,North America,Trial,-0.47,iPad,36.5,No,0,0,Referral,TRUE,No,Google Pay,25-34,Drama
SUB100471,CUST20471,2023-08-01,15-01-2026,Brazil,Latin America,Basic,10.43,Smart TV,40.8,,0,15,Referral,TRUE,Yes,Debit Card,25-34,Sci-Fi
SUB101542,CUST21542,16 Dec 2021,2024-03-13,United Kingdom,Europe,Premium,19.36,Mobile,50.6,No,0,0,Email Campaign,No,TRUE,PayPal,65+,Kids & Family
SUB102608,CUST20008,05/22/2021,15-06-2023,australia,Asia Pacific,Standard,15.7,Smart TV,69.2,Yes,0,7,Organic,,No,Google Pay,55-64,Romance
SUB102351,CUST22351,,"February 04, 2027",India,Asia Pacific,Standard,11.3,Mobile,27.2,No,0,0,Affiliate,0,Y,Google Pay,18-24,Kids & Family
SUB102631,CUST20031,18-11-2022,04-06-2024,AUS,Asia Pacific,Standard,13.94,PC,47.4,no,0,3,Referral,FALSE,Y,Google Pay,45-54,Romance
SUB102178,CUST22178,"April 22, 2022",04-09-2022,Japan,Asia Pacific,Premium,22.32,Smart TV,41.3,No,1,,Referral,No,TRUE,Credit Card,25-34,Thriller
SUB101762,CUST21762,2026-01-01,2027-12-17,United States,North America,Standard,13.67,Game Console,22,No,0,6,Organic,1,N,PayPal,45-54,Comedy
SUB100799,CUST20799,"April 02, 2026",2028-05-06,France,Europe,Basic,7.28,SmartTV,28.8,Yes,0,-5,Affiliate,TRUE,Yes,Google Pay,35-44,Anime
SUB102060,CUST22060,,2027-10-18,Australia,Asia Pacific,Free Trial,$-0.46,Desktop,63.4,No,0,6,Organic,TRUE,No,Gift Card,35-44,Anime
SUB101487,CUST21487,01-11-2023,2024-04-16,Brazil,Latin America,Premium,21.94 USD,Tablet,33.8,1,0,2,Paid Search,,Y,Google Pay,45-54,Romance
SUB100539,CUST20539,08/19/2023,08-12-2023,United States,North America,Standard,$14.28,Mobile,32,No,0,1,Social Media,,,Debit Card,13-17,Anime
SUB102676,CUST20076,2025-12-24,2026-08-19,India,Asia Pacific,Premium,,Smart TV,29.6,No,1,2,Social Media,Yes,TRUE,PayPal,35-44,Kids & Family
SUB102330,CUST22330,07/17/2024,11/23/2025,United States,North America,PREMIUM,19.28,Desktop,57.1,No,0,6,Affiliate,No,Yes,Apple Pay,25-34,Reality TV
SUB100984,CUST20984,05-01-2026,2026-06-08,united states,North America,Standard,14.58,Desktop,38.4,Yes,0,8,Referral,FALSE,,Apple Pay,18-24,Drama
SUB100481,CUST20481,05/05/2023,2024-08-04,india,Asia Pacific,basic,8.86,Smart TV,34.3,Yes,2,6,Social Media,TRUE,Y,Google Pay,45-54,Kids & Family
SUB101480,CUST21480,12/12/2025,2026-06-11,united kingdom,Europe,Premium,19.84,Smart TV,22.8,No,0,6,Email Campaign,FALSE,N,PayPal,65+,Sci-Fi
SUB100224,CUST20224,2023-12-27,02/25/2026,UK,Europe,Basic,-10.33,Smart TV,42.7,Yes,1,9,Social Media,No,Y,Credit Card,25-34,Reality TV
SUB100673,CUST20673,04 Nov 2023,2026-01-23,Canada,North America,Free Trial,-0.13,Game Console,29.9,Yes,1,5,Referral,0,TRUE,Google Pay,25-34,Action
SUB101394,CUST21394,,2026-01-08,France,Europe,Standard,15.04,Smart TV,15.4,No,1,6,Affiliate,,TRUE,PayPal,55-64,Romance
SUB100395,CUST20395,2026-01-18,,United Kingdom,Europe,Standard,12.49,Game Console,45.2,no,0,3,Affiliate,0,Y,Debit Card,18-24,Documentary
SUB100995,CUST20995,2022-03-31,2023-08-22,Mexico,North America,Basic,8.19,Tablet,,,0,7,Email Campaign,FALSE,TRUE,Gift Card,13-17,Romance
SUB100581,CUST20581,17-10-2022,16 Mar 2025,INDIA,Asia Pacific,Basic,7.81,Desktop,17.8,No,0,2,Paid Search,No,TRUE,Gift Card,13-17,Anime
SUB101046,CUST21046,11/11/2024,10/27/2026,United Kingdom,Europe,standard,13.65,Desktop,24.8,0,2,6,Referral,FALSE,N,Gift Card,65+,Action
SUB100078,CUST20078,07/26/2022,27 May 2023,Germany,Europe,Basic,8.93,Desktop,70.4,No,0,7,Organic,Yes,Yes,PayPal,65+,Action
SUB102596,CUST22596,06/17/2026,02-03-2028,Canada,North America,Standard,13.66,Game Console,42.3,Yes,2,10,Paid Search,,Yes,Debit Card,65+,Anime
SUB102329,CUST22329,2021-06-05,2021-12-07,Italy,Europe,Standard,12.19,Tablet,31.1,No,0,7,Social Media,FALSE,Y,Credit Card,25-34,Romance
SUB102797,CUST20197,2025-09-23,2025-12-05,Brazil,Latin America,Basic,10.12,iPad,34.8,No,0,,Paid Search,FALSE,N,Google Pay,35-44,Reality TV
SUB101759,CUST21759,2021-01-31,2023-01-11,italy,Europe,Standard,15.03,Tablet,18.7,Yes,0,0,Social Media,,TRUE,PayPal,55-64,Anime
SUB100827,CUST20827,18-06-2021,2023-09-22,Mexico,North America,Basic,9.14 USD,Game Console,82.7,Yes,0,,Referral,Yes,Yes,Credit Card,13-17,Drama
SUB100126,CUST20126,05/09/2023,02/25/2025,United States,North America,Basic,9.4,PC,69.6,Y,0,15,Affiliate,0,No,Debit Card,65+,Sci-Fi
SUB101253,CUST21253,2023-08-27,2024-03-20,United States,North America,Standard,13.73,Smart TV,70.6,,2,6,Affiliate,,Y,Credit Card,55-64,Documentary
SUB102806,CUST20206,03/11/2024,"May 16, 2026",United States,North America,Basic,9.92,Tablet,47,No,1,10,Affiliate,1,Y,PayPal,55-64,Documentary
SUB101961,CUST21961,03 Jun 2026,08/30/2026,INDIA,Asia Pacific,Std,15.47,iPad,34,No,1,5,Social Media,No,FALSE,Google Pay,18-24,Kids & Family
SUB102837,CUST20237,,2024-10-30,canada,North America,standard,12.18,Mobile,30.2,Yes,0,0,Social Media,No,Yes,Apple Pay,35-44,Comedy
SUB101597,CUST21597,12/21/2023,10/24/2023,India,Asia Pacific,Premium,18.76,Smart TV,55.3,No,0,7,Organic,1,No,Debit Card,65+,Sci-Fi
SUB100577,CUST20577,2022-03-20,2023-05-14,United Kingdom,Europe,Standard,13.99,Tablet,64.5,Yes,1,8,Referral,FALSE,,Apple Pay,45-54,Kids & Family
SUB101576,CUST21576,05 Jan 2026,2026-01-23,United States,North America,Free Trial,1.28,Desktop,48.8,No,1,9,Email Campaign,0,FALSE,Debit Card,65+,Sci-Fi
SUB100622,CUST20622,2024-11-01,2025-03-17,Italy,Europe,premium,17.82,Mobile,,No,2,15,Affiliate,TRUE,No,Google Pay,55-64,Documentary
SUB100768,CUST20768,12-11-2021,10 Apr 2024,INDIA,Asia Pacific,Premium,21,Game Console,,No,0,9,Paid Search,FALSE,Yes,Google Pay,13-17,Sci-Fi
SUB101230,CUST21230,2023-11-24,2024-02-12,india,Asia Pacific,Std,12.9,Tablet,,,0,5,Organic,,N,Debit Card,25-34,Documentary
SUB101341,CUST21341,09-07-2022,"April 22, 2024",Brazil,Latin America,free trial,0.59,Desktop,37.9,Yes,2,2,Paid Search,TRUE,FALSE,Apple Pay,65+,Romance
SUB100660,CUST20660,"March 27, 2023",24-09-2024,Canada,North America,Premium,18.11,Mobile,39.6,No,2,2,Paid Search,FALSE,Y,Google Pay,45-54,Thriller
SUB102923,CUST20323,01/18/2021,08-02-2023,Germany,Europe,Std,16.36,smart tv,,No,2,1,Organic,0,TRUE,PayPal,13-17,Romance
SUB102959,CUST20359,2025-08-18,07/04/2027,India,Asia Pacific,BASIC,8.5,Phone,6.9,No,1,-5,Organic,Yes,TRUE,PayPal,45-54,Sci-Fi
SUB101518,CUST21518,20-11-2021,2024-01-05,India,Asia Pacific,Standard,13.9,Mobile,26,,1,7,Organic,TRUE,N,Gift Card,,Comedy
SUB102825,CUST20225,2023-08-11,2024-05-04,Germany,Europe,Basic,11.16,Smart TV,28,No,1,1,Affiliate,,No,PayPal,55-64,Reality TV
SUB101951,CUST21951,2021-02-18,2021-06-28,United States,North America,Premium,20.01 USD,Desktop,52.8,No,2,7,Organic,,Yes,Credit Card,35-44,Documentary
SUB102852,CUST20252,2024-09-19,2026-11-17,india,Asia Pacific,basic,9.61,Desktop,52.4,,2,5,Affiliate,No,,Gift Card,45-54,Anime
SUB100260,CUST20260,2023-10-02,21-01-2026,United States,North America,Standard,12.83,Game Console,17.2,No,1,0,Organic,TRUE,Yes,Google Pay,13-17,Comedy
SUB100283,CUST20283,2023-03-17,18-07-2025,U.S.A,North America,Standard,13.8,PC,21.9,No,0,10,Social Media,FALSE,No,Apple Pay,55-64,Reality TV
SUB102683,CUST20083,02/24/2023,08-04-2023,United States,North America,Basic,7.4,Mobile,35.1,No,0,,Affiliate,Yes,TRUE,Debit Card,45-54,Kids & Family
SUB101615,CUST21615,"October 14, 2021","August 21, 2022",India,Asia Pacific,Std,14.21,Tablet,58,Yes,0,3,Affiliate,0,Y,Google Pay,35-44,Thriller
SUB101185,CUST21185,03/26/2024,2026-06-14,Italy,Europe,Free Trial,0.82,Smart TV,22.7,,0,6,Organic,0,Yes,Debit Card,35-44,Anime
SUB101974,CUST21974,"May 07, 2024",11/23/2024,Canada,North America,Basic,7.11,Smart TV,39.4,Yes,1,3,Paid Search,,Y,PayPal,18-24,Kids & Family
SUB102523,CUST22523,01/30/2021,06/04/2021,United States,North America,Standard,13.17,Tablet,15.3,Yes,1,3,Paid Search,0,TRUE,Google Pay,18-24,Sci-Fi
SUB100456,CUST20456,2021-09-22,2021-08-06,Spain,Europe,Standard,$13.24,Smart TV,54.7,No,2,5,Email Campaign,FALSE,TRUE,Debit Card,18-24,Romance
SUB102369,CUST22369,2021-08-26,23 Oct 2022,United States,North America,Std,15.91,Mobile,39,,0,8,Affiliate,TRUE,Y,PayPal,45-54,Romance
SUB100435,CUST20435,06-09-2023,2025-11-14,India,Asia Pacific,Premium,18.78,iPad,,no,1,3,Organic,,TRUE,Apple Pay,35-44,Comedy
SUB100300,CUST20300,2021-11-18,,Germany,,Free Trial,0.62,Smart TV,23.4,No,1,5,Referral,FALSE,FALSE,Apple Pay,25-34,Romance
SUB101763,CUST21763,2021-08-03,01/13/2022,France,Europe,Premium,21.92,Desktop,56,Yes,1,0,Organic,FALSE,Y,PayPal,45-54,Comedy
SUB102485,CUST22485,03/09/2025,06/27/2025,india,Asia Pacific,Premium,20.5,Game Console,39.7,No,1,4,Social Media,No,,PayPal,13-17,Comedy
SUB102935,CUST20335,2024-11-24,"December 05, 2025",france,,Standard,14.68,Tablet,31.9,,1,-5,Social Media,0,TRUE,Apple Pay,35-44,Kids & Family
SUB101933,CUST21933,2021-06-03,2023-11-19,United States,,Premium,$19.68,tablet,20.5,No,1,10,Social Media,TRUE,TRUE,PayPal,18-24,Anime
SUB100439,CUST20439,01 Apr 2021,"October 28, 2021",United States,North America,Std,13.96,Tablet,39.5,Yes,0,5,Organic,0,FALSE,Google Pay,65+,Drama
SUB102374,CUST22374,05/31/2026,31-03-2028,Brazil,Latin America,Basic,9.03,Phone,28,No,0,1,Paid Search,FALSE,TRUE,Debit Card,13-17,Reality TV
SUB102025,CUST22025,04/18/2021,12 May 2022,Australia,Asia Pacific,Basic,8.8,Mobile,63.3,No,0,4,Referral,TRUE,TRUE,Google Pay,35-44,Thriller
SUB102452,CUST22452,2021-12-11,03/12/2024,united kingdom,Europe,Std,14.3,Game Console,1.6,N,0,15,Affiliate,Yes,N,Gift Card,35-44,Reality TV
SUB102613,CUST20013,"March 14, 2025",2026-03-08,India,Asia Pacific,Basic,10.07,Desktop,44.9,1,0,-5,Organic,TRUE,,Google Pay,45-54,Reality TV
SUB101627,CUST21627,2023-05-18,11/18/2024,India,Asia Pacific,basic,-8.54,Desktop,0,1,0,-5,Paid Search,0,N,PayPal,25-34,Comedy
SUB100293,CUST20293,12/29/2022,19-08-2024,INDIA,Asia Pacific,Premium,18.58,Smart TV,18.3,No,0,2,Referral,TRUE,Y,PayPal,65+,Action
SUB101838,CUST21838,2024-04-10,07/25/2024,United States,North America,PREMIUM,19.04,Laptop,,No,0,4,Organic,TRUE,No,Gift Card,13-17,Sci-Fi
SUB100279,CUST20279,2023-06-20,2024-03-06,United States,North America,Basic,7.5 USD,Smart TV,17.2,Yes,1,8,Referral,Yes,TRUE,Credit Card,45-54,Drama
SUB100656,CUST20656,2021-05-30,24-07-2021,germany,Europe,Basic,11.19,Game Console,30.9,,0,-5,Affiliate,,TRUE,PayPal,13-17,Kids & Family
SUB101059,CUST21059,02/05/2022,2024-06-20,U.K.,Europe,basic,9.11,Mobile,81.8,No,1,2,Paid Search,1,TRUE,PayPal,13-17,Comedy
SUB100733,CUST20733,05-10-2022,09-10-2022,INDIA,Asia Pacific,Premium,20.12,Game Console,57.5,Yes,0,,Affiliate,1,,Apple Pay,65+,Thriller
SUB100554,CUST20554,2025-02-15,"December 20, 2024",United States,North America,Basic,10.77,Smart TV,29.6,Yes,3,1,Email Campaign,0,TRUE,Google Pay,45-54,Romance
SUB102143,CUST22143,02 Sep 2021,,Germany,Europe,Free Trial,-2.85,smart tv,41.5,Yes,1,3,Affiliate,1,,Gift Card,55-64,Thriller
SUB102987,CUST20387,04/23/2024,15-07-2026,U.S.A,North America,Premium,21.22,Smart TV,4.8,No,0,2,Email Campaign,Yes,N,PayPal,25-34,Drama
SUB101901,CUST21901,23-12-2022,2025-06-07,Deutschland,Europe,Standard,13.74 USD,Smart TV,28.4,No,0,7,Social Media,FALSE,FALSE,Gift Card,55-64,Drama
SUB102294,CUST22294,05-08-2021,05/01/2022,United States,North America,Standard,12.79,Mobile,89.6,,2,3,Email Campaign,FALSE,,Google Pay,65+,Action
SUB101192,CUST21192,02-04-2026,02/16/2027,India,Asia Pacific,Premium,19.22,desktop,46.8,No,0,4,Social Media,,FALSE,Credit Card,13-17,Anime
SUB101527,CUST21527,2023-10-29,07 Dec 2025,Brasil,Latin America,Basic,9.24,Smart TV,3.6,Yes,0,7,Referral,No,No,Gift Card,35-44,Sci-Fi
SUB101996,CUST21996,26-04-2025,2026-04-23,United Kingdom,Europe,Standard,14.2,TV,32.7,No,2,10,Affiliate,Yes,No,Google Pay,35-44,Sci-Fi
SUB101357,CUST21357,2021-03-28,2022-01-20,Mexico,North America,Premium,22.2,Desktop,9.7,No,0,1,Email Campaign,TRUE,Y,Credit Card,35-44,Romance
SUB101695,CUST21695,02/08/2024,2024-12-10,germany,Europe,basic,-7.14,Desktop,34.2,No,0,2,Referral,0,N,Google Pay,45-54,Anime
SUB100776,CUST20776,2021-10-09,09/21/2023,United States,North America,Standard,14.92,Smart TV,51.2,No,1,0,Referral,0,Yes,Apple Pay,45-54,Anime
SUB100427,CUST20427,2021-10-27,18-11-2021,Japan,Asia Pacific,Standard,14.01,Tablet,41.7,yes,0,8,Email Campaign,Yes,No,Credit Card,65+,Thriller
SUB101787,CUST21787,2021-01-07,06/28/2022,United Kingdom,Europe,Basic,8.54,desktop,84.9,No,0,7,Email Campaign,1,,Gift Card,55-64,Action
SUB101187,CUST21187,12-01-2023,"May 21, 2023",Spain,Europe,Standard,15.34,PC,,,1,6,Organic,TRUE,Y,Credit Card,65+,Anime
SUB102198,CUST22198,2022-03-17,2022-10-14,India,Asia Pacific,Premium,18.28,Game Console,21.1,Yes,0,-5,Affiliate,,N,Gift Card,65+,Romance
SUB102275,CUST22275,2022-04-30,07/08/2022,France,Europe,Basic,9.9,TV,27.9,No,1,9,Email Campaign,TRUE,Yes,Debit Card,55-64,Documentary
SUB100866,CUST20866,2023-09-13,"April 21, 2024",Australia,Asia Pacific,Standard,13.52,desktop,64.5,no,1,7,Referral,FALSE,FALSE,PayPal,35-44,Reality TV
SUB101710,CUST21710,07/23/2021,02 Jul 2023,United States,North America,Premium,19.65,Smart TV,321.9,No,0,10,Affiliate,FALSE,No,Apple Pay,13-17,Thriller
SUB101793,CUST21793,08/04/2024,07/27/2026,Germany,Europe,Premium,18.01,Smart TV,,No,0,7,Social Media,FALSE,TRUE,Google Pay,55-64,Romance
SUB101246,CUST21246,2026-05-18,23 Jul 2027,INDIA,,Std,15.82,Smart TV,42.2,No,0,0,Organic,TRUE,TRUE,Credit Card,35-44,Action
SUB100901,CUST20901,2023-08-13,05 Dec 2023,France,Europe,Premium,17.65,Mobile,0,No,1,10,Paid Search,FALSE,TRUE,Gift Card,25-34,Anime
SUB102748,CUST20148,02/11/2024,26-02-2026,Australia,Asia Pacific,Free Trial,0.2,Tablet,42.1,,0,,Social Media,FALSE,,Credit Card,13-17,Action
SUB101529,CUST21529,04/10/2025,27-07-2027,Brazil,Latin America,Standard,12.96,Mobile,34.8,No,1,5,Affiliate,0,No,Credit Card,45-54,Documentary
SUB100602,CUST20602,16 Apr 2021,17-02-2022,Spain,Europe,Standard,13.14,Tablet,17.4,0,2,3,Referral,Yes,N,Credit Card,45-54,Kids & Family
SUB101292,CUST21292,08/25/2025,2026-06-08,India,Asia Pacific,standard,11.69,Game Console,55.8,No,0,3,Social Media,1,,Apple Pay,13-17,Reality TV
SUB100218,CUST20218,08/07/2025,22-09-2027,Australia,Asia Pacific,Standard,13.35,Tablet,13.6,No,0,4,Paid Search,No,No,Gift Card,45-54,Sci-Fi
SUB102866,CUST20266,23 Mar 2026,"April 10, 2027",Mexico,North America,Std,13.92,Game Console,57.2,Yes,0,0,Referral,,TRUE,Credit Card,65+,Reality TV
SUB102269,CUST22269,2025-07-30,13-08-2027,Brazil,Latin America,Basic,9.2,Game Console,47.8,No,0,,Organic,FALSE,,Apple Pay,13-17,Comedy
SUB100214,CUST20214,07/05/2021,28 Oct 2021,Mexico,North America,standard,12.33,Tablet,42.9,No,1,5,Email Campaign,TRUE,N,Debit Card,13-17,Comedy
SUB100036,CUST20036,11/28/2022,2023-08-28,United States,North America,Premium,18.46,Tablet,12.3,,0,7,Email Campaign,Yes,,Debit Card,18-24,Thriller
SUB102443,CUST22443,13 Dec 2022,2024-06-26,UK,Europe,Basic,9.33,Tablet,54.5,No,1,10,Paid Search,,,Gift Card,25-34,Anime
SUB100368,CUST20368,05/16/2022,2024-04-15,France,Europe,Premium,20.96,Smart TV,2.6,,1,8,Paid Search,TRUE,Y,PayPal,18-24,Reality TV
SUB100013,CUST20013,2025-12-28,27 Jan 2028,spain,Europe,basic,8.48,Mobile,28,No,1,10,Email Campaign,No,No,PayPal,35-44,Reality TV
SUB100477,CUST20477,30 Mar 2023,2024-01-13,USA,North America,Premium,21.63,Desktop,25.3,Yes,0,-5,Organic,TRUE,N,Credit Card,18-24,Kids & Family
SUB101721,CUST21721,,2022-12-20,Brazil,Latin America,Basic,7.41,Smart TV,7.4,No,0,3,Affiliate,Yes,FALSE,Credit Card,35-44,Drama
SUB102283,CUST22283,07 Oct 2025,2027-03-19,United States,North America,Basic,10.03,iPad,27.8,yes,0,-5,Email Campaign,1,,PayPal,65+,Thriller
SUB102744,CUST20144,2025-07-10,"February 06, 2027",Germany,Europe,Premium,18.3,Game Console,44.1,No,1,7,Affiliate,,No,Gift Card,45-54,Kids & Family
SUB101085,CUST21085,2026-02-17,2027-07-02,India,Asia Pacific,Free Trial,-2.23,Game Console,15,No,0,-5,Organic,1,TRUE,Google Pay,25-34,Drama
SUB102977,CUST20377,"September 03, 2024","March 20, 2026",USA,North America,Free Trial,0.27,Smart TV,67.3,,0,-5,Paid Search,No,FALSE,Debit Card,13-17,Thriller
SUB101633,CUST21633,26-04-2022,"July 22, 2022",india,Asia Pacific,FreeTrial,1.21,Smart TV,7.8,No,0,0,Affiliate,Yes,FALSE,Debit Card,25-34,Romance
SUB100014,CUST20014,04-06-2021,14-12-2022,france,Europe,Standard,14.63,Mobile,42.3,Yes,0,5,Social Media,0,N,Debit Card,65+,Action
SUB102112,CUST22112,10/05/2024,,Spain,,Premium,20.59,Mobile,22.5,Yes,2,4,Paid Search,FALSE,N,PayPal,55-64,Comedy
SUB102783,CUST20183,2026-01-28,2026-02-12,Canada,North America,Standard,13.88,Game Console,,,0,2,Social Media,Yes,,Gift Card,25-34,Action
SUB101024,CUST21024,15-05-2025,2025-03-30,India,Asia Pacific,Basic,7.68,Smart TV,6.1,No,2,-5,Affiliate,,TRUE,Credit Card,18-24,Anime
SUB100965,CUST20965,2026-06-14,2028-01-02,Mexico,North America,BASIC,9.1,Tablet,10.4,Yes,1,,Referral,FALSE,Yes,Credit Card,65+,Thriller
SUB100608,CUST20608,2023-03-09,18 Jun 2025,United Kingdom,Europe,Basic,10.58,Smart TV,34.1,No,1,2,Organic,,TRUE,Credit Card,25-34,Action
SUB102062,CUST22062,21 Nov 2023,10/11/2024,united states,North America,Standard,16.38,Smart TV,,Yes,0,-5,Email Campaign,TRUE,Y,Google Pay,55-64,Action
SUB102888,CUST20288,2025-03-18,2027-02-22,United States,North America,Standard,13.67,Desktop,43.8,N,0,15,Organic,,TRUE,Debit Card,55-64,Action
SUB100436,CUST20436,2022-12-22,08-12-2023,Mexico,North America,free trial,0.08 USD,SmartTV,0,No,0,,Referral,TRUE,FALSE,Apple Pay,18-24,Sci-Fi
SUB100018,CUST20018,2022-03-07,05/19/2024,India,Asia Pacific,Basic,9.73,Smart TV,57.6,No,1,15,Email Campaign,TRUE,TRUE,PayPal,18-24,Action
SUB102813,CUST20213,04/12/2026,23 Mar 2028,Australia,,Basic,9.37,Smart TV,,No,0,8,Paid Search,TRUE,FALSE,Apple Pay,13-17,Reality TV
SUB101783,CUST21783,06-08-2023,02-02-2025,Canada,North America,Premium,18.76,PC,39.1,No,0,1,Organic,0,FALSE,Gift Card,18-24,Drama
SUB101804,CUST21804,2022-07-10,"August 06, 2023",australia,Asia Pacific,Premium,18.88,Desktop,59.5,No,0,,Affiliate,FALSE,FALSE,Google Pay,25-34,Documentary
SUB102397,CUST22397,2024-05-08,09/29/2025,germany,Europe,Basic,8.21,Tablet,25.9,No,0,10,Paid Search,FALSE,,Debit Card,45-54,Drama
SUB102256,CUST22256,2025-11-14,12/15/2025,United States,North America,Basic,9.32,Game Console,,No,1,10,Affiliate,1,,Apple Pay,35-44,Action
SUB101115,CUST21115,12/31/2021,"February 16, 2024",Canada,North America,basic,7.32,console,53.9,No,0,4,Referral,Yes,No,Google Pay,18-24,Sci-Fi
SUB102390,CUST22390,"July 23, 2021",08/08/2021,INDIA,Asia Pacific,Standard,13.53,desktop,34.7,No,0,4,Referral,FALSE,FALSE,Debit Card,65+,Romance
SUB101954,CUST21954,2024-04-23,12/04/2025,united kingdom,Europe,Standard,12.72,tablet,50.1,,0,10,Organic,1,N,Debit Card,45-54,Kids & Family
SUB100345,CUST20345,08/04/2022,01-03-2024,United States,North America,Standard,13.7 USD,Tablet,54,No,0,3,Referral,TRUE,FALSE,Gift Card,55-64,Anime
SUB102914,CUST20314,,08/27/2022,United States,North America,Free Trial,2.42,SmartTV,38.5,yes,0,4,Email Campaign,Yes,TRUE,Google Pay,35-44,Drama
SUB102946,CUST20346,29 May 2025,02 May 2026,United Kingdom,,Free Trial,-1.9 USD,Smart TV,11.8,,1,7,Social Media,1,N,Debit Card,35-44,Anime
SUB102600,CUST20000,12 Feb 2021,11/26/2022,United States,North America,Basic,8.7,Desktop,17.3,No,1,15,Social Media,TRUE,FALSE,PayPal,25-34,Reality TV
SUB102647,CUST20047,02-03-2026,2027-05-07,United Kingdom,Europe,Basic,9.66,Mobile,,0,1,10,Affiliate,FALSE,Yes,Gift Card,25-34,Documentary
SUB101718,CUST21718,07/04/2025,11/05/2027,United States,North America,basic,9.27,Desktop,16.1,No,1,4,Organic,No,TRUE,PayPal,13-17,Reality TV
SUB100033,CUST20033,2023-08-22,19-06-2025,India,Asia Pacific,Premium,20.84,Laptop,50.9,N,0,1,Affiliate,0,No,Credit Card,25-34,Sci-Fi
SUB100373,CUST20373,,23 Aug 2026,India,Asia Pacific,Premium,20.61,Mobile,27.6,No,3,2,Affiliate,TRUE,Yes,PayPal,18-24,Documentary
SUB100658,CUST20658,2026-05-09,,United States,North America,Basic,10.42,Desktop,19.8,Yes,0,8,Social Media,Yes,Y,Gift Card,45-54,Romance
SUB102221,CUST22221,2026-06-29,09-12-2027,United States,North America,BASIC,11.9,Smart TV,18.7,Yes,1,-5,Social Media,TRUE,Yes,Google Pay,65+,Thriller
SUB101087,CUST21087,2024-03-15,,Brazil,Latin America,Standard,13.84,Mobile,25.6,No,1,15,Social Media,1,Yes,Google Pay,35-44,Thriller
SUB102457,CUST22457,08/19/2023,2025-01-16,United Kingdom,Europe,FreeTrial,1.66,Game Console,400.6,No,0,15,Referral,Yes,,Debit Card,65+,Anime
SUB102088,CUST22088,08-08-2023,08/13/2025,France,Europe,Basic,9.37,Tablet,18.8,,1,7,Social Media,Yes,No,Google Pay,13-17,Reality TV
SUB102249,CUST22249,05-04-2026,"July 27, 2028",United States,North America,premium,19.71,Smart TV,310.6,,1,8,Email Campaign,FALSE,N,Debit Card,65+,Thriller
SUB101317,CUST21317,31-07-2023,08/09/2025,Brazil,Latin America,Standard,14.34,Smart TV,82.9,No,1,5,Social Media,TRUE,Y,Credit Card,18-24,Reality TV
SUB100861,CUST20861,2025-06-29,28-05-2027,Canada,North America,Standard,13.88 USD,Tablet,34.4,No,1,15,Paid Search,TRUE,Y,Gift Card,18-24,Documentary
SUB101608,CUST21608,2025-04-16,24-03-2027,U.K.,Europe,Standard,$14.64,smart tv,56.9,No,1,7,Paid Search,,,Gift Card,35-44,Action
SUB100045,CUST20045,12 Jun 2026,2026-08-02,United States,,Basic,9.57,Game Console,43.9,Yes,0,8,Affiliate,FALSE,FALSE,PayPal,13-17,Drama
SUB101535,CUST21535,2024-04-01,25-04-2025,japan,Asia Pacific,Basic,,Tablet,38.1,No,1,10,Referral,FALSE,N,Gift Card,55-64,Documentary
SUB102949,CUST20349,2022-11-15,07/05/2024,Spain,Europe,Standard,11.78,Console,5.3,No,0,2,Social Media,TRUE,No,PayPal,13-17,Documentary
SUB100564,CUST20564,2025-04-12,2025-11-30,Brazil,Latin America,Std,12.92,Mobile,,0,0,3,Paid Search,TRUE,Y,Apple Pay,35-44,Drama
SUB100490,CUST20490,2025-11-11,03/07/2027,Australia,Asia Pacific,Premium,18.15 USD,Tablet,39.6,No,0,15,Paid Search,No,TRUE,PayPal,45-54,Kids & Family
SUB100504,CUST20504,"May 20, 2026",10/30/2028,United States,North America,standard,12.51,Mobile,63.8,No,0,,Social Media,FALSE,,Credit Card,35-44,Sci-Fi
SUB102261,CUST22261,10 Jan 2026,2028-01-21,United States,North America,Premium,-19.18,desktop,21.2,,2,6,Referral,Yes,TRUE,Gift Card,18-24,Drama
SUB100134,CUST20134,19-12-2025,2027-01-01,Germany,Europe,Standard,$14.05,Smart TV,35,1,1,9,Social Media,TRUE,FALSE,Apple Pay,35-44,Reality TV
SUB102109,CUST22109,"August 16, 2022",2023-02-24,Mexico,North America,Basic,7.97,Game Console,14,No,1,2,Referral,FALSE,No,Apple Pay,55-64,Reality TV
SUB100691,CUST20691,"April 21, 2026","January 03, 2027",United Kingdom,Europe,Std,,Desktop,60,No,0,1,Affiliate,No,Y,Debit Card,35-44,Sci-Fi
SUB102075,CUST22075,01/11/2024,03/26/2026,Canada,North America,Premium,19.09,Mobile,13.6,No,0,0,Organic,0,N,Gift Card,13-17,Documentary
SUB102149,CUST22149,2023-04-21,2023-11-06,France,Europe,Standard,14.11,Game Console,327.6,,0,9,Affiliate,TRUE,FALSE,Apple Pay,13-17,Action
SUB100975,CUST20975,2021-12-30,"April 27, 2023",U.S.A,North America,Standard,13.22,Smart TV,29.6,No,1,6,Affiliate,0,FALSE,Gift Card,13-17,Sci-Fi
SUB100206,CUST20206,2021-08-19,2022-04-24,United States,North America,Standard,13.18,mobile,50,Yes,1,1,Affiliate,Yes,No,Google Pay,55-64,Drama
SUB100777,CUST20777,06-06-2024,"May 29, 2025",Japan,Asia Pacific,PREMIUM,19.82,Smart TV,27.2,No,0,4,Affiliate,FALSE,Yes,Debit Card,18-24,Sci-Fi
SUB100789,CUST20789,"July 24, 2021",18-10-2021,Australia,Asia Pacific,basic,$8.15,Desktop,32.6,Yes,0,15,Email Campaign,No,No,Debit Card,25-34,Comedy
SUB102569,CUST22569,06/06/2021,23 Aug 2021,France,Europe,Basic,7.84,Desktop,76.2,No,1,0,Email Campaign,Yes,,Google Pay,65+,Thriller
SUB100364,CUST20364,11/01/2024,,United States,North America,BASIC,7.65,Mobile,44,No,0,3,Referral,TRUE,Y,Apple Pay,35-44,Comedy
SUB102358,CUST22358,2026-07-09,2028-12-13,France,Europe,Free Trial,-1.48,Smart TV,14,No,4,8,Organic,FALSE,No,Credit Card,13-17,Sci-Fi
SUB100796,CUST20796,11/01/2022,05/23/2024,United States,North America,Standard,14.28,Game Console,66.6,1,0,10,Social Media,TRUE,FALSE,PayPal,65+,Thriller
SUB101937,CUST21937,25-06-2022,2024-04-13,Brazil,Latin America,Basic,7.35,iPad,70.8,No,3,10,Paid Search,0,TRUE,Gift Card,35-44,Action
SUB102877,CUST20277,2023-06-05,2025-08-11,United States,North America,Premium,18.8,Smart TV,42.8,No,0,10,Social Media,,,Credit Card,25-34,Thriller
SUB101629,CUST21629,2025-11-15,2027-09-02,Germany,Europe,Standard,11.46,Desktop,,No,1,1,Paid Search,No,Yes,Gift Card,45-54,Reality TV
SUB101277,CUST21277,12/13/2022,03-05-2025,Spain,Europe,Basic,6.82,Tablet,44.4,No,0,7,Organic,,No,Gift Card,13-17,Drama
SUB102593,CUST22593,15-03-2023,05/07/2023,Brasil,Latin America,Premium,,Mobile,62.1,No,1,2,Email Campaign,TRUE,Yes,Apple Pay,25-34,Documentary
SUB100940,CUST20940,06/15/2026,06/04/2028,United States,North America,Basic,10.22,Game Console,19.3,,0,2,Social Media,,TRUE,Debit Card,55-64,Reality TV
SUB101506,CUST21506,2026-07-09,16 Jan 2027,United States,North America,Standard,14.32,Tablet,33,No,1,9,Referral,FALSE,,Apple Pay,55-64,Thriller
SUB102490,CUST22490,2023-02-04,02/18/2024,Spain,Europe,Free Trial,2.01,Desktop,42,Yes,0,8,Email Campaign,No,Yes,Debit Card,55-64,Anime
SUB100648,CUST20648,2023-06-13,02-10-2023,Brazil,Latin America,Standard,12.83,Desktop,36.1,,0,9,Organic,No,FALSE,Debit Card,18-24,Kids & Family
SUB101004,CUST21004,13-06-2024,2026-07-28,Brasil,Latin America,Standard,14.56,Mobile,35.3,Yes,0,7,Social Media,,No,Credit Card,18-24,Reality TV
SUB102525,CUST22525,2026-03-28,,U.S.A,North America,standard,13.73,Smart TV,,No,1,1,Affiliate,FALSE,Yes,Credit Card,35-44,Romance
SUB102111,CUST22111,2021-09-13,19 May 2022,India,Asia Pacific,Premium,19.96,tablet,39.3,Yes,2,5,Social Media,0,Yes,PayPal,13-17,Comedy
SUB101173,CUST21173,03/30/2021,"June 28, 2023",United Kingdom,Europe,Standard,15.44,Tablet,66.4,No,0,4,Affiliate,TRUE,,PayPal,18-24,Drama
SUB100484,CUST20484,03/30/2022,04/17/2022,Brazil,Latin America,standard,14.03,mobile,29.3,No,0,,Social Media,,TRUE,Gift Card,35-44,Documentary
SUB101811,CUST21811,01-12-2021,12/10/2021,United States,North America,Basic,10.99,Game Console,33.2,No,0,6,Social Media,TRUE,Yes,Debit Card,25-34,Action
SUB100053,CUST20053,12/18/2021,2023-04-03,USA,North America,BASIC,7.87,smart tv,30.9,No,1,9,Referral,No,Y,PayPal,65+,Action
SUB100243,CUST20243,,09/04/2021,Canada,North America,Basic,8.05,Game Console,43.6,No,0,10,Referral,0,Y,Debit Card,18-24,Romance
SUB102084,CUST22084,2024-11-18,"December 06, 2026",canada,North America,Std,14.98,Laptop,46.5,,1,-5,Organic,Yes,N,Credit Card,45-54,Action
SUB101986,CUST21986,,16-02-2025,United States,North America,standard,14.71,Mobile,21.4,No,1,9,Email Campaign,1,Y,Debit Card,55-64,Drama
SUB101203,CUST21203,03/09/2025,2026-11-09,India,Asia Pacific,Standard,11.76,Smart TV,29.4,no,3,5,Social Media,No,TRUE,Credit Card,25-34,Reality TV
SUB100739,CUST20739,11-06-2021,02-10-2021,USA,North America,Standard,14.13,mobile,41.6,No,0,-5,Email Campaign,1,No,Debit Card,35-44,Anime
SUB102169,CUST22169,25 Oct 2023,2023-11-05,India,Asia Pacific,Basic,8.55,Mobile,23.1,No,0,3,Organic,FALSE,TRUE,Credit Card,65+,Documentary
SUB102856,CUST20256,2023-03-26,,Canada,North America,Premium,21.33,mobile,58,No,1,9,Email Campaign,,Y,Credit Card,55-64,Anime
SUB101300,CUST21300,11/27/2025,23-01-2028,United States,North America,Standard,11.76,Game Console,21.4,No,0,1,Affiliate,0,,Google Pay,13-17,Anime
SUB101020,CUST21020,01/10/2024,2025-03-20,United Kingdom,Europe,Basic,7.52,Smart TV,,,1,3,Affiliate,TRUE,FALSE,Apple Pay,18-24,Sci-Fi
SUB102093,CUST22093,,22 Aug 2025,India,,Premium,19.58,Console,35.7,,2,15,Email Campaign,FALSE,FALSE,Credit Card,35-44,Thriller
SUB100837,CUST20837,2025-08-17,2027-10-03,United Kingdom,Europe,Std,12.19,Desktop,14.5,No,0,-5,Email Campaign,,Y,Google Pay,,Sci-Fi
SUB102125,CUST22125,02/02/2024,2026-05-11,India,Asia Pacific,Free Trial,2.21,tablet,42.9,No,1,9,Organic,FALSE,N,Apple Pay,18-24,Documentary
SUB101745,CUST21745,05 Aug 2024,11/08/2025,United Kingdom,Europe,Std,14.6,Mobile,7.1,No,1,10,Paid Search,FALSE,Yes,PayPal,55-64,Comedy
SUB100369,CUST20369,05 Sep 2022,"July 02, 2023",Japan,Asia Pacific,Trial,$-2.7,SmartTV,55,,0,10,Email Campaign,TRUE,No,Debit Card,13-17,Comedy
SUB102955,CUST20355,2022-02-10,04/21/2022,Spain,Europe,Standard,11.82,Desktop,43.5,Yes,1,15,Paid Search,1,No,Gift Card,13-17,Romance
SUB100268,CUST20268,12 Oct 2024,,Spain,Europe,Standard,13.34,Mobile,58,No,0,15,Paid Search,FALSE,TRUE,Debit Card,55-64,Kids & Family
SUB100729,CUST20729,12-06-2023,2023-12-10,france,Europe,Standard,12.97,Desktop,44.2,Yes,0,15,Paid Search,1,TRUE,PayPal,45-54,Action
SUB102493,CUST22493,2022-07-23,2023-06-01,United States,North America,Standard,15.05,desktop,19.5,No,0,7,Email Campaign,,FALSE,Credit Card,55-64,Reality TV
SUB102552,CUST22552,01 May 2022,2023-08-26,INDIA,Asia Pacific,Free Trial,,Mobile,331,1,1,3,Email Campaign,0,FALSE,PayPal,13-17,Drama
SUB101520,CUST21520,,"February 23, 2027",Germany,Europe,standard,13.42,Desktop,21.6,0,1,5,Affiliate,FALSE,N,Credit Card,45-54,Romance
SUB101034,CUST21034,2024-12-03,2026-03-06,Brazil,Latin America,Standard,,Console,43.1,No,0,-5,Referral,No,,Apple Pay,35-44,Action
SUB101713,CUST21713,19-02-2026,2026-07-07,INDIA,Asia Pacific,Free Trial,-0.39,Tablet,26.6,No,0,0,Referral,,TRUE,Debit Card,45-54,Kids & Family
SUB102334,CUST22334,2025-11-30,2028-02-14,United States,North America,Premium,19.88,Tablet,56.6,No,1,7,Social Media,TRUE,TRUE,Debit Card,35-44,Romance
SUB100296,CUST20296,04-10-2025,10/28/2027,Germany,Europe,PREMIUM,22.18,Tablet,,No,1,,Organic,Yes,N,Credit Card,55-64,Romance
SUB101849,CUST21849,2024-05-16,08/02/2026,India,Asia Pacific,Basic,9.54,Game Console,40.6,No,0,9,Referral,TRUE,TRUE,PayPal,45-54,Comedy
SUB100626,CUST20626,05/10/2023,"April 27, 2023",United States,North America,basic,8.24,Game Console,50.5,No,0,,Social Media,FALSE,TRUE,PayPal,25-34,Romance
SUB100278,CUST20278,2022-04-29,2023-12-04,Spain,Europe,Premium,19.09,Desktop,14.4,,1,8,Email Campaign,Yes,Y,Google Pay,35-44,Documentary
SUB100498,CUST20498,09/26/2023,17-08-2024,United Kingdom,Europe,Standard,14.14,Desktop,37.6,no,2,10,Social Media,FALSE,FALSE,PayPal,25-34,Reality TV
SUB100485,CUST20485,2022-06-08,"July 11, 2022",India,Asia Pacific,BASIC,8.86,tablet,39.5,,0,1,Affiliate,No,Yes,Gift Card,65+,Drama
SUB101521,CUST21521,05/16/2025,06/15/2026,India,Asia Pacific,Standard,13.61,Mobile,58.6,Yes,0,0,Social Media,TRUE,Y,Google Pay,35-44,Sci-Fi
SUB100183,CUST20183,2025-11-23,22 Jun 2026,India,Asia Pacific,Basic,8.1,PC,18.6,no,2,1,Organic,Yes,,Debit Card,45-54,Sci-Fi
SUB100971,CUST20971,2023-02-02,04-08-2023,Germany,Europe,basic,8.21,Mobile,,No,0,2,Social Media,,FALSE,Debit Card,13-17,Comedy
SUB101852,CUST21852,03-01-2021,,U.S.A,North America,premium,19.87,Phone,62.7,0,1,15,Paid Search,TRUE,Yes,Gift Card,35-44,Action
SUB102225,CUST22225,2024-01-08,03/27/2024,india,Asia Pacific,Std,-14.3,Game Console,24.7,N,0,1,Email Campaign,FALSE,No,Google Pay,18-24,Action
SUB100685,CUST20685,06/05/2026,31-10-2026,France,Europe,Standard,12.06,Game Console,34.5,No,2,15,Paid Search,Yes,No,Credit Card,13-17,Kids & Family
SUB101769,CUST21769,"May 09, 2022",09/10/2022,United States,North America,Std,14.69,Game Console,18.5,No,0,-5,Paid Search,0,FALSE,Credit Card,65+,Anime
SUB100300,CUST20300,2021-11-18,,Germany,,Free Trial,0.62,Smart TV,23.4,No,1,5,Referral,FALSE,FALSE,Apple Pay,25-34,Romance
SUB102085,CUST22085,09/13/2023,11/14/2023,Brazil,Latin America,Free Trial,-1.2,Mobile,60.6,No,0,6,Email Campaign,FALSE,TRUE,Google Pay,65+,Anime
SUB101181,CUST21181,03/02/2026,2028-05-27,Brazil,Latin America,Basic,6.06,Mobile,45.1,no,0,-5,Paid Search,Yes,Yes,Credit Card,13-17,Kids & Family
SUB102051,CUST22051,2022-11-15,27-02-2024,India,Asia Pacific,Premium,19.88,TV,55.2,,2,4,Paid Search,0,TRUE,Credit Card,65+,Kids & Family
SUB100755,CUST20755,30-06-2022,10/11/2022,Spain,Europe,Standard,14.24,Smart TV,20.7,No,1,,Email Campaign,FALSE,TRUE,Apple Pay,35-44,Sci-Fi
SUB100509,CUST20509,2025-02-03,12/31/2025,japan,Asia Pacific,Basic,9.4,smart tv,,No,0,15,Social Media,Yes,FALSE,Apple Pay,55-64,Action
SUB102546,CUST22546,2023-04-16,18-04-2025,Canada,North America,Standard,15.77,Smart TV,44.6,yes,0,-5,Organic,1,No,PayPal,18-24,Documentary
SUB102357,CUST22357,2023-07-20,01/09/2025,UK,Europe,Free Trial,0.3,iPad,50.1,no,3,,Email Campaign,FALSE,Y,Google Pay,13-17,Romance
SUB101982,CUST21982,"November 22, 2021",2023-09-04,United States,North America,Standard,12.64,Smart TV,43.8,No,0,7,Affiliate,,FALSE,Gift Card,55-64,Drama
SUB101439,CUST21439,"March 27, 2024",06-07-2024,canada,North America,Standard,13.2,Desktop,10.8,No,1,10,Social Media,,Yes,Credit Card,55-64,Romance
SUB101446,CUST21446,2025-09-10,2026-03-21,japan,Asia Pacific,PREMIUM,18.55,desktop,45.9,Yes,0,-5,Social Media,FALSE,,Credit Card,25-34,Thriller
SUB100142,CUST20142,2025-10-31,2026-07-25,U.S.A,North America,FreeTrial,-1.33,Smart TV,25.6,No,0,3,Email Campaign,,TRUE,Credit Card,45-54,Documentary
SUB100865,CUST20865,08/04/2023,2024-03-23,japan,Asia Pacific,Standard,$13.01,console,37.2,yes,2,5,Organic,,FALSE,Credit Card,65+,Sci-Fi
SUB102232,CUST22232,"April 21, 2022",2024-08-28,mexico,North America,Basic,$7.91,mobile,366.3,No,0,0,Organic,FALSE,No,Credit Card,45-54,Anime
SUB102323,CUST22323,,10/04/2023,Spain,Europe,Standard,15.58,Desktop,42.6,N,1,7,Organic,TRUE,Yes,Apple Pay,35-44,Drama
SUB101011,CUST21011,20 Jan 2026,,Canada,North America,Premium,19.51,Smart TV,37.3,,1,15,Affiliate,TRUE,Yes,PayPal,13-17,Kids & Family
SUB102961,CUST20361,2022-03-16,"December 30, 2022",U.S.A,North America,Basic,11.28,smart tv,59.4,No,0,5,Paid Search,0,FALSE,Credit Card,18-24,Drama
SUB100849,CUST20849,2021-06-27,2021-09-26,India,Asia Pacific,Standard,16.27,iPad,25.9,Yes,2,10,Organic,FALSE,Yes,Gift Card,18-24,Sci-Fi
SUB102560,CUST22560,07/02/2021,2023-07-03,France,Europe,Premium,18.94,Mobile,22.1,No,0,15,Social Media,1,TRUE,Gift Card,45-54,Romance
SUB102780,CUST20180,"April 02, 2022",04-07-2024,United States,North America,Free Trial,0.35,Mobile,28.3,,0,1,Affiliate,FALSE,FALSE,Gift Card,55-64,Comedy
SUB101995,CUST21995,2026-05-25,"May 18, 2027",India,Asia Pacific,Standard,14.81 USD,Smart TV,69.5,No,0,9,Social Media,1,FALSE,Gift Card,55-64,Action
SUB100888,CUST20888,03/12/2023,10/21/2023,India,Asia Pacific,Standard,14.82,desktop,,No,1,7,Organic,FALSE,Yes,Credit Card,,Anime
SUB100118,CUST20118,18 Nov 2022,2023-08-23,Australia,Asia Pacific,Basic,8.21,Phone,0,No,0,8,Affiliate,TRUE,No,Credit Card,65+,Drama
SUB102162,CUST22162,2024-08-15,2026-02-14,UK,Europe,Premium,20.48,Game Console,45.4,yes,0,10,Organic,FALSE,FALSE,Apple Pay,18-24,Comedy
SUB100546,CUST20546,28-02-2026,2027-02-02,Brazil,Latin America,Basic,8.2,Mobile,59.5,No,0,3,Affiliate,FALSE,Yes,Debit Card,18-24,Action
SUB101790,CUST21790,05/11/2025,2025-10-16,United States,North America,Premium,21.15,Mobile,83.4,No,0,4,Paid Search,0,N,Gift Card,25-34,Reality TV
SUB102214,CUST22214,21-01-2022,,Brasil,Latin America,BASIC,9.7,Desktop,84.4,Yes,0,7,Social Media,Yes,Y,PayPal,55-64,Romance
SUB101977,CUST21977,31 Oct 2022,2023-07-24,japan,Asia Pacific,Standard,,Smart TV,29.9,No,0,4,Email Campaign,FALSE,,Credit Card,13-17,Sci-Fi
SUB102233,CUST22233,01/14/2024,12-05-2024,United Kingdom,Europe,Standard,,mobile,7.5,No,1,6,Paid Search,TRUE,,PayPal,13-17,Documentary
SUB101984,CUST21984,28-02-2021,2021-08-30,USA,North America,PREMIUM,20.33,console,14.3,No,0,-5,Paid Search,Yes,N,PayPal,35-44,Romance
SUB101397,CUST21397,20 Mar 2022,2024-07-12,Mexico,North America,Premium,20.32,Desktop,7.5,Y,0,,Paid Search,FALSE,Yes,Credit Card,35-44,Romance
SUB100275,CUST20275,2022-10-04,12/02/2023,Brazil,Latin America,Standard,14.45,console,46.1,No,0,-5,Affiliate,No,FALSE,Apple Pay,35-44,Anime
SUB100705,CUST20705,2021-08-10,2022-03-16,Italy,,Trial,1.51,Tablet,318.1,No,0,4,Organic,No,,Debit Card,45-54,Comedy
SUB101025,CUST21025,2024-11-20,24-03-2026,france,Europe,Standard,16.06,Smart TV,40.5,Y,0,9,Paid Search,FALSE,Yes,Apple Pay,35-44,Romance
SUB101591,CUST21591,2023-07-02,17-10-2024,France,Europe,Std,13.3,Mobile,58.3,Yes,1,4,Email Campaign,FALSE,Y,Google Pay,55-64,Documentary
SUB101565,CUST21565,02/24/2024,10/27/2025,India,Asia Pacific,Premium,22.12,Smart TV,,No,2,2,Referral,0,Y,Credit Card,18-24,Kids & Family
SUB101743,CUST21743,01/31/2026,2026-07-06,Canada,North America,Standard,13.77,Game Console,44,No,2,6,Organic,,N,Credit Card,25-34,Kids & Family
SUB100384,CUST20384,2026-01-04,05 Oct 2027,INDIA,Asia Pacific,premium,22.01,Desktop,69.6,No,3,15,Organic,FALSE,FALSE,Credit Card,35-44,Sci-Fi
SUB101430,CUST21430,2024-02-13,2026-01-01,Canada,North America,Free Trial,-1.59,Tablet,24.3,,0,5,Organic,0,No,Google Pay,35-44,Sci-Fi
SUB102610,CUST20010,04/09/2023,2023-09-03,Mexico,North America,Basic,7.48,Tablet,44.7,No,0,6,Organic,0,No,Debit Card,35-44,Action
SUB102911,CUST20311,"August 16, 2024",2025-05-06,Germany,Europe,Free Trial,0.58,Desktop,22.8,Yes,1,-5,Social Media,1,N,Debit Card,35-44,Thriller
SUB101830,CUST21830,2025-08-07,2026-03-02,United States,North America,Standard,14.09,Desktop,22.3,No,1,2,Affiliate,FALSE,TRUE,Google Pay,13-17,Reality TV
SUB100177,CUST20177,02/08/2023,06-09-2023,India,Asia Pacific,BASIC,10.27,Mobile,39.7,No,0,4,Organic,No,No,Debit Card,45-54,Kids & Family
SUB101360,CUST21360,11 Dec 2024,2025-12-05,United Kingdom,Europe,Basic,8.96,Mobile,26.9,No,0,8,Social Media,TRUE,Yes,Credit Card,13-17,Anime
SUB102428,CUST22428,"April 14, 2023",2023-08-16,United States,North America,Standard,15.9,Mobile,31.6,Yes,0,0,Paid Search,,No,Gift Card,25-34,Kids & Family
SUB102568,CUST22568,26-05-2023,29 Aug 2025,Mexico,North America,Basic,8.88,Smart TV,26.4,No,0,3,Email Campaign,TRUE,N,Credit Card,55-64,Romance
SUB100831,CUST20831,10-07-2023,11/05/2025,United States,North America,basic,8.99,Tablet,,,1,5,Paid Search,No,FALSE,PayPal,65+,Action
SUB102556,CUST22556,19-08-2022,08 Jul 2022,India,Asia Pacific,PREMIUM,21.89,Smart TV,19.8,No,0,9,Referral,No,,PayPal,35-44,Anime
SUB101643,CUST21643,05/21/2026,2028-09-23,United States,North America,Premium,20.61,Smart TV,44.7,No,0,6,Referral,1,FALSE,Debit Card,65+,Comedy
SUB102462,CUST22462,03/16/2025,,Brazil,Latin America,Trial,-2.55,Desktop,47.2,Yes,2,-5,Organic,1,FALSE,Credit Card,13-17,Thriller
SUB101634,CUST21634,2022-07-28,02/05/2024,Italy,Europe,Standard,15.28,Mobile,26.9,No,0,7,Email Campaign,TRUE,TRUE,Apple Pay,,Documentary
SUB100623,CUST20623,12/25/2022,2025-06-02,Japan,Asia Pacific,Basic,7.12,tablet,54.3,No,1,0,Paid Search,TRUE,No,PayPal,25-34,Action
SUB102921,CUST20321,2024-01-03,15-01-2024,India,Asia Pacific,Standard,13.92,PC,50.7,,0,5,Email Campaign,FALSE,,Credit Card,45-54,Romance
SUB100859,CUST20859,2021-09-23,2023-08-17,United States,North America,Standard,14.11,Desktop,16.2,No,2,1,Paid Search,FALSE,No,Debit Card,45-54,Drama
SUB100642,CUST20642,2026-06-10,12/25/2026,United States,North America,Free Trial,-0.03,Desktop,75.1,No,3,3,Affiliate,FALSE,Y,Debit Card,13-17,Documentary
SUB102307,CUST22307,03/04/2026,03/17/2026,United States,North America,Premium,19.97,Game Console,,No,0,2,Referral,FALSE,No,Credit Card,18-24,Anime
SUB100835,CUST20835,,01/04/2028,U.S.A,North America,Standard,15.18,Tablet,42.3,Yes,0,7,Email Campaign,TRUE,Yes,Gift Card,13-17,Comedy
SUB102711,CUST20111,2024-01-18,03/21/2024,México,North America,BASIC,10.07,Console,,N,0,2,Organic,FALSE,,Google Pay,55-64,Thriller
SUB101499,CUST21499,2023-06-21,24 Jun 2025,Brazil,Latin America,Standard,13.31,tablet,22.4,No,0,8,Email Campaign,,N,Debit Card,65+,Anime
SUB100338,CUST20338,2024-11-27,"April 02, 2027",Mexico,North America,Standard,14.49,Tablet,42.8,Yes,0,4,Paid Search,TRUE,,Gift Card,13-17,Romance
SUB102447,CUST22447,01/26/2024,06-01-2026,India,Asia Pacific,Free Trial,$1.44,Game Console,41.5,No,0,7,Organic,TRUE,TRUE,PayPal,65+,Thriller
SUB101448,CUST21448,09/02/2022,12 Oct 2024,United States,North America,Free Trial,$-0.0,Game Console,,,0,9,Social Media,FALSE,N,PayPal,25-34,Documentary
SUB102654,CUST20054,08-11-2024,2026-11-25,Canada,North America,Premium,17.57,Game Console,33.4,No,1,-5,Email Campaign,FALSE,Y,Credit Card,65+,Reality TV
SUB101965,CUST21965,"August 05, 2025",2027-04-11,germany,Europe,basic,8.91,Game Console,26.8,No,1,2,Social Media,TRUE,Yes,Google Pay,55-64,Kids & Family
SUB101685,CUST21685,2022-10-13,01/01/2023,United States,North America,Standard,13.38,Smart TV,13.5,Yes,0,15,Email Campaign,0,,Credit Card,55-64,Comedy
SUB102529,CUST22529,2024-01-17,2024-08-14,INDIA,Asia Pacific,BASIC,9.57,smart tv,8.2,0,0,2,Email Campaign,1,N,Apple Pay,35-44,Action
SUB101144,CUST21144,06/08/2026,01/02/2028,United States,North America,Free Trial,-0.59,Game Console,17.2,No,1,2,Referral,Yes,,Apple Pay,35-44,Action
SUB102966,CUST20366,2024-03-28,2026-06-22,Canada,,Free Trial,1.57,Game Console,35.1,No,0,-5,Social Media,FALSE,FALSE,Credit Card,65+,Kids & Family
SUB101706,CUST21706,02-01-2024,2025-08-05,Deutschland,Europe,Basic,7.06,Smart TV,63.1,No,0,3,Referral,0,TRUE,PayPal,45-54,Comedy
SUB102924,CUST20324,07-08-2025,07/19/2026,Germany,Europe,premium,19.71,Desktop,51.6,No,0,8,Organic,Yes,,Debit Card,35-44,Drama
SUB101739,CUST21739,02-12-2022,12/24/2023,United States,North America,Basic,8.71,TV,46.9,no,2,6,Affiliate,Yes,N,PayPal,65+,Action
SUB102708,CUST20108,27-02-2026,"March 10, 2027",United Kingdom,Europe,standard,12.75,Desktop,20.5,,0,7,Organic,1,No,Gift Card,25-34,Kids & Family
SUB100790,CUST20790,23-11-2024,2025-05-24,India,Asia Pacific,standard,12.04,Smart TV,0,Yes,0,2,Organic,Yes,No,Debit Card,25-34,Sci-Fi
SUB102305,CUST22305,2024-06-18,2024-12-03,Japan,Asia Pacific,Standard,13.26,Game Console,65.4,No,3,5,Social Media,TRUE,N,PayPal,25-34,Anime
SUB100969,CUST20969,08/16/2022,2024-04-04,United States,North America,Trial,2.4,Mobile,36.1,Yes,1,3,Referral,No,FALSE,Credit Card,25-34,Documentary
SUB101958,CUST21958,"May 31, 2026",2028-10-24,Germany,Europe,Basic,9.07,Desktop,64.6,No,1,15,Paid Search,TRUE,FALSE,PayPal,,Romance
SUB101668,CUST21668,22 Sep 2022,2023-01-02,Canada,North America,Basic,5.75,Smart TV,22.6,No,0,-5,Paid Search,No,,Debit Card,55-64,Action
SUB101689,CUST21689,2023-04-12,2025-06-19,United States,North America,free trial,-0.31,tablet,0,,1,7,Paid Search,,No,PayPal,25-34,Thriller
SUB101899,CUST21899,,2023-03-17,India,Asia Pacific,Standard,$13.63,Tablet,54.2,yes,0,15,Social Media,FALSE,No,Gift Card,25-34,Sci-Fi